Store,OpenDays,PromoDays,SchoolHolidayDays,WeekendDays,MonthStartDays,MonthEndDays,StateHolidayDays,Year,Month,Quarter,CompetitionDistance,CompetitionOpenKnown,CompetitionOpenSinceMonth,CompetitionOpenSinceYear,Promo2,Promo2SinceWeek,Promo2SinceYear,TimeIndex,sales_lag_1,sales_lag_2,sales_lag_3,sales_lag_12,rolling_mean_3,rolling_std_3,rolling_mean_6,rolling_std_6,EMA_3,EMA_6,days_since_last_promo,StoreType_a,StoreType_b,StoreType_c,StoreType_d,Assortment_a,Assortment_b,Assortment_c,"PromoInterval_Feb,May,Aug,Nov","PromoInterval_Jan,Apr,Jul,Oct","PromoInterval_Mar,Jun,Sept,Dec",PromoInterval_none
-20.640356,-711.8986,-1842.771,142.78174,95.23021,-721.0577,-644.9,-12.086792,0.0,-1098.4971,-59.979,228.31557,2.0763135,62.484932,403.76425,-2.8547049,16.89075,-3.8411279,1655.9607,-3990.2788,868.1676,61.14476,-9277.209,208.98918,249.04547,123.87453,337.47507,3210.394,2667.2327,0.0,-113.09786,-3.1494048,-5.291862,-213.57782,997.9231,-13.591937,101.48129,3.132931,-9.904875,43.35506,1.5622113
11.120689,-211.03859,284.934,629.3863,4.4896984,247.28323,157.70087,-11.736381,0.0,-379.13327,4.132924,-132.79065,2.9220574,68.9815,424.4556,-2.8547049,-4.3408623,-114.72377,1041.234,-8506.191,69.84218,-173.16022,-17209.393,-795.472,123.649086,-1262.8307,211.59116,-10769.253,-11435.048,0.0,77.909164,-0.8666832,9.534385,-104.638725,-354.55148,-11.644064,-104.775856,1.2853552,93.28824,-4.7294755,1.590288
-199.3261,-788.1883,-1561.9456,229.78531,24.484785,-545.0258,-1185.875,-13.42409,0.0,-259.42896,2.830022,-1381.1403,-1.791294,12.308841,-1841.5162,-2.6360722,26.505795,34.944675,1132.8009,-9463.167,-237.97142,-371.02887,-17471.172,-1173.8677,139.93517,-1220.4766,249.27626,-16612.74,-13835.048,0.0,-77.68614,0.08699751,-3.2620344,-140.66315,-736.7624,-11.964546,-113.00983,4.737191,-18.50081,44.935333,1.5622113
40.825592,-372.82544,267.7556,441.98184,-21.319132,322.43237,109.810196,-13.04041,0.0,-1167.1688,-57.568623,-418.00214,-1.1410389,-30.62542,-1722.6749,1.7150999,16.183758,-77.86836,1730.0266,-6417.6357,-271.90503,-27.570679,-10107.45,-18.475569,209.82613,-462.29932,68.59218,-6772.7183,-5182.713,0.0,-53.56906,1.3651179,-24.622406,-98.80081,444.13348,-12.11088,80.31468,4.209215,-31.33344,-3.6612787,-0.9027102
115.15048,-860.4996,-2058.9067,306.6218,92.686806,-712.0093,-939.26166,-16.227314,0.0,-1007.4832,31.267979,-570.8651,-2.083564,37.226437,285.0331,-15.191719,-14.831667,-46.903004,2628.0366,1991.9149,909.5128,-295.1504,-3290.6538,556.5982,342.4986,2081.3777,359.91373,8201.392,14400.704,0.0,-100.34255,-5.8443623,-7.3550158,12.122299,1031.1224,-60.067646,63.97226,7.3185635,-12.906009,-4.732939,-0.59813553
8.290269,-250.50102,539.8598,573.0714,7.6794806,396.43304,203.66446,-11.2826,0.0,-780.1571,-58.11407,141.91542,0.46507722,37.97755,44.911366,-2.9446902,1.0833615,-48.880966,1301.8328,-4000.0298,732.9511,195.14296,-7443.0854,322.144,177.77237,-296.40704,180.56314,3812.7405,3138.123,0.0,-67.508835,-2.2879148,-26.514082,-145.42017,-312.53284,-13.680236,-27.319473,3.6673746,65.934265,-4.5330963,1.590288
5.2093205,-968.22064,-1165.2668,460.84445,188.50804,-403.003,-657.7507,-16.655014,0.0,-1245.7222,-152.51451,168.82368,-0.88991594,-112.59685,418.82098,-3.1925473,-13.578439,-76.87188,1806.5525,-7144.337,-46.620007,-36.648514,-11041.243,-486.0328,121.531105,-488.9044,223.81718,-7396.746,-9330.947,0.0,120.10174,-1.2816889,-6.5930777,334.72552,785.03076,-11.896722,159.64755,2.759367,-25.587181,62.606148,1.5622113
15.657722,-333.7709,558.9555,295.06467,-21.082457,590.28503,209.68022,-10.399501,0.0,-509.3216,36.864258,-457.77213,1.8825895,30.791077,309.8671,-0.21194029,-131.87773,-97.09689,2100.8386,960.22504,936.7183,113.63393,-5464.3335,382.93588,592.218,3430.2346,-1470.2948,13104.904,16039.89,0.0,68.62899,-3.5447311,6.7617426,44.07796,347.5172,-62.41767,58.67254,3.0274734,35.05178,-3.3451755,1.590288
59.971935,-264.4386,389.86047,366.88943,-11.813797,443.60675,153.04427,-10.785979,0.0,-941.1958,15.429551,101.3573,0.976282,140.79948,522.4318,-2.6568036,-60.138195,352.79996,1560.8042,-2640.3235,833.4476,-211.904,-5232.272,321.83698,178.72127,61.236076,-4.6332846,4318.367,6495.349,0.0,-127.21712,-3.1494048,-5.066132,-246.70958,399.16122,-16.2852,39.061848,-23.173677,-25.598871,-4.453758,2.3576992
-30.02966,-771.05975,-2029.955,69.12865,106.67862,-762.2515,-1039.4404,-14.187754,0.0,-933.15564,32.645687,276.6973,-0.21703523,-66.842606,-135.85536,-3.3259225,2.2620206,170.2978,2788.6692,1948.2059,955.41614,-253.44038,-2830.4792,566.53436,782.2096,1961.5377,-319.4762,8147.2856,14716.019,0.0,-105.50186,-5.3837976,-6.9657984,-406.0197,763.5528,-51.552612,66.71356,2.9927123,-25.766592,73.31627,1.5622113
-24.25862,-249.61143,584.0164,414.3892,40.79982,507.28476,211.75383,-13.8258095,0.0,-588.4064,18.717873,-187.47343,0.55226046,-66.83803,-985.8552,1.6767784,77.74164,-85.65449,1547.6254,-1532.6407,1228.5321,271.49667,-4813.738,389.32523,432.58258,869.5363,-520.5694,5951.824,7421.6504,0.0,56.870964,-0.6493863,21.49382,-141.81735,-434.8471,-16.405125,-59.421665,4.646331,-39.64,-5.0357018,-0.9027102
7.6348023,-788.0817,-1925.7075,544.8597,54.61821,-467.32068,-1369.2911,-12.485984,0.0,-133.17465,-31.64807,344.29095,2.0763135,64.78365,331.59558,-2.5807395,-33.278442,-193.5127,1450.5348,-3991.8638,-128.0574,-82.034004,-13150.2295,-85.704704,124.21326,-2606.57,272.6981,-1792.3186,-938.9626,0.0,83.84263,-0.8666832,-23.349295,237.00063,-856.852,-12.796066,-94.52445,8.371135,46.284317,-5.517929,1.1701571
-3.7237022,-249.0438,413.56268,503.61688,8.799554,271.53625,141.78285,-11.156812,0.0,-725.4016,-8.134827,-89.45993,-1.3020151,43.1812,307.88824,1.2364602,11.931135,-107.22044,1539.0334,-5384.7812,-121.85147,-28.70412,-13336.301,175.90714,215.93883,-317.16574,196.61513,-6042.579,-5254.8257,0.0,-63.087883,-0.8666832,-25.327293,-110.07514,-361.59024,-11.673939,-90.15951,1.7735716,-31.511435,-4.8367915,-0.9027102
-48.51831,-118.4039,545.3221,455.68683,-5.8620768,438.66077,282.3143,-27.050032,0.0,-286.82114,6.472215,-485.22253,2.5971642,145.61548,561.692,-8.500412,-50.2696,84.318436,1506.0657,10840.311,815.1844,-611.46027,37402.605,1786.4056,520.33453,5636.5107,-205.61128,17133.055,16129.436,0.0,-44.509377,-0.13315308,-2.3522372,-177.096,-448.5011,-42.119053,-128.02618,2.0606167,-11.773106,53.085133,2.3576992
40.28353,2841.3027,1769.977,-286.9237,4.3747993,283.0842,108.64374,-31.1248,0.0,-87.8572,-81.66624,470.71558,0.36147118,38.538902,-723.27386,4.6166024,23.18034,-80.696144,376.96054,-3482.6416,-302.84998,-35.021065,-12807.311,138.13474,184.13174,-1669.7543,222.01588,-3308.374,-4206.238,0.0,-47.37401,-8.619484,-27.386694,-71.66941,653.7063,-14.307599,89.85443,4.5511813,70.27439,-9.173248,-2.1267002
-0.15422095,2458.1262,1958.8025,490.19485,16.015755,319.53024,114.70361,-12.350411,0.0,-476.36652,-17.745346,-291.09695,-1.0279815,-42.67514,351.8096,-3.6518836,10.914239,275.6552,531.6764,-6845.1035,-43.46414,-57.69761,-14844.697,-564.15027,285.97046,-1174.2919,284.65332,-8368.748,-10735.339,0.0,-119.25657,-8.825316,-5.2581844,-106.05681,-526.80396,-11.670578,-104.30889,2.0949879,-17.049007,56.497982,2.3576992
11.327036,-1629.9714,-1923.8224,109.08612,119.64623,-863.13525,-606.78455,-10.992375,0.0,-2701.4932,-69.060745,-331.68878,-0.3598281,-32.375668,-104.87423,-4.9597745,22.170109,73.17446,2244.165,-6848.88,509.476,-424.71506,19775.479,-721.8521,263.76733,-1682.4779,283.72684,-207.09048,1283.6494,0.0,-107.804375,-5.3837976,-8.204319,-217.89328,1083.7062,-23.992533,66.15757,-35.218582,-22.841887,-6.4955597,1.5622113
-6.2829056,-1404.2086,-1635.9305,30.034765,69.24946,-1025.7999,-1546.9728,-17.768341,0.0,-740.9292,12.844129,-1364.8618,-7.3843393,115.20435,639.13745,-14.678618,47.337467,-24.671833,1571.0931,9701.212,770.9078,-16.600431,38476.613,924.32306,281.1435,3086.0898,-1642.9235,15245.448,11186.571,0.0,-79.958916,-1.5745014,28.066378,-47.27279,-707.6908,-39.939007,-143.12686,7.102069,-8.980233,-22.40301,-0.59813553
-3.571486,1856.8976,1175.1129,629.97754,-4.769066,288.17194,136.30524,-13.448058,0.0,347.48373,-0.6826637,-237.46114,-1.3452418,-51.816013,-41.47362,-5.297863,-15.491249,161.79555,117.94242,-11320.877,-521.54205,-532.5153,-23204.367,-1556.2257,321.20853,-3039.1138,233.06866,-22348.422,-17452.994,0.0,-122.29421,-8.47966,-5.3010025,-118.68119,-527.1026,-11.794306,-119.55637,2.6937494,10.757191,-5.1762385,1.590288
-64.55047,-270.72095,398.28152,435.51675,-24.489315,296.9419,98.65363,-12.42626,0.0,-457.43005,-8.227995,327.80676,-0.75336075,-44.812695,-84.079254,0.8721106,10.121285,-182.82918,1640.7548,-5790.744,-139.45546,5.0793676,-14134.451,124.995735,206.67134,-232.49042,-150.51357,-6445.5757,-4704.1943,0.0,70.648384,-0.82112455,-21.976028,201.19781,419.19406,-11.49116,43.382175,1.9616494,-6.064907,-3.8492436,-0.9027102
-322.19168,-161.74857,702.2133,376.2834,-16.499569,450.14902,321.86697,528.23584,0.0,810.3254,-113.69334,207.4726,-3.4084885,-520.73224,360.26093,6.8801537,9.318186,-38.328026,1778.6887,13209.8,635.12067,-839.1089,51372.812,1372.1576,106.23145,6061.3687,-2946.1394,21199.824,17501.262,0.0,46.636192,0.30729425,22.211086,-199.67235,-441.9195,-90.995544,-142.2992,1.3652917,-20.086622,-4.455888,-0.9027102
105.60326,-272.4535,476.5873,587.01117,50.099255,334.57687,314.2363,-11.6001,0.0,-956.2456,-62.266457,-510.68585,-1.312031,-209.11417,357.59097,-13.91985,20.756573,-69.58745,2052.3828,1567.8837,868.9001,332.30176,19888.37,629.61707,351.08328,-566.4591,248.61298,9188.268,6714.629,0.0,-58.282936,-3.296193,-2.5651183,-61.302803,-487.75616,-39.85205,-61.442265,2.7461767,-14.64178,-5.2090044,-0.9027102
-5.054173,3252.517,2851.9126,-665.8705,314.9528,249.71957,245.56718,-12.753974,0.0,-96.084305,-38.499928,-79.676544,0.29078084,-142.56702,281.38052,4.298951,15.010022,-79.39111,-191.1351,2347.849,61.79167,226.13931,-5652.8477,436.70605,187.72662,-142.13751,125.35693,6259.564,7189.0215,0.0,-64.11034,-63.77049,-22.93184,-63.73533,-819.09406,-21.31084,-50.95597,2.2883847,94.26196,-11.3257,-2.1267002
-20.103386,-721.7571,-1722.5189,191.78853,18.6144,-407.7055,-1311.6896,-11.2676115,0.0,7.929129,-0.011767894,235.44049,-0.88991594,-109.11899,325.8126,-3.4842992,-33.227234,-96.87239,1189.6915,-8360.312,-277.3636,-500.5306,-19652.643,-1431.7029,130.83682,-1377.1519,287.39258,-14791.206,-13957.029,0.0,-106.20574,-0.98159057,-4.153833,-129.20204,-701.8955,-11.457716,-102.9157,2.6879935,-36.77211,141.61688,1.5622113
51.777725,2599.6895,2270.7283,-7050.5596,67.19437,344.2759,314.12454,-44.95047,0.0,528.52704,-156.84367,-34.326878,-0.91117156,5.8629513,569.7194,8.636087,26.91443,-9.394241,1146.8049,12030.868,759.912,-637.6046,46206.926,1772.3542,289.13147,2122.5847,128.93935,16978.914,15313.236,0.0,67.10705,-8.217853,-150.77548,-18.648006,-495.78464,-81.27799,-155.33937,1.9405093,170.72203,-40.819992,-2.1267002
11.135283,-234.38818,549.2201,558.86096,35.45847,521.68353,303.6868,-16.53258,0.0,-245.83598,11.663991,-345.59753,-0.3495984,122.992386,573.0712,-2.465591,5.018231,244.21228,2154.5498,6536.5547,708.1666,-625.24634,25370.076,920.6241,166.9813,-161.62051,-1058.6302,14396.079,8786.906,0.0,-88.82633,-3.296193,18.164816,-280.53217,-502.51605,-40.979137,-51.1525,-35.291363,-14.603322,-5.2866664,2.3576992
26.30445,2559.2795,1662.8469,545.4151,7.0275145,259.5708,134.40703,-13.673383,0.0,-809.86475,-79.606926,132.09406,-0.32917523,-49.489887,344.25,0.5327789,10.856953,-218.46239,259.38235,-5775.911,-143.60081,-138.86046,-10656.638,-408.0409,291.1841,-550.0036,188.55208,-6513.159,-8850.537,0.0,72.455986,-8.825316,-7.158964,122.34824,-581.93744,-12.190805,-103.84568,2.6259797,-10.663176,-5.1667366,-0.9027102
18.62938,-663.4346,-2174.031,99.71933,111.110664,-628.28613,-982.8665,-16.42793,0.0,-994.46594,10.49158,-18.49664,-0.55569696,-142.7465,-1314.673,0.7250779,23.130861,-102.80446,2182.2783,-228.8346,1033.9984,-223.08731,-5285.9233,229.40181,499.7461,257.8554,476.75284,6494.0264,8785.848,0.0,97.57882,-3.183476,-6.420493,369.10373,1105.6882,-32.968666,76.32845,8.925537,-22.771593,-6.820342,-0.59813553
14.721489,-252.64986,295.46976,476.20428,11.095931,302.47272,150.3107,-9.647807,0.0,-259.7007,2.6325676,-134.65988,-1.1554865,-29.549757,-105.6882,-3.7261047,1.0500299,-64.93598,1036.361,-8635.778,66.27723,-211.4687,-17055.787,-771.63226,137.88943,-1677.2288,229.87305,-11008.775,-11606.793,0.0,63.56001,-0.40611887,6.174155,-110.30606,-318.5058,-11.670229,-103.91249,-19.401707,-35.359825,-4.933455,2.3576992
65.86041,-285.90033,466.94614,769.2391,32.33121,393.2808,224.50757,-11.944326,0.0,-1295.337,12.0659895,107.32913,0.11351675,36.079952,67.788315,-3.2290692,-43.271523,90.11674,1753.9366,-1499.7241,617.35693,288.17734,-2560.5222,358.68753,36.49982,-217.69936,228.45372,4704.9883,5620.617,0.0,-117.76584,-2.8356285,-7.883036,-321.71564,-434.15372,-28.654007,-70.840385,3.5248466,74.00044,-4.6939363,1.590288
3.032622,-234.04256,572.9562,387.83023,6.547002,430.11655,146.56274,-9.493692,0.0,-309.61154,-57.473328,-565.71216,-1.1813586,-130.2263,-50.023075,-2.2183876,-20.810953,430.63028,1238.156,-4449.864,565.95215,42.48317,-11078.818,461.62036,184.09708,-554.5338,247.66797,2727.6946,1804.4261,0.0,141.58981,-2.2738347,65.97717,-216.1961,-488.90036,-13.981775,-88.681885,3.278706,-37.233166,41.038223,2.3576992
20.853338,2480.5083,-1929.141,-138.2211,1002.2547,-476.18463,178.49904,1845.2477,0.0,-924.30286,-79.05451,698.5606,2.64045,398.06314,-63.77513,-1.5884587,74.84691,-86.24952,1108.2521,6753.917,587.7997,-201.96692,32296.027,470.96188,-295.25677,-880.5569,-88.000534,11672.161,8957.769,0.0,69.66507,-63.041794,-39.316036,269.74393,-659.3499,-9.99553,-149.76942,2.6671915,-18.30445,-4.9381456,-0.47048986
-155.3448,-3330.3174,-1869.9054,260.08817,83.79704,-835.8558,-1377.7942,-52.972733,0.0,-914.65717,-110.61196,-211.67502,-38.344997,-39.98839,104.65376,7.073056,-2.0718408,-9.597833,2409.0999,11669.854,966.386,-832.2669,47251.09,2069.2273,171.6303,4275.913,-242.62001,20270.355,17182.234,0.0,-68.66236,-2.6672425,-35.43938,-209.5282,733.87024,-86.15319,236.3521,2.253725,-15.569928,-6.7187476,-0.59813553
56.491825,-833.67194,-1960.0941,100.06421,91.98638,-747.8007,-716.42554,-12.609844,0.0,-78.76061,-3.55846,118.695435,-0.275709,67.021225,340.762,-2.778105,78.95877,-4.327252,1463.6829,-4654.3867,670.41455,42.6216,-14677.735,87.732315,228.54567,598.96124,-821.8631,2576.034,1211.3911,0.0,-103.44021,-1.2957685,-9.325815,-198.48404,1017.51,-12.772666,19.359276,2.2646167,50.06465,-6.5003486,1.1701571
-25.94111,-778.7651,-1200.9302,460.81586,54.90862,-371.74677,-635.9185,-15.344782,0.0,-283.49814,3.2222235,-242.13722,2.4635334,62.48839,369.07812,0.8718314,-11.573903,64.47136,1235.6072,-12328.828,-518.59247,-648.6837,-22454.23,-2025.4425,217.60844,-3580.377,165.11566,-24365.85,-17481.78,0.0,-163.30229,-1.3965962,-3.8059542,-200.82062,911.16656,-11.443845,185.41888,1.8501831,-19.927727,50.523884,1.5622113
-14.248624,-285.73917,466.42236,506.95535,22.552525,362.51752,233.73723,-11.982222,0.0,-857.66504,34.664146,114.405464,-1.4105988,-116.51161,376.32147,-1.9947637,17.768414,-259.95795,2302.6611,2779.4531,934.3144,64.662506,10827.054,664.5201,449.30618,724.3482,216.6415,11303.616,9539.012,0.0,65.69665,-5.8302827,-1.4782884,507.10245,477.86743,-63.206272,59.405067,1.9843745,-18.530611,-4.2935257,-0.9027102
31.637653,3589.2874,2307.8604,-462.0017,50.302258,367.3277,122.88844,-12.476068,0.0,-516.3768,36.87973,-108.71878,1.0307193,78.238335,507.74026,114.18554,8.314369,-93.90871,209.4632,-988.5578,633.5797,-94.06181,-4349.802,254.1795,107.114456,56.22925,212.16565,5959.7036,7134.433,0.0,74.24796,-66.30458,6.309066,46.853554,913.15045,-24.01715,16.553524,2.9033616,-177.59425,-8.723201,2.90065
-79.576706,-298.63388,450.64453,384.46423,-20.920507,429.52438,100.743645,-10.573699,0.0,-99.95737,33.228653,-201.22652,-1.598943,-122.64196,362.54968,-1.927629,-0.58368385,383.29114,1249.5415,-7637.221,6.568982,-30.626848,-18068.635,-621.9711,7.5044203,-503.0878,168.7375,-9553.611,-11074.079,0.0,115.11554,-1.2816889,-0.011832118,-165.07803,462.03317,-11.513934,157.1,-16.084885,-35.061512,-3.8056488,2.3576992
31.015259,-800.21515,-1700.0265,460.93506,33.984257,-585.4079,-1416.9185,-12.685841,0.0,-90.76678,1.567468,-730.0156,-1.2905413,24.16354,-1159.886,-5.65753,-30.504734,-40.277103,373.61557,-8208.475,-32.421963,-111.59227,-17960.693,-1274.6797,195.24031,-1714.71,236.28488,-11023.14,-12196.464,0.0,-97.999374,1.7801236,0.39108384,-135.45776,-685.64905,-11.32283,-60.429802,5.866632,48.52365,-6.4528265,1.1701571
19.215265,2752.6003,1875.3086,-4599.6694,81.37127,207.9176,196.89952,-11.471215,0.0,-984.1957,-78.04282,-165.10538,2.9105449,-65.426895,-70.13868,-7.3145823,-76.7453,-63.328125,1327.514,3185.8345,1023.33203,-63.9086,21597.64,431.53674,307.69104,-1019.5038,34.04947,8959.254,6539.2417,0.0,-128.5441,-65.84401,-23.390896,-161.38618,667.3173,-29.708553,50.35001,2.4921699,161.49559,488.47675,5.554518
-15.423863,-3887.2563,-2172.5366,459.32675,41.6538,-763.6682,-1586.5284,-57.470165,0.0,-942.9166,-105.75075,-234.82677,1.0007787,36.246857,-637.3178,-44.173607,-164.36966,-401.0816,688.36957,10860.417,1047.5314,-359.15024,45924.445,2017.6501,-12.120347,2204.6812,-313.9867,19963.607,16586.91,0.0,-52.834976,13.257333,51.48642,-208.19826,-703.2718,-57.527443,-116.977425,12.02275,45.530872,-14.61777,1.1701571
-1.0433944,-299.77676,562.6081,475.80734,-57.090126,334.8358,123.13076,-10.436837,0.0,-1064.0245,-57.80862,181.08653,-0.70038366,-68.95158,166.68633,-5.2518697,36.569878,-17.04442,1493.3345,-4708.9976,814.03674,-197.84348,-7047.092,272.15244,223.10162,-386.17386,-119.19127,3628.526,3083.0933,0.0,76.093155,-3.1494048,-23.02969,315.3168,394.63843,-13.459798,26.047157,2.3225713,10.921629,-3.6255476,1.590288
143.1746,-820.9138,-2103.735,157.70943,8.255725,-684.3259,-1467.9965,-16.006937,0.0,-294.09274,-56.721844,588.79926,-0.19802865,22.471043,-727.9535,1.7434156,45.83591,-63.16762,1178.5455,-5004.315,657.2001,-63.885983,-10867.109,-119.97013,141.92004,370.5162,-787.1829,1748.9861,1421.8942,0.0,-75.729095,1.5951678,-23.856127,-111.42856,-860.0446,-13.396113,-21.599108,13.96017,-24.855963,-21.64436,-0.59813553
116.885895,-587.0026,-1755.9236,22.576658,87.82633,-962.19934,-1406.6772,-17.794,0.0,-249.22958,4.9218163,405.2824,3.5099742,25.536087,262.72302,-4.120254,170.082,-100.3926,2927.8208,6505.1855,707.51776,-451.93094,23732.424,727.18066,473.83707,1050.7958,-2232.3765,13769.408,9158.672,0.0,97.35909,-3.5447311,-29.695986,594.42084,743.7469,-43.299732,57.74132,-16.770664,-27.27968,-6.939888,1.5622113
-3.3557155,-789.45386,-1750.3829,248.6589,48.898293,-506.63577,-1270.9946,-16.12328,0.0,-110.09586,32.821136,-383.60654,-1.4515177,-112.38185,-77.08941,-2.2658486,1.7878599,-69.52156,1172.492,-7432.539,-15.995198,-73.62294,-18627.754,-1373.1111,143.37445,-940.3601,344.36258,-10457.875,-11442.198,0.0,-89.38702,-0.40611887,-5.6032586,-98.93127,-639.68066,-11.704758,-105.124695,7.5112925,-23.330822,-13.491992,-0.59813553
1.6288003,-787.86957,-1518.0604,189.54396,117.1847,-461.2312,-1377.8491,-16.685225,0.0,-391.11502,0.5647948,105.18743,1.6402843,75.97817,379.87198,-2.5807395,7.2346168,-77.243744,1185.3179,-6605.8364,1.7693592,-113.33572,-16201.797,-766.1309,23.449942,-390.83862,150.2591,-8543.11,-10261.557,0.0,103.827995,-0.8807629,-11.254879,312.22955,-728.0513,-11.2343235,-57.433826,1.957099,61.007263,-20.31906,1.1701571
-38.722725,2851.6404,1891.0969,522.0657,-13.877771,346.6748,120.97959,-12.374694,0.0,-1062.015,-130.80693,-24.261646,-0.008765876,-17.210299,379.18665,-1.9608638,-36.559696,476.46652,-211.60658,-2299.046,-749.3457,-11.199728,-4136.883,-94.533264,211.11215,-1301.7645,169.18616,3726.35,3108.2146,0.0,152.96217,-63.48355,-21.431963,328.9195,628.9483,-18.533863,56.11295,-19.8037,-16.597824,-5.011329,2.3576992
-4.518567,-139.92607,457.46878,577.91595,15.1647215,259.01886,138.96368,-12.536053,0.0,-38.5959,3.0183904,299.17694,-0.76622415,-43.661083,-487.65964,91.605675,34.52873,-47.40407,1034.9299,-14389.622,-555.86346,-429.85474,-23720.514,-1892.9766,170.2084,-3772.5054,-58.23221,-26909.477,-18366.092,0.0,-45.827904,0.08699751,-5.98976,-91.83502,-376.09247,-11.462353,-39.696896,4.4598165,76.92651,-4.475894,1.590288
-3.9514382,-761.9443,-2100.6777,463.99094,37.817696,-656.9784,-1319.7124,-10.894273,0.0,-668.92816,-59.036346,60.23851,-0.39941302,-53.443577,40.06514,-4.881367,-41.15673,-40.892475,302.75555,-4023.353,400.6435,-98.07101,-10083.146,-109.64252,245.67268,-2225.6438,336.14667,34.998184,416.3967,0.0,-117.91023,-0.42019856,-5.040097,-192.99277,-651.9213,-13.028172,-53.284077,5.059348,38.919727,-13.192034,1.1701571
-33.28967,-842.906,-1829.9963,114.74916,235.60106,-840.9517,-986.1797,-12.11228,0.0,-1093.2439,33.268612,22.190445,1.1172539,99.31343,443.08313,-2.1811523,-36.97626,309.53036,2457.0034,1597.6399,910.7347,-188.6578,-2048.5383,597.62366,513.3214,2494.2112,359.15045,9893.923,14253.117,0.0,121.207985,-5.9227057,-8.086831,739.3962,1034.2009,-57.449627,66.71001,2.1563106,30.461971,-6.5788574,1.1701571
7.9063115,3329.2158,2326.9434,-416.32864,3.4869535,336.43393,155.02534,-12.92777,0.0,-494.79785,-38.723312,126.72124,1.3694546,66.55642,221.23746,-9.437907,8.234643,-15.342669,332.94476,454.73325,536.5561,269.63065,-5062.6235,336.96402,386.54047,6.2442403,236.97354,6055.6704,6513.511,0.0,66.22649,-66.30458,-21.013351,270.63535,717.6041,-24.231731,11.118077,-20.198816,83.451935,-9.119289,5.554518
19.394405,2384.4653,2326.2136,556.9893,-15.411891,308.4932,163.25963,-28.581549,0.0,-451.92535,-73.76769,127.53725,0.4018817,18.649145,341.90836,-2.9195313,34.123672,-19.233715,130.23029,-3349.0625,-610.17413,-92.461975,-7314.753,-43.90625,-34.124077,-2225.116,120.50108,-347.72357,1003.2158,0.0,-59.421833,-8.839396,-26.455036,-59.482132,-679.8249,-14.832021,-16.751425,3.6170964,-29.187012,-4.9287257,1.590288
22.844995,-675.4205,-1709.4255,160.16046,86.926155,-699.07623,-707.7801,-15.235439,0.0,-367.33255,-33.298286,136.4266,-0.1550715,-138.12863,-18.369736,0.6766189,-0.81223595,-180.79224,1754.1166,-3474.8875,32.259205,-35.457134,-12372.564,-131.08804,281.73245,-1200.8966,396.51318,2159.938,1108.2693,0.0,118.31731,-0.82112455,-21.323786,300.76172,1062.1555,-13.268048,102.916595,8.544365,-30.308226,-6.4083204,-0.59813553
23.12084,3604.3313,2240.0168,-517.09424,349.3101,267.99945,247.50339,-12.392112,0.0,-814.309,-20.152468,2.2106848,1.7065295,56.392933,351.44165,27.199339,11.489108,-88.050606,445.50778,1947.0813,460.22855,220.20535,14613.587,826.0858,470.41458,-1435.5187,152.53773,4700.0454,6194.236,0.0,69.0998,-63.77049,5.4047227,-124.65726,-737.5336,-36.382725,-51.68212,2.4439368,99.220345,-18.798725,-2.1267002
48.647938,-375.58356,539.85315,210.80247,-16.590683,649.87946,70.66829,-11.066662,0.0,-607.73975,-56.480785,-309.12888,1.0911546,70.10547,475.3024,-3.1293871,15.38359,-140.82027,1428.3104,-4527.961,8.713749,46.78121,-9925.832,-103.92826,253.15462,-97.26158,-950.8931,981.7906,1555.901,0.0,-69.52125,-0.93450075,-20.660975,-46.39247,564.5766,-13.302102,29.375317,2.383885,-15.20875,-3.813714,-0.9027102
12.374328,-808.1419,-1357.2625,206.32198,107.787796,-708.5196,-593.4131,-21.751179,0.0,-94.25195,31.529182,-706.50244,-1.2905413,-5.9798846,-1632.5549,-6.6900015,-1.1716534,-144.14354,1341.529,-7214.7925,-93.12254,-94.64033,-18603.625,-1311.9648,212.65166,-1526.7003,190.76328,-10679.137,-11612.716,0.0,35.389694,1.3651179,-6.6465273,251.65442,871.19275,-11.481365,158.38158,3.6568577,-22.467926,-6.0344005,-0.59813553
25.101671,2702.6797,1715.3134,538.5118,219.83768,249.73703,245.63019,-13.110158,0.0,-557.69006,65.77795,33.701214,1.5886266,65.4018,637.7196,113.89183,51.68032,119.836586,1476.3014,5015.195,355.89218,163.5476,11841.682,689.03827,1158.6256,-303.43912,-0.35198975,7126.4473,8467.021,0.0,-58.543983,-63.862907,-36.792015,-146.32085,-498.96033,-75.96077,-10.852131,2.8084807,-275.68597,-10.865535,2.90065
-3.0035489,3370.135,2061.4304,-4155.2495,81.85893,288.85114,112.22768,-12.119106,0.0,-1142.7018,-68.276505,206.68112,-0.08622062,19.357824,415.82922,-2.3055034,16.291796,-113.54606,121.457726,-503.4348,-178.52342,-124.075226,-5418.4844,49.093197,195.97737,-1256.389,-25.26296,4845.93,3513.2766,0.0,-109.26498,-63.6237,-45.99428,-22.70102,814.5789,-17.497408,269.06955,2.4976332,54.91775,-43.288597,-2.1267002
149.44228,-306.68292,392.0786,774.87976,-3.4391809,362.85635,256.52527,-14.604707,0.0,-2464.8274,-106.11467,473.88196,-0.44203272,91.82649,199.23872,7.7190027,22.080046,-204.0322,2527.8945,-1129.8811,529.9812,288.15054,43500.64,940.9104,224.29039,-531.99146,338.89587,11941.961,8648.431,0.0,54.920807,-5.8302827,-1.2229316,506.6834,625.9093,-27.742527,115.32812,2.5789769,-19.219837,-4.3220334,-0.9027102
-12.832953,-270.72733,437.30682,545.9878,-26.98341,246.57248,126.56169,-10.46182,0.0,-87.488434,0.74479866,47.180737,-1.4352283,-29.312387,-79.1402,-4.4226484,11.472985,-70.94481,1085.4415,-8738.729,-267.95084,-205.40414,-18769.973,-1338.1464,133.76541,-1395.8683,-22.063784,-12569.758,-12319.381,0.0,-64.33084,-0.82112455,-7.4223714,-98.49036,376.08118,-11.666889,84.17453,1.5450764,66.646805,-4.1079264,1.590288
15.464767,3232.9277,308.64536,28.674913,798.93634,376.16614,116.99766,-96.73108,0.0,-714.0384,-241.52034,-169.0484,-0.39334208,-179.34589,234.33217,1.0624304,-7.7772584,-98.01229,429.06836,-5738.269,-287.4139,-81.12889,-11273.501,-48.327507,195.58214,-602.5229,-264.44788,-6352.3623,-6258.684,0.0,-76.611786,-9.240322,-6.53268,-69.83591,722.5328,-5.6428833,61.675312,1.5565618,-1.8296422,-4.048978,-0.9027102
35.84743,-284.53452,266.1394,658.35443,-8.810143,302.3233,155.52452,-11.012701,0.0,-1454.8402,-155.42825,-70.75057,-2.2366126,-29.516329,438.48456,-4.303215,28.574097,-45.992813,1277.6312,-7335.7383,-33.592327,-2.0396821,-10500.389,-516.44403,71.71589,-717.229,230.53291,-8490.697,-10219.998,0.0,72.726906,-0.8666832,8.561525,-115.84715,-379.02545,-12.129071,-104.03607,2.6750612,93.43536,-3.6282196,1.590288
-22.106813,-214.35422,590.43616,528.9716,-42.641865,490.1067,159.6925,-10.598822,0.0,-712.0739,19.52733,23.011114,4.881841,100.23318,447.29156,-2.1811523,-60.69703,92.25386,1771.3296,-969.2011,1145.1658,272.61752,-7126.9795,710.1953,421.38678,1690.3854,344.59998,6310.584,8851.764,0.0,71.643,-5.8443623,-9.202301,619.337,514.3445,-17.89356,81.157745,2.2959168,70.167786,-3.865935,1.590288
-18.371048,-610.10004,-2076.152,195.08682,49.34612,-593.0097,-1541.8907,-12.173035,0.0,-1013.8748,-59.74031,174.88449,0.9616186,77.59827,330.3751,-0.051680386,16.730106,-207.0765,1466.8634,-1776.9845,808.3229,-166.60031,-9589.311,267.12613,390.89206,69.294106,398.4827,3391.8015,2899.4514,0.0,93.36249,-2.748479,-23.190802,322.1011,-913.2807,-13.416208,-102.14417,3.2583344,-37.64642,-14.507879,-0.59813553
54.080406,2187.5012,-99.99169,666.96454,331.18262,268.86542,633.92786,405.6027,0.0,-969.17737,163.74236,-179.11385,-33.021946,1324.9666,223.3196,-154.66278,-184.32277,143.41699,1753.9069,23215.137,1529.7227,-1937.4653,98998.2,2044.147,493.76556,6338.9634,55.518707,28109.102,38165.316,0.0,88.12064,41.95224,22.962381,-127.8403,525.62823,1825.1136,-245.9949,1.2565964,-221.30421,-3.1505032,1.590288
-70.80826,-206.63167,497.56668,486.02582,-0.70800716,235.3723,141.95236,96.65921,0.0,-93.44296,32.069294,234.16165,-1.4352283,-93.25563,258.72748,0.6337734,10.537081,-188.63213,991.85297,-7440.857,-77.18427,-122.49016,-17478.564,-233.1219,202.36441,143.59825,-267.43585,-8863.504,-10523.71,0.0,69.65403,-0.8666832,-8.131892,163.25291,-383.32428,-11.601134,-41.872635,0.88334,-10.488832,-4.9906178,-0.9027102
24.400206,-179.218,319.72772,667.71246,-11.476599,307.03622,147.06047,-13.52272,0.0,26.935204,-6.4694443,210.2112,1.8714089,79.0418,401.71762,-1.5512471,12.950111,577.79266,1266.1278,-3958.408,-349.08054,-62.877213,-14858.306,18.798178,156.25429,-2378.1843,109.83824,-2209.3914,-1086.9285,0.0,149.14743,-0.8666832,-22.767141,391.2384,-504.78464,-12.791992,-55.806736,2.2669349,72.90524,-4.8663807,1.590288
51.879383,-717.03143,-1646.6265,667.10406,162.76491,-417.72137,-1303.7306,-14.447762,0.0,-925.282,7.997216,456.2574,0.69379365,10.890332,-1501.3706,-5.9462495,64.19703,34.649876,590.279,3664.3625,742.8412,-24.033697,24754.295,615.68884,179.21112,-327.86447,439.0578,11439.608,7825.774,0.0,74.57778,-3.7151768,-0.5566337,505.6399,1066.959,-18.308632,94.94293,8.707636,119.8604,-6.4527516,1.1701571
19.836607,-771.89075,-1643.8385,113.999855,193.08986,-678.43134,-850.1546,-11.432412,0.0,-573.4433,17.624287,-155.73315,-0.20152476,-28.592142,491.76385,-3.1925473,10.307018,604.63745,2013.1676,1840.3005,975.4923,20.67784,-9563.291,240.8678,589.36365,2487.3723,361.3696,6293.3755,7581.3525,0.0,182.57257,-5.8443623,-8.399928,693.80493,1098.318,-13.434489,66.62591,-17.248137,-14.219622,-7.020954,1.5622113
6.732908,3217.5134,1949.7935,-4961.631,292.8792,184.35371,238.27455,-14.26586,0.0,-413.62686,-24.504618,-80.28987,-2.8818226,84.25541,405.26755,-5.17734,-9.0989,4.7491302,347.1836,3324.4907,1108.7804,184.12561,-5595.8154,772.935,447.58646,-457.20703,121.93195,9478.059,9424.339,0.0,114.69803,-63.77049,225.0537,-184.06645,-738.8158,-47.095047,-164.2486,2.009685,-401.0903,-40.707214,2.90065
6.9356236,2156.7825,1272.5143,498.37946,12.956778,248.96567,146.05846,-13.149766,0.0,-11.283816,-12.051208,-12.675579,-1.0279815,40.712887,213.94089,-3.9492035,-24.616903,-115.2715,244.54453,-10171.488,-548.13776,-235.29034,-19439.658,-1227.1237,294.97913,-2432.393,117.599396,-18598.139,-16007.616,0.0,-77.933075,-8.825316,-4.8378677,-43.99004,-509.97223,-11.751801,-100.55973,-12.879087,-18.615683,-5.629842,2.3576992
24.661873,-291.58658,535.0444,175.46237,21.551928,668.4155,162.83789,-11.948867,0.0,-606.4714,33.540237,-388.4758,0.64095724,18.120827,298.12134,-1.6898983,53.944435,-52.98586,2037.3093,-1124.9165,1064.31,137.19922,-4716.5615,427.48907,784.8354,2801.7659,-1247.1364,9002.172,15448.035,0.0,-67.50697,-3.5447311,-7.6342273,84.85362,324.6175,-45.39306,61.993496,-23.291023,-14.075392,-3.8347442,2.3576992
6.80877,2350.9104,1803.8073,468.70654,-3.994909,249.4571,124.14749,-19.387535,0.0,166.11674,-49.685825,-37.749996,2.0269566,78.25108,425.47232,-3.4771962,-39.26552,-147.2233,107.33661,-7317.0063,-253.14404,-201.29146,-18422.13,-566.70715,300.54272,-1891.2965,110.479065,-10464.211,-11553.23,0.0,70.28625,-8.825316,-5.165054,180.65672,-481.64218,-11.535459,-106.86089,1.8870778,-12.42128,51.574398,2.3576992
155.94278,-216.91931,313.72757,885.3584,-53.35917,298.19427,214.88129,-47.93636,0.0,-3298.6826,21.66904,1337.342,0.5149251,-48.77547,-1815.6766,28.000696,32.550888,-33.90211,3071.3328,857.5484,545.846,-502.99072,79313.34,1867.8224,412.08084,1533.8759,622.7459,18546.562,17215.5,0.0,74.51771,13.008976,-62.1946,297.4961,669.103,-51.795788,190.61836,3.5368745,-15.392857,-3.5940435,-0.9027102
-5.06122,2478.0452,2120.4834,403.9948,31.94581,357.11163,322.84753,-29.546463,0.0,-768.7434,-160.50043,26.609083,3.2604356,-198.07048,356.73462,16.931622,10.012118,-3.4775822,587.81415,11966.708,686.11255,-663.0718,46242.277,1122.4705,1011.31836,1524.7186,170.91446,16003.117,13825.87,0.0,-43.82174,-63.31658,-27.01424,-18.848059,-517.8159,-42.47971,-138.02559,2.712439,112.167854,-17.820631,-2.1267002
37.87386,-204.81488,585.8193,517.97614,13.394496,413.71866,196.07089,-11.581107,0.0,-2082.3652,-19.349918,-229.63217,2.6364844,107.73839,878.41547,-4.2579813,133.72084,147.99174,1301.9402,-11443.127,354.88043,-426.7474,23138.781,-396.57904,114.3302,-2911.5854,189.4098,-3203.4094,-1943.0703,0.0,-141.94757,-2.734399,-5.642788,-220.92296,-467.12827,-12.126666,-82.255455,-24.854393,-27.76812,-4.372668,2.3576992
-2.2627988,-586.4926,-2072.4163,415.61053,95.83232,-538.36786,-718.2787,-11.69936,0.0,-51.846237,-6.5769405,210.20378,0.04281676,32.48314,275.938,-3.6105042,-60.26759,-20.776627,221.49344,-3591.553,809.9857,102.6529,-15733.016,369.92398,416.52713,-1922.3071,294.70227,2505.7212,620.67944,0.0,-99.12487,-3.1634846,-4.440421,-187.42924,823.3529,-12.977202,50.97623,7.5668974,52.934586,-6.5572147,1.1701571
-10.876266,-780.2796,-1976.5446,348.457,6.658646,-585.42633,-1447.5612,-13.224695,0.0,-441.38086,-60.069035,574.5122,-0.31135544,58.11084,-916.8058,1.3513523,24.10394,-48.4393,1469.9657,-3746.8044,-198.57523,-59.125492,-11581.732,-76.09831,240.54218,-1798.7281,-63.793114,-163.02881,58.70012,0.0,-62.664444,-0.060888052,-23.574055,-114.07241,-863.6765,-12.591322,-26.095575,19.149319,-24.009119,-20.26633,-0.59813553
6.7598495,-272.4824,428.9972,512.24866,-1.8209165,330.1591,137.22026,101.93242,0.0,-426.14407,-5.2564774,-171.56575,-0.42064202,-61.170662,455.24445,-3.5076697,25.863594,-30.330582,1442.5126,-5626.8447,-181.11438,-97.92127,-14187.729,236.5849,189.43948,-1294.6722,6.5473585,-4865.1313,-2706.9998,0.0,71.37515,-0.8666832,91.026634,-112.5545,-415.27036,-11.632621,-36.113575,1.8293777,92.570045,-4.577093,1.590288
-2.852385,-728.5976,-1652.7294,237.33401,41.53946,-441.49924,-1520.5146,-16.933577,0.0,-75.47089,-0.29790136,210.40927,2.0658796,60.194057,321.27155,0.7831909,2.1712008,-92.08253,1175.0372,-7705.805,-106.73818,-116.931435,-19233.38,-1364.2012,134.84596,-1661.1797,220.5878,-11501.194,-12446.664,0.0,-90.253075,-0.8666832,-5.4596615,-134.28365,-701.86115,-11.410052,-103.90746,6.9393916,-36.652794,-13.435974,-0.59813553
98.905464,3434.683,1789.215,484.85587,54.532497,383.7412,180.59749,-12.90277,0.0,-873.0431,-152.08302,-9.404074,5.0605564,99.46955,518.8899,1.0899781,21.327192,-75.9838,917.7655,2248.626,868.9957,139.6613,22929.275,549.85236,390.49173,-1630.249,404.02863,3137.384,6645.3896,0.0,-63.599136,-66.16444,-4.2173615,-117.16768,709.67676,-23.391827,15.067681,2.5926802,72.95435,-12.086143,-0.9027102
17.202322,-177.16736,379.48907,460.12344,-10.655683,396.00677,102.188484,-11.202472,0.0,67.406456,3.644419,-476.49023,3.5291996,71.996056,475.25635,-3.6228306,-0.24720392,353.1397,1164.2498,-11031.23,-491.33438,-360.7277,-22470.834,-1485.8473,29.800535,-2430.3552,114.66169,-21967.547,-16944.367,0.0,-116.48665,-1.3965962,-3.956616,-166.0656,539.41754,-11.1855135,191.47722,2.399676,87.127365,-3.6704948,1.590288
-59.415638,-265.97858,500.52423,541.4276,-41.691933,348.49646,137.83575,-10.377956,0.0,-1021.5142,-57.946827,6.871008,-0.79562026,75.55309,427.23596,-2.6850982,-36.182163,-139.10527,1463.9589,-4613.9575,595.02094,2.6165588,-7407.392,247.89842,262.55142,-508.2214,1.4618421,2931.354,2696.6338,0.0,-73.42706,-3.1634846,-26.327513,-123.89773,300.2678,-13.671523,30.871185,1.581897,58.894928,-3.817258,1.590288
68.77875,2806.6113,1992.1765,768.56226,20.766047,282.29803,257.00415,-13.585199,0.0,-249.53043,-14.515452,104.55836,0.13365942,41.12488,411.55423,-1.8878744,-54.689186,513.04083,922.3957,4187.2173,1229.7506,465.8565,-6502.2715,626.5456,745.83954,830.06775,300.93436,12118.991,14298.094,0.0,130.08499,-63.63034,-2.995289,653.41077,-630.61084,-57.5714,-9.222912,1.9514823,-21.198105,-6.095555,1.590288
-15.584299,-466.9396,713.9325,26.641708,-17.68948,565.3408,129.73308,72.65281,0.0,-394.26303,-56.19971,-144.82014,-0.15932405,8.757151,521.8941,-3.0616457,17.396967,-224.41095,1139.001,-4830.6045,217.76918,52.208736,-9792.402,45.829582,274.35916,943.51654,-2097.0396,1378.7357,1626.5928,0.0,69.42849,-0.7433552,227.40779,6.900116,-481.61127,-13.562307,-38.50251,1.7643248,-30.301012,-4.3584304,-0.9027102
2.5692725,-381.59512,585.0828,190.21205,11.910133,769.7249,142.23613,-11.948751,0.0,-750.7851,19.140476,-191.44856,0.46416533,-70.12848,-152.5436,-4.0876713,-81.27526,251.96567,1767.9647,-1421.6234,1148.6654,319.81674,-4414.9937,551.46765,597.23157,828.8579,-1255.601,6755.7134,10073.076,0.0,-106.540955,-3.084167,-8.528412,-308.44986,365.28958,-27.314997,64.44542,2.492715,-22.033432,39.469788,2.3576992
-1.883051,-821.76465,-1323.6018,446.5083,160.7725,-420.31512,-705.1625,-12.158263,0.0,-1045.1471,-8.291014,269.9056,-0.1550715,-129.46823,218.43869,-6.153754,-13.027024,-66.01423,210.38637,-4865.495,-169.51964,-53.26355,-14305.496,-74.67634,170.00874,-900.9445,285.1438,-4223.9663,-4931.601,0.0,99.23023,-1.2816889,-2.636117,274.04663,784.97644,-11.317843,74.12294,7.4509363,-23.977959,39.73691,1.5622113
-179.18343,-17344.521,-8604.997,291.01758,-5824.8384,371.12958,294.56952,-17.34532,0.0,-715.3849,-5.585797,395.1982,3.445201,10.770319,403.59406,0.4739508,17.268726,-85.82106,1175.698,-3937.6316,-443.12207,126.16953,-17148.209,-3013.5254,-32.141228,-2614.716,500.8761,-10279.639,-10332.472,0.0,-42.957245,-0.75253075,-2.503635,-31.737906,-394.2633,-10.848427,-55.07453,1.8440232,-40.242065,-4.12824,-0.9027102
-80.65589,-743.3692,-1749.8838,219.00731,13.944818,-405.8272,-1378.6471,-14.597276,0.0,10.033338,-0.5984025,317.21335,-0.985947,24.221756,-640.1684,1.9240265,5.344754,-79.13545,1292.2725,-8321.118,-300.92618,-425.34375,-18778.465,-1341.883,306.3866,-1470.9155,73.976295,-14896.287,-13161.53,0.0,-93.75529,0.08699751,-4.4296765,-124.62031,-690.1916,-11.6233,-37.547306,4.7250805,-38.320713,-5.5899982,-0.59813553
4.381192,2714.951,1781.315,531.63495,13.190771,330.40067,143.57191,-28.850534,0.0,-520.0672,-82.83455,4.650377,-0.29313707,-42.79544,411.06577,0.97591984,10.740438,-115.67748,344.8839,-5596.1597,-254.39156,-87.58892,-11165.604,-104.32255,250.46053,-600.8657,178.65782,-5664.8613,-5006.256,0.0,-62.22255,-8.825316,-7.2494345,-57.260784,-513.4465,-12.161999,-101.92303,2.4979992,-11.660961,-5.9880395,-0.9027102
-54.32055,2414.8804,1842.6155,-4952.617,232.877,245.93051,146.5539,-12.213108,0.0,-90.701645,0.29948637,22.567314,-0.79969263,-44.390285,480.0107,-7.379399,-22.513437,307.8195,262.9973,-8636.586,-389.8368,-92.978455,-17719.912,-1125.2954,100.76166,-1745.9318,-101.20105,-11111.068,-12008.555,0.0,-215.85362,-8.965463,-13.270565,-106.673134,-624.669,-12.216271,-138.06865,-12.986469,42.271233,-93.33017,5.554518
41.086193,-775.22186,-1963.9863,171.45029,112.45325,-973.267,-436.9261,-16.723654,0.0,-788.93207,13.633506,3.5278053,-0.029690474,-58.1466,271.0474,-0.0106178075,12.523785,-216.87863,1965.8553,1425.9917,921.7686,42.758823,-5478.368,125.30011,292.05164,587.50006,-786.78973,8368.522,8670.656,0.0,87.612144,-5.8443623,-8.314584,361.6577,954.98175,-48.96405,62.675346,7.297205,-0.22702324,-4.7967234,-0.59813553
-20.404016,2219.296,1293.1847,376.9931,2.897058,345.78882,90.62142,-13.730463,0.0,-210.84605,-1.3222988,-244.9861,2.0269566,71.59365,388.10208,-3.4006505,1.538539,64.984886,452.74332,-12050.704,-541.80475,-535.51373,-20601.184,-1310.5011,300.08966,-3216.5547,72.66124,-23294.576,-17387.664,0.0,-137.72925,-9.355229,-4.017279,-155.26059,763.9397,-11.533395,178.27905,1.9023447,-17.768503,47.45162,2.3576992
-2.0032017,-1642.197,-1834.3616,258.6542,79.90361,-1072.0797,-1768.7441,-57.049988,0.0,-834.6444,31.880404,529.3568,0.8914386,115.60277,366.67508,-9.778659,-116.77287,-29.34004,2447.4685,12422.241,782.68036,-837.4071,37945.3,2053.939,244.67206,5570.4775,-416.74402,16908.71,15823.463,0.0,-70.0875,-2.6672425,14.949002,-154.27509,690.78564,-43.164097,132.40451,2.3128803,46.91751,-6.679722,1.1701571
8.52661,-685.0198,-2046.7073,472.6386,53.027374,-446.9724,-1596.2296,-11.984303,0.0,-576.03436,-59.754425,305.50348,0.06649178,71.601074,350.50967,-2.5807395,-47.065083,-226.25908,1325.0414,-3957.7007,553.52905,-100.739876,-10442.98,-155.60983,331.4606,-1045.2472,205.61081,2256.632,1563.1864,0.0,106.99121,-0.8807629,-25.066896,287.3183,-1022.0827,-13.211672,-31.336344,-23.133055,-24.05818,-20.126421,1.5622113
24.552103,-218.57533,445.7865,503.20462,10.31272,297.47925,166.46558,-13.44872,0.0,122.38146,0.05003932,111.60384,2.9684248,71.69347,387.16077,0.6775607,3.6505003,-133.06915,1032.1422,-8462.289,-99.17801,-221.79738,-19274.732,-698.9383,12.165284,-1849.3202,187.53522,-11665.149,-12439.448,0.0,74.06671,-0.8666832,-0.46097624,-101.21134,-349.0484,-11.637013,-104.71827,1.206479,-31.544395,-4.9313807,-0.9027102
29.231947,2772.2551,1808.2802,-822.6018,197.75137,230.35286,129.2141,-29.986977,0.0,-412.7406,-67.27718,-6.8035545,0.78714484,33.8266,327.66183,112.87652,40.504303,-44.01612,448.91122,-3756.9692,-259.57388,-47.7692,-12409.225,-208.52708,239.33383,-1227.5918,103.38107,-4856.7324,-4189.1016,0.0,75.14736,-8.965463,22.55204,-88.38281,-729.4221,-14.120851,-105.56754,2.8686576,-259.4872,-9.663011,2.90065
137.83508,-435.5119,482.5271,289.3005,44.802464,497.45865,173.97806,-10.222072,0.0,-681.51514,35.213913,-351.22406,-0.48896804,18.668682,690.3643,-0.12851453,122.52106,508.70297,1985.6919,1959.1962,1041.0631,131.0764,-2144.8628,562.17175,482.9384,2650.7517,-253.78143,8714.622,14680.037,0.0,-99.82175,-5.8302827,-1.7608489,-316.37064,482.04367,-51.7235,107.28327,2.951327,-12.04487,41.35077,2.3576992
-71.4109,3281.1245,1923.4104,685.6599,-33.142273,390.27197,113.69786,-30.888159,0.0,-1345.4899,-68.47805,-444.8956,-0.8576114,-1.3459648,-1719.2709,-0.68429923,-79.72626,-82.97656,546.43036,-2536.9429,-791.3658,-131.4059,1878.6143,-343.3228,437.51752,-1752.1547,255.75833,1959.7828,1863.7955,0.0,51.73862,-6.593516,-22.918404,149.80183,750.8499,-24.152552,52.27603,5.702154,-1.924384,-3.5410798,1.590288
-9.529684,-269.99307,261.88034,678.7232,-17.445604,311.7657,141.0144,-12.43775,0.0,-1461.9559,-155.20093,167.2208,-1.4882054,-14.115728,-1067.4629,-4.657139,26.189247,-35.989666,1412.2437,-7330.3,-75.21083,-56.12484,-9985.847,-491.41907,71.19628,-799.92346,252.62224,-8331.901,-10674.845,0.0,57.108173,1.7801236,-7.269609,229.89574,-337.68405,-11.928504,-106.36187,14.246202,82.88304,-4.4422545,1.590288
239.72134,-2301.2932,-2329.3345,242.89326,11.420719,-621.3904,-1436.3837,-90.624954,0.0,-224.33493,91.08913,103.96736,1.166395,-160.96786,254.39893,18.376444,-27.945953,-5.4823236,2016.694,12437.463,366.9302,-170.24686,75267.93,1872.385,1434.0598,7300.149,154.69789,22362.184,33146.605,0.0,-86.698814,-0.5526971,-50.971806,-59.446114,-709.77795,-144.57272,-183.47253,2.1879113,50.066246,-21.749796,-0.47048986
6.8140445,-319.764,321.22562,669.5767,-20.599722,276.6757,135.18394,-12.657826,0.0,-1341.7825,-155.43863,43.55437,-0.98475504,46.126846,5.577029,-4.876133,22.157936,-37.314594,1548.6049,-5989.7324,-315.06125,-81.57826,-9197.659,-158.83339,145.79582,-509.64163,229.57906,-6894.899,-6610.0986,0.0,58.89279,-0.40611887,-25.51481,264.08917,-344.57266,-11.676304,-124.71234,3.468101,71.72592,-4.5397635,1.590288
-47.973454,2916.0386,1791.299,-5312.583,223.50606,226.93349,124.08219,-30.005518,0.0,-2471.9746,-102.07261,-633.31726,-0.5201796,41.94123,-3079.849,-7.297732,-337.5553,8.239185,316.82928,-15385.403,-662.13983,-442.82126,24083.965,-2697.273,337.59677,-3021.3733,77.20822,-8729.699,-4646.8887,0.0,153.37546,-8.019522,-78.36241,-162.9924,-832.001,-13.302505,-110.68644,-30.14517,118.373505,-61.87989,5.554518
22.465212,-720.9099,-1792.1099,-85.82091,144.16351,-1071.8843,-788.615,-14.2159195,0.0,-425.1245,37.67946,-178.33415,1.3340689,8.415358,294.34683,-0.82374763,67.930214,-47.58398,3092.1296,3291.6436,877.1423,-104.66607,-6410.8516,260.24408,486.00137,3842.531,-1464.6624,14597.737,16586.715,0.0,-115.49588,-3.5447311,-3.3105216,-51.75101,920.3917,-56.407337,62.753864,-19.690044,-12.900399,-6.811007,1.5622113
-5.2779927,-733.31195,-1061.7922,379.81033,69.48816,-308.5059,-640.0735,-15.817234,0.0,-57.579784,1.9556088,109.038185,2.1883888,72.087326,390.87454,0.066314876,-12.700337,-196.22406,1197.3173,-10717.843,-486.95163,-357.8584,-21807.11,-1727.8789,113.58912,-2369.353,174.12444,-21456.805,-16440.326,0.0,129.52336,-1.3965962,-2.7552996,282.67206,984.7629,-11.056932,185.32384,7.2082577,-16.48453,-5.3955564,-0.59813553
-4.9100513,3275.4822,2220.5273,552.18524,26.462805,342.9108,156.44196,-14.017108,0.0,-716.8977,-40.258087,152.7364,-0.52596116,88.58352,383.23486,-0.11536355,15.736144,-226.84178,108.14914,-58.42965,536.10834,-153.43755,-5097.9517,273.85364,162.18484,-229.71521,164.00165,6004.1064,6480.386,0.0,62.74657,-66.16444,-19.60785,129.37914,708.05066,-21.085836,11.437565,2.2322352,-16.292826,-5.035276,-0.9027102
-36.655804,2178.435,1797.3959,433.4178,-15.964141,354.42853,232.9716,-32.754658,0.0,0.4720035,-84.54706,583.94727,-0.013475418,117.0694,298.61682,0.60811424,19.89239,-17.743305,927.1057,12130.84,775.5001,-761.6926,38720.24,1531.488,336.5132,5381.2007,359.8017,18316.506,15839.153,0.0,-41.115875,-10.611796,25.839323,-127.76552,539.7143,-56.924534,179.91507,2.567316,39.791058,-11.972196,-0.9027102
-630.12616,3286.5774,1610.9609,-541.00696,-27.312616,228.8878,105.87115,-17.577768,0.0,-134.52518,-87.10137,109.618256,-0.37337333,-34.172054,-177.80098,-10.270152,-38.734474,232.44556,462.71625,-6816.563,-316.13794,98.50907,-18096.33,-793.30994,433.4327,-1705.9642,210.06073,-10605.189,-11495.128,0.0,-89.52005,-8.919905,-8.570716,-143.52502,632.13605,-12.827544,120.39783,2.2599308,-236.12352,-8.690745,2.90065
54.855515,3611.8606,1844.318,-4628.6704,103.68512,225.47176,171.91202,-13.266009,0.0,-512.8054,-38.79051,-158.27095,-0.6821419,90.39343,471.4664,0.7402446,15.2546215,-69.77707,809.9105,2352.6929,425.06238,178.70508,-2788.037,342.62192,447.77963,-303.30142,255.50246,6888.6665,7423.096,0.0,-101.4613,-66.30458,-34.076416,-110.71112,818.89716,-30.005268,146.78264,1.5501677,132.54291,-41.626064,-2.1267002
46.963573,-125.13117,480.25018,419.6914,-40.334557,422.71088,280.18488,-45.041866,0.0,-227.5818,14.093537,-594.78204,2.5971642,170.87024,430.18295,-8.927249,20.359348,-19.304647,2031.8615,11596.873,814.772,-735.74805,37756.676,1778.386,385.668,5772.7275,190.35635,19227.812,16250.005,0.0,-44.193306,-2.6672425,7.613298,-20.512886,421.65,-45.55077,179.18227,3.0825613,4.7238283,-3.620285,-0.9027102
-3.1094732,-392.55264,465.2578,67.63298,23.177103,785.4743,133.07054,-7.704873,0.0,-1274.9602,32.93811,-362.50214,-2.3147001,83.94495,669.7166,-14.222779,10.3304405,-102.81903,2331.9207,-4608.8203,1062.3505,10.649243,15408.181,409.4116,669.3301,384.91772,-1688.1036,4583.278,7980.587,0.0,-64.73129,-3.5447311,-6.7407002,126.830956,419.64294,-42.901337,69.594795,2.0702066,-35.621742,-3.9582725,-0.9027102
-9.142702,-850.8161,-2506.551,172.29613,101.240555,-734.189,-1859.3456,-12.159804,0.0,-752.3334,31.387638,-458.83362,1.4380445,91.72206,355.0206,-15.231931,5.288306,-65.87384,1698.5531,809.069,937.6878,-321.69296,-5430.8853,532.663,526.0148,933.28906,348.54794,8051.659,12999.334,0.0,-100.799126,-3.3102727,-6.5948167,0.23507595,-1071.6641,-48.96693,-66.43042,2.802049,-13.984214,-22.169758,-0.59813553
-109.43055,-1763.6589,-1706.88,-62.37757,76.59105,-994.3622,-1727.469,-50.930428,0.0,-784.85767,-8.034858,369.20584,-6.760014,133.73161,483.5272,1.406351,51.39031,-20.614756,2434.0522,10956.375,819.56384,-42.501213,39164.176,1096.1947,276.4007,5355.1743,-1956.6206,15315.695,15228.322,0.0,-71.20691,-3.2168944,9.00557,-95.62321,642.06067,-43.033356,131.8922,14.802883,-20.801567,-6.916204,-0.59813553
-16.590796,2689.8237,1780.3761,446.21173,-13.790446,337.5649,104.18119,-13.500711,0.0,-243.85452,-78.985,-61.680214,2.9220834,78.281265,440.26797,-3.382864,-8.170454,292.6684,540.1315,-7353.116,-347.28217,-55.790592,-16476.01,-412.68716,287.01617,-1404.6165,123.78874,-9958.938,-11359.322,0.0,-120.96325,-9.240322,-4.2619705,-142.16466,596.4167,-11.704137,153.65623,1.5325148,-14.57419,45.868732,2.3576992
-19.205378,-283.79825,642.5733,115.4832,2.5886562,491.15854,253.78772,-16.208096,0.0,-422.3797,-62.90049,420.85876,1.7394844,-49.04161,-933.96497,2.0476232,54.2743,-62.95415,2214.1277,1879.5857,507.34155,-342.24265,22443.48,652.51715,269.94226,-148.17426,-2201.9692,11375.649,8240.564,0.0,-48.329506,-1.0688006,-6.7187214,-156.23247,333.29492,-44.36662,56.01631,2.9677036,-17.552193,-3.872947,-0.9027102
163.19981,2143.6992,271.15848,374.8086,429.96384,286.038,261.843,-53.66304,0.0,-734.48944,38.547546,-727.4262,-3.3259704,-240.00046,181.72942,6.2830544,-34.59369,-13.917075,1371.5576,10836.825,1205.2511,-375.0505,92703.33,2151.841,462.89584,4650.5034,71.90895,22564.705,35037.11,0.0,85.670525,-22.254658,-64.624725,-65.18238,-682.43036,-125.2572,-235.47076,1.395083,43.26197,-4.709068,-0.9027102
-2.5642407,2824.1843,1735.4855,-5957.676,179.74904,149.26257,127.350494,-29.554148,0.0,-782.2737,-67.38035,-144.14891,0.51541066,41.288307,159.8077,-4.3149743,29.642769,15.587475,426.58987,-4097.015,-492.0463,-111.85626,-12273.492,-66.74576,270.60373,-1125.5945,94.73871,-4604.851,-5028.3955,0.0,140.47717,-8.965463,-83.442825,185.59755,-682.0071,-14.742724,-135.81247,2.2669349,-312.1708,-69.05832,2.90065
-13.413018,-1676.5487,-2240.0176,-70.55866,110.36682,-1114.662,-1210.4084,-40.6651,0.0,-1416.4572,67.02493,-183.60591,-86.58036,606.47675,750.7189,-15.566132,49.370586,217.9961,2287.2515,8855.19,629.23267,-987.55554,66288.83,1571.4198,1243.2363,11395.98,-3005.5513,18710.598,21656.404,0.0,-88.32029,-0.65382904,-17.917717,-229.18239,644.6314,-107.85182,147.86702,2.3910244,-32.881134,-6.105843,0.97012585
-62.87816,1838.6532,1539.5056,-5661.3853,-19.36187,245.99109,242.32614,-33.426792,0.0,-871.40247,-66.337395,143.10722,1.0873226,50.48032,479.29373,-6.4208817,2.2542725,64.51337,736.6766,11365.118,618.7711,-715.2638,31494.88,675.9014,701.6711,3571.7036,90.420166,15180.178,10368.041,0.0,-75.87494,-65.00925,-79.368454,-160.79976,576.5961,-49.957363,115.40093,1.4568565,-615.8586,-44.18156,2.90065
108.16977,-779.4023,-1724.1831,212.8037,48.375114,-762.61774,-1206.0698,-22.690718,0.0,-994.396,12.009763,243.34769,0.3376654,-88.93031,400.39127,0.70408094,43.983265,-17.022509,1936.5189,8542.79,797.54114,110.56406,32039.064,921.71375,651.2775,4272.017,-52.99409,15967.1455,10266.416,0.0,-89.70287,-5.8443623,-4.755153,-187.31914,650.71155,-43.40871,92.36555,2.3473978,-24.220758,-7.132886,-0.59813553
-585.5775,-171.01904,396.6116,423.23627,-9.572189,290.95163,144.05382,101.98143,0.0,-698.65643,12.591851,-172.74925,-1.5217111,47.30595,380.7958,-2.8964283,12.024531,-125.92979,1267.8605,-6976.281,-60.35182,-27.628763,-14013.536,99.453545,180.93478,-230.49835,27.37758,-6854.332,-6699.3975,0.0,-58.751972,-0.8807629,-12.050624,-73.74225,-314.5843,-10.946528,-51.55849,0.75535977,-32.955894,-4.820678,-0.9027102
3.3870618,3620.6343,2308.7234,494.93896,27.713667,408.51135,134.88861,-13.969637,0.0,-736.29584,-40.013634,-137.00179,-0.84353256,85.0254,448.86682,-1.5166695,7.556457,-45.859016,91.62857,-348.0552,532.80646,-131.47923,-4185.7603,260.58847,185.09396,-269.6528,148.04115,5963.885,6377.9673,0.0,66.00609,-66.16444,63.207752,-138.28514,658.7267,-24.312277,12.577304,2.4749134,-6.0932875,46.633686,2.3576992
21.192091,-294.7217,428.62555,489.57608,29.565542,344.1813,197.3349,-11.955369,0.0,-1020.6275,-114.89557,49.794815,-0.85666764,-3.5038943,-941.7939,1.7069818,31.556862,-75.19261,1371.9353,-4006.1655,793.7138,2.541716,-5550.5586,299.2158,250.58066,-548.90326,27.970636,3934.8713,3781.1675,0.0,-58.22313,-0.08759248,-22.884874,-110.54846,-297.02484,-15.487762,-25.188326,13.26203,-25.000298,-4.655539,-0.9027102
3.2867966,-259.99756,431.6089,550.2629,9.688531,295.55133,157.17723,-12.079319,0.0,-17.492916,4.0474358,-85.6961,-1.1554865,44.493393,306.62692,-2.4552412,37.84255,-70.11589,1128.1145,-9160.186,-300.3349,-220.6602,-19019.729,-1352.634,103.14019,-1627.8427,123.33532,-13507.7,-12579.492,0.0,77.7982,-0.8666832,13.538956,-101.31732,-378.59387,-11.444772,-52.342743,2.5821507,93.066734,-5.014273,1.590288
-6.851675,-200.03264,427.7334,557.8941,-41.689125,315.10376,115.50887,-12.561211,0.0,45.917736,0.61872315,-105.05377,-1.4882054,-28.802656,-1136.3625,-2.4825873,-29.936207,374.8382,1185.3857,-9014.415,-386.81384,-169.85179,-19274.588,-1354.5195,63.125587,-1267.4047,-67.56748,-15105.678,-13167.573,0.0,133.04227,1.3651179,-6.187142,261.63748,449.44327,-11.49116,89.83178,4.522201,70.8533,-3.9100356,1.590288
-12.509598,4310.619,1304.1649,-53.64431,1790.8041,187.4655,112.83213,-28.758213,0.0,-23.411081,-7.804037,-178.74013,-1.4199023,-110.455536,-113.909584,-9.870623,3.3766127,206.652,-19.21814,-8905.874,-265.79956,-124.44513,-15042.838,-1090.8602,-44.06259,-2574.5007,76.339775,-18338.93,-15223.014,0.0,-105.31662,-8.96754,-9.533778,-114.65587,771.5374,41.856133,93.74822,2.67807,-232.0313,-8.772771,2.90065
28.325825,-708.0442,-1723.3994,226.02051,35.472855,-410.72067,-1459.1898,-12.385889,0.0,102.34602,-0.18401,89.17167,-1.4515177,-107.10632,201.6234,1.6138344,1.4459867,-85.35812,1191.1936,-8121.6763,-92.94587,-180.92325,-19861.734,-1467.7467,139.717,-1492.1316,239.18929,-12539.693,-12956.988,0.0,-108.08585,-0.8666832,-4.420281,-89.39194,-736.2326,-11.484861,-122.38689,6.7755895,-20.60074,-13.512397,-0.59813553
1.3914717,-346.0989,614.5952,523.52734,25.41248,310.22238,226.43855,-10.093527,0.0,-919.17114,-59.67236,86.77348,-0.70038366,43.396503,247.2192,1.1496797,13.309625,-121.2456,1361.2037,-2833.3472,553.2777,-58.105778,-7335.176,342.42786,207.17271,-281.44656,70.196594,3925.269,3164.511,0.0,-70.53755,-2.734399,-23.021639,-122.486755,-337.6845,-13.635527,-47.46312,2.2593594,-26.125372,-4.653561,-0.9027102
-2.0325317,2414.9016,1819.7727,513.31366,-8.289603,277.22205,96.7414,-14.097279,0.0,22.33696,-79.43065,51.392212,-0.42635036,41.750416,248.51353,0.018067181,8.627585,-221.21027,338.27676,-7034.24,-297.34,-93.28131,-17442.812,-436.3738,339.52942,-490.97025,141.7526,-9160.039,-10282.021,0.0,71.9454,-9.240322,-6.052663,131.38612,582.7103,-11.53712,150.29982,1.4178169,-6.556506,-5.387974,-0.9027102
0.45070493,-208.11081,380.6969,517.40466,4.703085,325.42224,157.89377,-10.170687,0.0,-648.75543,2.1607862,-212.32452,-1.7725766,-42.58307,315.96933,-2.5591345,10.496644,-107.69385,1160.6986,-7066.479,42.148945,-21.905462,-15327.233,-417.09537,115.999466,-768.12286,208.52179,-8425.228,-10409.13,0.0,-62.191036,-0.8666832,-5.3414874,-55.235226,-334.918,-11.487434,-105.29883,1.2505871,-33.047493,-4.6764965,-0.9027102
53.117695,-180.65868,575.5368,530.53656,8.900842,371.62332,169.4227,-12.156729,0.0,-37.841663,-33.30428,88.28952,2.4379988,71.68628,365.11874,0.7831909,12.403354,-120.47176,1193.1665,-4726.807,454.9988,-49.578037,-12240.713,298.98413,247.89842,-775.0307,201.80537,1655.6244,1245.868,0.0,-69.61484,-2.734399,-22.403826,-128.14597,-390.72705,-13.587863,-80.65085,2.9674485,-18.207901,-3.7219038,-0.9027102
48.888306,-772.9799,-1424.6859,208.04771,52.75814,-583.0567,-1365.5776,-17.182804,0.0,-1275.8745,-6.527158,-260.52753,-0.716673,-103.36248,342.45566,1.0328503,9.058938,-82.29613,1487.0088,-5089.0327,-119.13776,-106.60219,-10916.1045,-301.09003,158.15363,-489.4028,274.88104,-5718.104,-5713.8755,0.0,-101.640205,-0.8807629,-11.724292,-104.921616,-677.5593,-12.319492,-103.65106,7.5933676,-21.062176,-13.251027,-0.59813553
-1.4868948,-381.1179,260.3923,477.15143,-36.371048,391.13037,114.02777,-12.012704,0.0,-1589.494,-60.031998,350.25208,0.976282,78.981445,366.41293,0.025487393,10.229736,-265.54214,1638.688,-5513.175,-386.88684,-83.13486,-9977.226,8.744536,112.01938,-1416.8099,192.58556,-3313.8384,-5170.9263,0.0,74.44562,-1.2816889,-20.665724,198.8365,454.69528,-11.667591,119.90509,2.8398955,-21.86497,-3.9789684,-0.9027102
-13.740765,-317.5048,545.88446,377.74997,30.850555,442.09647,137.2239,71.78271,0.0,-1278.6527,-111.71303,19.364483,-0.6923814,-20.584734,-1295.5668,1.6678058,61.62926,-40.772957,1661.0314,-4949.256,526.7315,-15.379068,-1384.699,142.6038,258.7406,-815.3896,-621.1528,2704.2808,3075.0093,0.0,-51.22733,-0.08759248,-23.742964,-113.29328,-254.77701,-28.736694,-24.616102,13.26203,-7.5535073,-4.4080534,-0.9027102
82.34692,-235.13843,563.3579,467.921,-25.563738,377.48257,154.92189,-11.505109,0.0,-810.9409,10.551139,60.544983,3.9027157,114.18847,522.118,-2.904236,38.69942,759.96094,1836.0674,-453.66577,1140.3322,408.75418,-4861.6567,760.20245,654.81067,948.5019,227.65845,7775.459,10135.266,0.0,141.3645,-5.8302827,-4.5512424,774.9233,459.49023,-27.06715,68.135086,1.8225044,-28.735989,42.615166,2.3576992
-2.21383,2823.4167,1793.4331,-531.09656,5.8492126,298.5463,98.67417,-28.652637,0.0,-550.96625,-76.56022,257.0813,0.026428342,-31.421818,-9.132946,16.009853,1.4795222,-63.164215,668.4339,-4809.678,-271.37912,-66.0054,-11642.015,-0.8921952,164.01073,-1027.9117,-66.41924,-4871.254,-5010.229,0.0,76.30158,-8.919905,18.010256,-68.21396,771.82587,-12.50967,137.62605,3.6461878,-157.55452,-8.72801,2.90065
8.330272,-829.68774,-1363.4794,496.5832,70.71682,-531.2714,-692.2656,-16.369637,0.0,-47.19903,-8.512671,-10.87652,1.0450132,69.70125,313.2243,1.176105,-5.596198,-113.392944,1650.9121,-5094.808,-158.1242,-17.111853,-15031.955,43.09662,196.36154,-1828.0989,-66.03307,-3282.2214,-2521.2515,0.0,-111.09632,-1.2816889,-21.34375,-118.383194,841.5469,-11.614589,49.134724,1.9417987,-25.899185,-6.498336,-0.59813553
-4.9144444,-685.05664,-1657.2225,222.22647,10.436111,-413.43835,-1409.9454,-11.833564,0.0,-172.71765,2.1119008,187.556,-0.88991594,35.271656,288.0907,1.134928,2.1572762,-105.681366,1103.3359,-9068.377,-291.8227,-495.81628,-19812.371,-1398.5325,130.50493,-2289.1855,225.18858,-16570.758,-14713.244,0.0,-108.91738,-0.98159057,-4.4757276,-105.02789,-749.7891,-11.662252,-121.763115,2.4453154,-37.14169,-13.53745,-0.59813553
33.943485,2860.536,2204.8108,-4714.5728,305.5141,283.61105,192.10413,-13.796256,0.0,-965.68945,22.440516,-963.06836,-0.24250454,42.739346,-1932.5193,-1.7482014,22.549822,-69.29419,-367.1604,-607.39453,-134.47723,-58.834995,-5891.5117,204.88036,72.274574,-1202.6228,2.2454054,4803.8677,4554.1543,0.0,-97.08896,-62.262753,-46.23618,-46.130665,-708.56165,-16.008911,-302.69836,14.533787,79.71151,-42.903973,-2.1267002
-1704.064,-800.31384,656.312,-48.12678,-224.25868,446.12808,567.4332,-517.1297,0.0,-941.0228,119.27936,-699.1034,-12.212374,-752.07635,408.83975,20.280235,33.74146,-32.144196,4380.3354,27851.533,1624.6736,-426.84906,173442.25,4265.4326,-39.004845,39469.18,-2538.0508,57866.48,58236.06,0.0,-65.427155,0.47263384,45.387238,-34.011208,-182.73853,-56.37042,-185.14217,1.3626646,14.201313,-4.437738,-0.9027102
4.7856326,-303.8921,481.88382,437.42337,24.824549,412.72372,192.34929,-10.957376,0.0,-995.6125,29.968424,115.26866,0.2052252,-55.404488,-67.38591,-5.2074237,-60.70914,-38.566093,2307.449,1816.7916,1026.0999,133.17761,11403.864,530.3331,500.14725,214.69449,249.94164,7857.0083,9163.828,0.0,-65.52504,-5.369718,-4.7796273,-239.37059,362.42352,-66.310776,60.41904,3.3482862,-5.441619,40.53399,2.3576992
2.0941224,-275.44534,517.65375,369.16443,12.235105,657.55383,158.54474,-10.093785,0.0,-854.3195,20.955671,-255.89746,0.89104307,95.199356,566.7777,-0.5461993,-63.276417,316.57852,1879.5521,-2344.9663,1068.2753,263.45282,1394.02,647.62415,341.22443,579.0453,-303.56677,4750.728,6906.5933,0.0,-118.005714,-5.8443623,-7.160514,-277.04828,544.5645,-32.23446,68.86589,-31.832764,-27.755974,-4.260815,2.3576992
8.74535,3278.315,2106.7747,546.09595,38.83399,358.98492,200.40245,-12.935594,0.0,-958.3688,25.97819,-180.97081,0.33065486,85.16055,476.21854,-3.1364932,16.894089,-93.43111,-79.57294,-770.73517,-517.9493,-158.34521,-3680.8457,51.9151,392.07663,-1110.247,153.97583,4358.3486,4596.068,0.0,-60.742702,-63.068546,-20.917572,-51.763786,-605.2888,-24.242704,-78.40133,3.0827708,-5.360797,-5.770314,-0.9027102
11.809347,-854.9552,-1933.6531,106.358955,47.972523,-416.57678,-1431.5961,-18.974081,0.0,-13.350723,-0.37383434,-136.06194,-0.13102257,54.01853,-728.2457,0.9468659,6.668726,-120.478615,1237.2203,-7524.052,-114.55167,-540.1476,-19253.838,-1125.9615,-64.41148,-1433.334,81.4901,-11656.702,-12347.82,0.0,78.274254,0.041045964,-10.084461,327.69867,-673.768,-11.243034,-41.704235,3.9941857,-27.674166,-20.47204,-0.59813553
0.05063361,-255.1894,541.92633,571.11566,-0.8502655,430.3352,122.31228,-14.081256,0.0,-2349.212,-16.010668,-768.57825,-1.1753395,484.52518,-3543.6768,-2.3863883,-298.71063,-347.23923,1138.1635,-26810.266,-753.53143,-404.55054,26435.176,-2311.5369,212.38046,-3009.2896,-746.9364,-9600.61,-3526.4,0.0,92.46107,1.7801236,-59.205387,-29.575705,-500.20474,-9.943525,-173.74226,5.3876243,-12.050109,48.70982,2.3576992
-21.142584,3172.6008,-1957.694,-76.3408,746.68317,-1129.4427,155.2688,1389.0151,0.0,-110.45537,-81.38953,-61.536934,4.8358383,-215.00514,-466.6745,1.7705848,95.51973,-25.390766,871.74927,5258.3354,696.3461,-85.83935,23387.184,-62.923218,238.82292,-684.6289,-1607.5918,9002.802,7810.868,0.0,-87.179756,-62.92951,-36.514854,-168.5655,457.17047,-28.114298,-33.567112,3.3493521,-7.5245514,-3.7374437,-0.59813553
17.39003,3227.0034,2259.4817,-348.25797,391.02087,295.88757,245.185,-14.124997,0.0,-368.5039,-38.576504,254.50322,-1.7599198,96.64296,414.79254,26.714806,-79.61476,-77.52969,449.13666,3184.0486,149.22293,215.72838,-1341.1484,534.4273,200.21278,-270.57898,44.524624,6006.6,7365.4688,0.0,-57.34711,-63.784565,-22.145544,-73.5737,-795.0775,-28.112406,-47.93196,-20.025368,92.61748,-11.690919,5.554518
2.8272471,-183.71759,486.35318,433.76202,8.05101,244.5548,134.47961,-11.075366,0.0,-73.2386,2.326229,95.679245,-0.6099402,-125.02783,238.2885,0.24601053,2.24127,-206.30865,981.5952,-11283.489,-520.3575,-391.05234,-20877.707,-1547.3705,117.59338,-2666.281,60.14596,-21557.953,-16513.764,0.0,100.38096,-0.98159057,-4.4004645,144.44542,-426.584,-11.277911,-107.377945,1.9015518,-30.272093,-5.0313015,-0.9027102
-7.9436803,-750.0332,-1613.519,230.42432,64.7394,-633.4397,-1223.8264,-16.768116,0.0,-960.70667,2.026012,-325.95886,-0.716673,-28.87842,77.88524,-2.2658486,9.411892,-88.6054,1540.2634,-4947.8594,-74.50491,-100.60221,-13317.394,-176.65794,132.63084,-326.81805,326.54446,-5707.3467,-6180.638,0.0,-96.27805,-0.40611887,-8.948255,-94.06085,-666.99786,-11.704758,-104.34476,3.017216,-22.249264,-13.241167,-0.59813553
34.244965,-297.00793,289.80994,665.1449,-1.0757341,290.50146,145.96532,-11.033018,0.0,-1277.2444,-155.22816,277.08066,-0.9272001,19.55848,181.81033,-6.2358546,-29.04325,-107.51633,1712.4768,-6253.5957,-73.42512,15.202647,-8432.8125,-145.83629,122.94595,-281.33032,252.60516,-7223.0493,-9714.108,0.0,-60.126472,-0.8666832,-6.8813033,-68.029465,-375.6393,-12.104233,-91.40393,3.2661018,65.541245,-4.2365804,1.590288
2.5887918,3642.7188,1901.971,-4600.657,97.45968,237.67819,175.03352,-13.742396,0.0,-333.92834,22.68498,-98.18671,3.217116,91.00012,469.90463,-14.52635,24.916433,-71.027084,435.5705,2911.1646,571.6696,187.62987,-5537.3203,247.80391,467.5598,-412.9696,36.106827,8996.042,8227.413,0.0,-132.68977,-66.30458,-32.787575,114.78705,821.46106,-46.841995,150.28142,2.1576126,132.92355,-56.24386,-2.1267002
-28.228434,-342.21567,269.22714,580.68994,-41.92357,368.28897,117.29591,-10.667759,0.0,-1358.1545,-149.53894,-202.36404,4.4243264,79.810005,448.2441,-1.8252125,30.98077,-585.9475,1671.2542,-7368.274,-50.630146,-10.7668085,-11004.392,-138.00005,83.266754,-459.27393,175.11005,-7111.415,-9333.963,0.0,-128.03346,-1.2816889,-6.316593,-178.05347,450.64932,-12.259042,158.53127,1.6605725,85.47705,-4.1998215,1.590288
51.32861,-166.81206,374.61746,468.99463,8.569812,306.41766,153.83159,-12.408767,0.0,-135.3269,2.286688,137.7932,2.5500746,71.28228,386.5506,-1.842999,-27.59597,326.63544,933.55145,-11597.667,-512.07355,-413.59735,-20929.256,-1604.1804,113.54371,-2634.258,104.573074,-21628.482,-16729.574,0.0,-111.1733,-0.98159057,-3.9607196,-142.48796,-406.8811,-11.405976,-122.14961,-21.213177,-27.334991,-4.8693695,2.3576992
50.623997,2628.5232,1862.1741,426.08405,55.185524,283.88522,121.800766,-31.553225,0.0,-925.58154,-128.50293,-71.54394,-0.28311723,12.321737,-1356.9513,-26.161963,30.049402,-72.30077,24.701538,-4516.2056,-782.9663,76.243454,-3298.4443,-281.47556,757.9813,-1479.1931,360.73785,-1103.1354,1486.4155,0.0,-47.975197,-8.551222,-28.99525,-44.843376,-352.06982,-21.164867,-40.92499,13.732079,75.41696,-10.343063,-2.1267002
-11.153331,-740.08405,-1069.4569,209.1224,45.1248,-658.26733,-519.38495,-17.560717,0.0,30.484882,3.2761605,-530.6678,-1.6607786,55.67034,-1398.8916,-1.8175378,-12.984395,-5.306451,1234.6475,-10236.478,-448.6446,-376.18042,-20882.727,-1438.7305,82.59405,-2257.2769,180.004,-19905.883,-16254.955,0.0,-88.739655,-0.32800817,-2.7558012,-142.48709,848.2705,-11.657094,159.98003,4.63043,-26.207333,59.460926,1.5622113
89.28263,-228.8366,517.65704,516.60425,-22.437716,446.3124,181.61377,-12.1402025,0.0,-830.06213,29.258482,433.10526,-2.54877,76.87157,-45.46379,-1.6099429,-18.461357,546.7938,2235.2368,2026.7913,1084.3276,483.2404,-5678.6025,637.554,290.92325,2532.076,307.71277,9411.314,15554.449,0.0,128.64595,-5.369718,-3.028025,814.34515,478.03763,-54.1208,63.551945,2.3279157,-18.203745,38.65689,2.3576992
-40.71195,2853.8796,1939.2816,-219.3792,99.6243,198.03947,198.7022,-12.350067,0.0,-193.73836,-15.268374,-83.35547,2.233046,-209.58704,-188.67038,0.30435252,13.178794,-197.71294,792.1537,4932.379,1110.3354,101.841034,1070.5646,496.8473,375.46982,1980.6151,114.4672,13220.236,11155.962,0.0,60.49841,-65.858086,-38.47415,319.61176,738.49426,-70.41404,-17.791275,2.598675,94.08768,-16.889368,-2.1267002
-5.324877,2663.1897,2133.9158,-4782.362,195.51086,245.34355,195.06123,-12.007054,0.0,416.9155,24.696596,-9.743637,-0.4034806,-106.82027,491.13293,-4.552916,-113.5083,68.22101,-177.84067,404.86017,593.877,16.238146,-16141.415,519.7105,310.33575,363.59595,24.973488,5702.1733,7300.325,0.0,-186.29948,-63.77049,-43.468914,-176.77017,-732.77576,-15.039149,-242.2006,2.267173,92.84449,358.8419,5.554518
-36.30825,-162.87369,632.5684,610.43506,-65.9629,363.31546,130.69931,-9.493142,0.0,-262.86945,-29.030796,-110.45345,0.90381116,93.22474,476.0825,-2.5807395,-38.461994,754.7523,1325.7684,-4259.761,513.9655,79.34276,-12567.009,245.66183,226.76399,-1188.6624,168.95284,2392.514,1419.6466,0.0,157.03804,-3.1634846,-24.36347,501.6073,413.05176,-13.502846,34.813496,2.4065092,73.992294,-3.2460837,1.590288
36.638523,2660.4712,1829.0378,-342.65137,5.378417,378.01266,260.64365,-34.30651,0.0,-828.6401,-74.595436,366.5219,-5.7817593,115.15084,366.25482,31.884874,14.304957,-17.428022,661.5354,11512.928,759.37787,-913.5955,45965.79,753.86725,297.36847,439.6531,482.90842,14979.405,10145.33,0.0,-45.904232,-65.00925,-19.473793,-53.189465,578.372,-42.170887,146.60207,2.5821736,113.002686,-16.538105,-2.1267002
4.9906387,-805.41187,-2079.1252,445.19623,38.80174,-465.93887,-1394.2942,-11.343492,0.0,-591.96875,-59.733463,187.35,0.04281676,19.995539,366.87997,-3.4665127,-5.8663726,315.89594,1378.2686,-4376.62,663.57794,-47.770267,-11381.078,-56.098103,223.28633,-1679.7905,433.73154,1062.9564,948.242,0.0,-162.09784,-0.8807629,-25.229664,-194.05814,-873.39124,-13.639601,-79.83485,3.5233157,-25.851295,211.39374,1.5622113
87.851006,3286.499,1885.1447,-148.93819,11.580717,308.7299,106.27463,-15.005673,0.0,-447.48398,-79.02493,466.9465,-0.45003754,-28.70823,-681.17615,5.39256,10.667075,-73.23737,691.4751,-6030.6826,-338.37735,-56.38324,-14333.182,-342.20898,674.6599,-910.642,183.68205,-8438.449,-10216.211,0.0,-50.637104,-8.434527,-7.4441767,-56.86898,639.0887,-11.547931,115.843315,3.7334037,88.25195,-8.71743,-2.1267002
-15.350006,-190.17332,404.20328,471.20242,9.769227,322.21243,152.75516,-11.749164,0.0,102.59386,3.4725106,-180.52415,3.9475503,70.31978,385.10403,-1.7566361,-24.06801,-146.02394,1090.0155,-9641.714,-336.56375,-225.9482,-20229.006,-1439.7603,5.919814,-1358.6099,152.90909,-15769.311,-14105.74,0.0,106.585625,-0.8666832,-3.6997905,-72.80781,-396.9054,-11.670807,-119.86239,-21.004362,-38.023026,-4.6581964,2.3576992
72.44767,2677.5461,2371.1277,-24.980152,5.764763,419.66498,253.41093,-41.77359,0.0,-997.4737,-147.27286,-526.8858,1.6743939,-76.85019,-0.30338764,46.34146,9.811102,-7.3877277,1528.4763,11750.547,685.51733,-653.6771,61341.812,1686.5698,72.087326,2895.5981,291.90216,19773.113,17148.262,0.0,50.395584,2.9089108,-235.27455,-15.736731,542.7228,-67.248314,143.55756,3.2564483,169.80559,-13.041634,-2.1267002
22.324572,-753.5699,-1339.8701,256.14124,104.67212,-397.8462,-573.75684,-12.4612875,0.0,-322.0491,2.2636683,132.15486,-0.64306307,38.12285,78.70755,-0.9389188,38.178013,351.9202,1285.8422,-12182.343,-716.8883,-830.6857,-23587.71,-2069.5002,224.10474,-3579.3657,132.24365,-24967.209,-17858.39,0.0,137.58188,-1.4628172,-4.0922832,-182.71637,879.13574,-11.43494,150.84242,7.4509363,-37.6832,48.716476,1.5622113
7.3425937,3169.5813,2625.3313,701.0295,-3.1897588,338.41684,224.3323,-14.649333,0.0,-616.9568,-38.391132,157.41005,0.36147118,102.414856,347.16476,-4.007898,-68.27153,-247.83334,25.130234,2215.1145,537.70953,-174.75943,-4511.399,422.95764,272.99286,-277.9054,176.4123,6114.9727,6336.5537,0.0,63.810627,-63.63034,-22.607103,168.65852,-660.3214,-24.110046,-50.924507,2.3687296,-17.830128,-4.9742975,1.590288
-74.21283,2149.5396,1786.7357,-401.67502,-10.110994,251.19768,333.5326,-57.617832,0.0,-1489.7489,-208.60332,341.60712,-2.2534175,159.77289,398.67578,46.596344,15.050888,-10.373013,1189.5725,13558.101,897.9146,-827.7124,58148.45,1940.913,100.260574,2503.0522,292.89612,20666.963,16642.488,0.0,-41.53527,-9.073353,0.37785387,-79.149796,-701.63654,-68.19476,-138.87642,2.5496564,148.5762,-14.271641,-2.1267002
-92.22923,2527.0764,1300.259,-3644.427,25.210512,287.91916,90.14652,-12.587059,0.0,-301.9456,-0.8285024,-121.989334,1.7536987,66.552414,508.22232,-5.8220177,3.3889878,302.7923,524.83417,-10349.396,-547.2915,-507.96008,-18399.336,-1080.0833,140.32503,-2515.6921,-50.834583,-18611.768,-15983.133,0.0,-190.13477,-9.421451,-10.314504,-108.46332,846.54254,-12.05227,194.01071,1.7979535,39.742157,593.4973,5.554518
18.814634,-951.3544,-2225.1448,75.86734,118.57128,-1211.1959,-295.5684,-13.2428055,0.0,-784.6789,13.84875,-342.4561,0.20385513,-138.5177,268.4052,-2.4457574,-73.69232,-69.39706,1951.3256,-906.85767,1013.74615,198.63554,-5246.941,82.47688,377.46286,862.798,-1094.0682,6224.1743,8873.92,0.0,-113.50918,-5.8443623,-7.9565487,-50.663513,873.9151,-26.300543,62.54573,2.9481802,-9.738937,74.07669,1.5622113
47.684498,-1539.543,-1536.8687,142.40323,62.358555,-731.15533,-993.4499,-34.415607,0.0,-848.925,14.753707,-565.0232,5.200305,-211.07701,-2214.6074,-2.2066793,49.14136,-50.573746,1948.2566,10227.762,755.11444,-88.45212,38940.85,943.5369,12.592866,1430.7014,287.8841,15699.024,10884.788,0.0,99.291664,-0.0970912,-6.142911,241.72879,867.5902,-38.425423,132.35881,7.3110094,-14.926211,-6.5915236,-0.47048986
-61.9811,-115.7277,514.9065,248.291,-45.499916,345.12317,278.4269,-26.837727,0.0,-354.7563,56.50481,426.73022,-4.4124355,-13.688936,391.16837,-3.2315912,-5.380298,114.54649,2143.0742,13939.82,562.66473,-725.05414,28132.223,1249.9297,727.86554,10266.771,-2687.4229,20899.557,21633.248,0.0,70.89174,-0.36761153,-25.020027,454.93106,500.90756,-149.87027,149.78635,2.5286143,58.728416,-3.0880463,1.590288
-9.866914,2650.3645,1791.8558,-4987.367,96.80954,156.80855,207.26573,-12.223384,0.0,-716.9657,-15.29404,6.956934,-3.9203935,122.69488,397.63727,-1.5733069,28.91894,-242.76184,1137.7107,4276.0103,1104.7745,340.59744,10722.942,497.5102,266.24118,-240.47508,63.076885,10646.646,8203.872,0.0,146.42534,-66.30458,-34.095695,276.72552,719.4412,-70.0542,52.98209,1.6123347,141.88171,-57.530983,-2.1267002
26.82668,-210.78365,566.3556,483.3091,2.1995094,411.92004,231.53677,-16.495234,0.0,-478.71683,7.7371416,-434.7922,-1.429001,127.346565,491.15518,-14.252305,8.3076725,-34.99935,1776.8901,6547.62,796.7396,-554.9949,27012.922,973.7319,631.1943,4081.9753,481.2727,15350.025,10275.805,0.0,-50.34612,-5.8443623,-19.466373,-4.7759895,515.602,-40.979137,93.00029,3.3048306,-17.106195,-4.1988482,-0.9027102
-69.97358,3339.4485,2105.6523,-364.6141,66.49628,267.92133,123.16359,-13.733426,0.0,-1040.6543,-38.692852,238.83983,0.24665666,82.20629,351.136,-6.4673915,6.9056883,-232.31232,124.81175,-481.83298,-419.4142,-297.81232,-4649.755,-53.75034,302.62,-770.6585,103.70735,4457.859,4616.2983,0.0,67.873604,-63.6237,-20.698977,129.57214,765.00134,-20.83638,72.71535,2.808651,87.324265,-9.649137,-2.1267002
0.36941302,-768.68884,-2297.9282,127.251755,71.698746,-785.10425,-993.68506,-14.430452,0.0,-937.78876,22.30139,-224.32397,-0.39941302,-136.08517,327.1554,0.9926385,4.3224173,-91.239204,2029.6886,-1142.448,997.92163,-148.84055,-7493.94,144.77023,299.92963,1057.678,426.91898,5018.147,6174.3247,0.0,-119.4136,-5.8302827,-5.6456704,-174.22292,1024.4675,-13.442116,78.581924,7.4342,-21.588827,-5.888161,-0.59813553
79.70823,-415.61392,248.78087,-92.86943,-17.96821,421.89777,42.223907,-15.847189,0.0,-748.1225,-47.721333,-404.6442,4.65953,23.023207,-1927.7146,-2.5919056,42.28678,-128.7485,1043.617,-10257.842,-473.2422,139.90358,-10256.571,-222.62326,474.63095,-360.5911,-1556.7246,-8925.493,-2268.3518,0.0,-54.230648,1.180605,-9.860461,56.737877,377.90112,-11.408343,79.081894,4.1486464,-68.156425,-3.3744037,-0.64739645
-15.1854,-176.37045,601.379,466.41888,6.6642427,407.65332,181.56645,-9.826264,0.0,-436.40405,22.659033,-6.426793,-0.45381403,45.305428,397.94012,-3.296906,-17.799162,309.1123,1278.8147,-4397.939,969.1111,217.54391,-9635.245,385.77182,283.5873,879.9167,175.68007,3418.951,4256.5576,0.0,-147.88055,-2.734399,-7.62972,-237.9793,-335.937,-13.702787,-27.155119,2.6416552,-25.657513,46.70431,2.3576992
-4.906511,-308.97473,529.50305,442.01508,4.0680103,309.2277,157.61009,100.27178,0.0,-134.87091,-30.0414,110.707466,-0.2233414,54.96254,346.62646,0.65768605,12.488467,-112.30863,1096.2802,-6222.909,-96.82398,-162.41365,-12224.457,65.30446,233.83502,-1508.9515,-867.2985,-3527.7368,-513.7351,0.0,-61.008644,-0.8666832,-24.03456,-79.97211,-504.51068,-12.139398,-36.382732,2.34124,-9.575627,-4.9293747,-0.9027102
30.261213,-587.2419,-1991.078,433.8743,66.55912,-505.42743,-770.3307,-17.61187,0.0,-855.78143,-58.082535,538.19574,-0.59485257,8.605403,-817.29364,-6.921974,29.964151,-0.6128947,386.91284,-1785.2333,825.98047,-176.56345,-10965.46,252.17212,241.67418,-127.68831,316.89395,3573.5837,2265.4192,0.0,-78.07744,-0.687554,-3.0417767,-156.35876,795.3431,-13.6483135,66.94889,19.3528,136.33847,-2.8303242,1.1701571
18.126806,-645.3708,-1794.5226,152.89207,70.00957,-800.1578,-1389.787,-21.087452,0.0,-959.091,8.800736,474.21964,-0.83683926,78.56473,-900.8317,1.7681105,54.575222,-39.652493,3412.2073,5792.2905,748.58105,-167.2096,21728.037,460.99957,599.93756,-224.32474,-131.05429,10588.263,7487.2227,0.0,-86.89731,-3.3684316,-36.274464,-216.96037,990.6028,-28.435785,56.830948,3.8717034,-29.202991,-4.5603857,-0.59813553
288.66025,3953.4348,2082.4736,319.5631,650.86224,367.32318,205.11258,-45.538517,0.0,-182.57002,34.55332,-118.13972,2.342715,111.647934,618.1182,-2.3675663,72.16703,291.2906,1002.0946,3454.3428,1192.1705,210.52403,-4811.2847,365.78903,698.1644,470.38205,316.97836,13913.838,14037.391,0.0,141.41298,252.57475,-3.532073,-288.0774,783.5612,3242.8818,-9.051296,-18.413664,15.500188,-12.386406,2.3576992
-16.433846,-236.85359,498.93875,711.3591,21.8423,358.7944,227.60674,-11.290808,0.0,-2432.377,2.6856248,192.07765,-1.4041818,115.65223,760.3832,-4.9722795,109.05731,-75.369316,1909.1106,-8556.775,364.25198,362.75146,23558.875,683.5645,247.7183,-1882.5768,184.44049,-1157.2523,-301.59027,0.0,-51.87951,-3.3102727,-9.628708,-88.87183,-522.84656,-11.404889,-74.906555,3.5482686,67.237595,-4.528332,1.590288
40.84603,1955.2701,1970.9315,707.1934,-42.24752,374.70312,307.45126,-60.530865,0.0,-893.1729,-43.025333,29.784298,-3.4775593,-412.56192,396.33182,-17.737593,39.742073,-273.4278,1293.3442,13441.751,827.44226,-402.26395,60590.824,1768.1945,110.68703,6333.686,223.63152,20759.074,21975.918,0.0,-63.286278,-8.091786,-55.0591,-181.09476,-608.4571,-160.78232,-153.03285,2.0623865,-113.5647,-6.242436,1.590288
5704.84,5262.123,2226.3267,1257.6184,1110.1658,325.5319,407.89996,-1357.3918,0.0,1120.7682,69.54156,306.79593,78.56834,4944.597,3841.2095,47.83464,47.179726,2.421323,2414.36,39933.438,1229.4509,-771.10803,191813.25,4332.181,4784.7207,45419.06,1834.2552,72777.81,64978.816,0.0,115.9001,-27.577059,51.373608,-47.641773,-264.38403,-37.177525,-121.89033,2.826109,123.45083,-7.7132745,-1.2112112
-63.939453,-890.43585,-2521.7803,318.92,165.66545,-650.8032,-1842.7289,-11.462552,0.0,-980.46326,32.507797,363.62402,-0.13679755,-200.15802,382.64957,-3.948223,-142.01077,150.46298,263.8608,2799.2744,1014.8036,-264.40662,-2838.1914,754.26086,140.28337,441.7464,385.1472,9418.275,13290.808,0.0,108.35111,-3.3886163,-1.3770869,749.43555,-864.6104,-63.698345,-66.14903,3.9881704,37.814587,-21.99167,1.1701571
19.791176,-604.9801,-1518.3745,107.72216,51.364365,-747.8951,-717.4662,-15.104631,0.0,-897.8939,22.114622,404.87454,-0.1550715,-126.561935,-72.26086,1.4731686,-1.1844926,-86.228325,1756.3,-2637.0044,990.8212,51.497875,-8810.497,247.41089,280.3697,1750.6672,25.162394,3815.4175,5159.7305,0.0,-108.28048,-2.7029204,-8.234023,-161.4324,970.19824,-13.6483135,38.436573,3.3407352,-34.113873,-6.945367,-0.59813553
12.47454,3209.928,1746.3146,635.96533,16.15896,233.17871,233.71849,-13.767139,0.0,-315.34598,-33.196384,42.82257,-1.7237246,-96.31586,271.1957,-2.4996822,-68.08489,-276.17746,216.83699,3961.4163,1173.7666,-157.27182,-6600.6943,750.2227,420.94193,-276.13336,196.0307,9093.44,8237.755,0.0,65.88581,-63.64442,-10.241608,304.16672,-680.8709,-38.130413,-45.15675,1.5176642,4.864082,-6.782201,1.590288
137.56065,-896.5451,-2073.9824,232.4242,1.9081119,-804.11487,-1863.9209,-16.178164,0.0,-464.50586,11.324388,-812.2916,-1.1860934,68.02704,542.986,0.53465676,-0.1234242,86.17044,1626.9785,6433.882,706.6846,-349.66528,27714.443,1128.078,844.4667,4279.2124,-382.9276,16026.735,10611.21,0.0,-85.764595,-3.3102727,-14.177959,-247.9253,-992.0101,-38.21629,-112.79055,2.3433497,14.711609,-6.7179275,1.1701571
-217.6783,-3050.1807,-1856.5547,-15.622577,50.55458,-1335.647,-2074.7505,-60.078793,0.0,-419.9803,-106.99335,-52.75647,21.690992,-225.2724,482.47372,-21.468603,54.655186,96.60728,2400.927,12535.105,613.14215,-1060.3472,47454.51,1913.6735,369.30695,3911.8083,-1346.0116,20253.719,16567.111,0.0,-51.22644,0.15306818,-15.427421,-256.83667,-774.27893,-86.59659,-150.87766,-140.31279,-21.29431,-22.0294,1.5622113
-13.214338,-266.16724,529.9826,549.34625,66.32897,422.92447,263.83008,-10.376051,0.0,-741.7812,31.543694,-614.23285,-0.4702915,-204.67474,-85.32567,-13.715958,13.572037,-74.13018,2107.6755,1865.3696,1043.3898,102.41435,11781.515,624.5122,345.27225,107.90639,293.5878,7680.705,8878.123,0.0,-61.519833,-2.8356285,-3.2625809,20.226913,-442.15872,-51.809074,-63.311886,3.7212372,-17.926588,-5.27056,-0.9027102
45.659718,-273.9648,627.7889,343.38684,-22.723322,442.6348,150.79834,-9.6707325,0.0,-2141.0269,3.3129823,-211.50496,-1.0190556,-24.476097,161.61328,-5.074547,-229.71562,32.118343,1414.5913,-9852.838,792.96045,-635.5572,20032.605,82.89209,147.97481,-1830.6642,88.03417,-2512.3948,271.0572,0.0,-62.000626,-2.6888404,-6.408409,-159.40703,390.94986,-23.98846,42.66673,-27.775425,-29.127386,-4.2993293,2.3576992
27.140368,-289.18954,679.219,292.03986,-6.3907537,606.8028,84.12376,-12.147604,0.0,-188.62997,-56.472977,-338.41608,-0.9130306,-33.864853,-170.07709,-2.1188157,14.526296,-111.58214,1075.4412,-4382.3994,368.32166,-148.49095,-10618.396,284.62115,244.8278,808.1303,-1024.2323,2818.592,2975.1414,0.0,-62.139828,-2.6888404,-20.777496,-82.85275,321.74057,-13.4734955,31.20331,2.3457766,-17.221329,-3.4086273,-0.9027102
10.139589,3066.0598,2074.0215,-519.2388,239.74612,282.9083,169.22394,-28.196075,0.0,-752.3406,-69.22343,-94.39597,-0.5574201,-51.0349,26.16875,1.4389474,11.201688,-90.28947,463.0741,-3659.496,-906.7773,-138.27708,-3728.7769,-276.61023,344.1212,-1790.9617,-19.76337,1213.2278,1582.2438,0.0,-66.49364,-8.504899,-23.221495,-44.2932,-743.33606,-16.572586,-16.62521,3.3695612,76.96236,-10.163695,-2.1267002
7.716721,3339.2422,2172.7383,-694.69916,307.58337,237.2363,210.26093,-12.39437,0.0,-772.5465,-38.499928,34.47873,0.04421115,36.808624,318.44498,4.298951,9.543809,-96.82494,-124.07338,-1134.5299,76.391235,-71.056335,-4727.6226,158.12233,277.16797,-1016.0328,73.59844,4366.698,4700.025,0.0,-62.12679,-63.208694,-22.975002,-73.133896,-812.86115,-18.4883,-76.84011,3.043797,83.211426,-11.307516,-2.1267002
-216.42468,-189.06389,605.342,261.31555,-12.136896,445.84485,322.412,-42.259686,0.0,136.81137,19.180325,-66.152756,-5.804249,-243.0036,533.8186,-8.023157,65.82256,73.29472,1504.0717,12532.159,637.6771,-885.50684,47287.05,1513.1838,118.98713,4545.6265,-2071.3696,20849.94,17016.104,0.0,-42.07424,0.30729425,-12.81136,-196.94522,-482.5125,-85.465706,-193.63147,-21.720928,-16.286276,-4.6068454,2.3576992
-24.440485,2678.9924,1940.6339,-210.69635,-12.9974165,345.99915,95.92065,-15.158244,0.0,-506.25436,-78.866905,573.44275,-0.005267501,-20.940023,-1115.8828,3.5946503,14.539327,-131.47704,546.7665,-5726.117,-118.101906,-38.17343,-14158.695,-98.41484,444.99542,-771.86945,98.53845,-8198.794,-9280.082,0.0,58.352936,-8.434527,-5.85076,101.63615,636.3142,-11.451666,114.39145,3.6975818,58.87247,-9.060887,-2.1267002
27.556065,-712.9351,-1510.3074,62.48887,65.4376,-337.69687,-1493.8281,-18.099207,0.0,-123.35094,32.66187,-272.65945,2.649853,-53.23612,241.00645,-2.4457574,-88.3231,272.4403,1157.9702,-2988.6829,-64.99255,-285.98206,-18259.953,-539.9857,2.6621332,-1118.4619,0.8130343,-7304.983,-9733.499,0.0,-161.64221,-0.95910645,-12.780521,-113.69614,-853.34906,-12.319393,-45.19081,-16.1719,-23.438385,-5.1065845,1.228826
-9.828096,-172.01006,331.03708,584.22217,8.520881,300.10355,154.18654,-10.798672,0.0,-385.61246,2.9869444,-296.27036,4.301817,69.962654,475.59155,-2.37648,1.0199326,298.02655,986.3402,-9976.1455,-628.69995,-219.15495,-17109.61,-1324.2706,58.821987,-1933.4923,167.2077,-19557.873,-15133.594,0.0,-120.57926,-0.8666832,-5.325718,-131.7537,-379.77563,-11.567441,-106.94977,2.7900608,89.40596,-4.810509,1.590288
-40.712494,-773.66943,-1889.826,147.11026,128.44658,-1046.7292,-722.2577,-18.007715,0.0,-1024.4193,30.356283,240.8425,-1.2332561,-73.86723,-223.02608,-2.0787036,35.12192,-191.0293,2743.3342,1692.6284,961.32,-122.41973,-2785.3381,503.18115,756.91595,2424.6416,-835.96704,8132.695,14805.167,0.0,99.68047,-5.3837976,-6.0459795,427.3802,934.0556,-51.2086,62.45177,2.6513824,-22.973135,-7.0522757,-0.59813553
-1.2129557,-680.99475,-1265.548,127.27464,106.24796,-565.3541,-661.82275,-21.748325,0.0,-535.32214,23.49422,123.09875,1.9789007,61.192707,444.4978,-2.5420313,-4.832999,346.1499,1337.6295,-6693.899,-2.8353462,-77.6684,-14561.551,-479.28888,144.74191,-52.212574,-1341.6772,-6720.608,-6272.31,0.0,156.63907,-1.2957685,17.1154,-182.42105,860.21234,-11.6410885,77.30095,1.9848533,45.09099,-6.098273,1.1701571
4.630193,2490.3398,1726.8987,-575.43585,233.5956,252.81912,145.51836,-12.455548,0.0,199.26442,2.3783188,-206.65837,-0.9927874,-16.628422,230.44083,0.5503216,2.899265,-138.80089,304.6826,-9060.845,-512.89545,-191.42995,-18963.426,-1296.4863,149.63617,-1891.2935,15.539357,-15025.161,-13286.686,0.0,76.85093,-8.965463,-2.5072513,-23.341217,-594.1422,-11.599512,-100.81562,2.511561,33.757954,-10.780431,-2.1267002
106.63096,2804.4485,2110.8975,508.96393,39.976025,326.3437,179.7818,-12.354217,0.0,-594.06555,-16.62749,335.51562,-1.7854981,76.75214,-102.52328,-4.449377,-16.067202,450.09125,905.067,4290.93,1214.669,368.49945,6390.349,519.60004,388.33014,-113.6179,386.543,8773.758,9006.017,0.0,102.63231,-65.703865,0.23907645,684.4271,608.2996,-57.07647,-20.639883,2.7884917,11.711709,122.711685,2.3576992
12.762679,2707.763,1779.1008,723.4071,-10.440539,239.87448,145.80923,-12.704179,0.0,68.71306,-48.94301,-17.32286,-0.24016005,43.192654,232.62016,-4.960909,-33.7793,-30.407885,117.862366,-5989.045,-223.9837,122.232704,-18057.04,-505.79785,409.86472,-895.9831,158.91782,-9212.501,-10966.029,0.0,-61.67779,-8.825316,-10.589876,-86.63932,-539.7469,-11.547264,-104.40268,1.4849787,-9.349623,-5.1039815,1.590288
-89.47127,-749.97455,-2141.4678,198.1989,89.29252,-610.7407,-2027.2731,-12.240517,0.0,-949.66473,6.1773305,432.50375,1.7454054,48.26647,-25.928337,-4.58493,-60.896187,448.9263,3286.4683,5522.909,807.89996,-73.33435,20381.305,661.482,837.13495,-808.5003,464.69885,10914.798,7377.2397,0.0,83.65424,-2.8497086,-37.760265,848.65594,-877.83057,-38.199474,-67.19654,2.80363,-29.57161,244.2279,1.5622113
17.721413,3073.1611,2179.0366,-290.72794,216.64493,259.0048,236.266,-14.455449,0.0,-359.0595,-38.79051,114.419044,0.59894437,49.3907,377.62717,-26.445871,16.180725,-50.605194,433.44693,3425.503,25.380749,-3.0971105,-2915.9558,351.13968,809.6046,-270.02887,-10.589232,6564.502,7387.5205,0.0,-57.17248,-63.784565,-24.156113,-64.03013,-690.45544,-27.810837,-50.411396,2.4673815,79.815735,-11.759974,-2.1267002
-0.5366722,-339.8462,581.1268,325.43747,22.106312,628.07825,209.28418,67.505875,0.0,-498.78592,16.251184,280.54874,1.3799605,57.66535,407.91272,0.89104784,20.53022,-105.06497,1600.7649,-2842.6782,1254.0178,171.85104,-4541.1797,365.39423,400.5301,860.20154,-703.5754,5822.956,7316.1855,0.0,-65.20037,-3.3102727,-11.429485,-129.0413,-454.51144,-21.893387,-59.289677,2.2593594,-27.047398,-5.2091722,-0.9027102
14.125,-728.98865,-1689.7339,222.45393,10.884441,-385.09293,-1412.3013,-11.844753,0.0,-144.29745,2.020496,32.36647,-1.1872345,-15.398018,156.84184,1.6440377,2.0171385,-96.88459,1097.053,-8624.896,-305.57693,-499.93738,-18198.602,-1399.4658,100.229904,-2306.8567,226.58379,-15723.527,-13884.809,0.0,-89.54798,-0.98159057,-3.4552166,-89.76734,-710.4385,-11.491911,-103.471924,7.4706626,-22.335505,-6.5104837,-0.59813553
19.380978,2163.2202,2225.464,730.2679,13.843052,338.63068,125.95822,-29.933367,0.0,597.57794,-27.632374,-74.29442,-0.29313707,39.678455,-97.29902,-2.0504682,-39.002274,193.42264,19.427063,-3722.3528,-336.18936,-27.85209,-16109.891,115.45864,329.96878,-1227.2534,174.70773,-1389.515,438.5383,0.0,-117.42274,-8.364753,-24.096283,-153.09802,-619.6422,-13.980849,-27.821756,2.6299777,45.54511,-5.4569054,1.590288
294.96054,-27105.312,-11375.661,235.90051,-8827.53,651.3994,-1582.5059,-15.852861,0.0,-1899.6349,4.9113517,608.5551,1.7296515,90.247765,459.94348,-9.8252,-1.221851,-334.2813,3070.585,1144.2512,504.8289,-152.68887,39545.965,-176.2117,416.87888,44.907974,92.824585,17758.676,8019.6426,0.0,-45.89246,-2.9080527,-0.53895503,-221.60583,-1006.816,-23.431862,-136.89822,-20.640682,-25.935575,-10.843108,2.3576992
-34.23618,2809.8652,2322.892,-359.55798,60.623264,390.09445,314.1153,-54.316517,0.0,-1306.9565,-146.54274,198.15982,1.0882381,-230.15446,539.0943,44.767876,10.621161,60.907486,1441.4141,12459.75,744.87134,-675.79016,57427.63,1809.2997,162.95834,2603.7107,299.51263,20251.428,16980.232,0.0,-43.464123,-8.231933,7.849033,-117.782845,-783.37335,-68.96712,-152.01723,-33.13321,146.88593,-14.409786,5.554518
8.961837,-724.23267,-1591.8308,309.9336,72.5074,-530.1147,-1286.0884,-10.672705,0.0,-549.2949,-0.11420658,167.55783,-0.942893,-116.015625,234.03867,-4.0733576,8.481831,143.18146,1467.8367,-5443.3135,-20.053673,-1.5243723,-14928.873,-250.3929,102.7219,-122.4959,287.29892,-6879.8735,-9215.619,0.0,-132.81367,-0.8666832,-4.512646,-171.04759,-643.69904,-11.280325,-105.34742,1.7092968,-36.612392,142.6001,1.5622113
35.769527,-203.68784,422.41208,549.4408,39.81758,386.0059,228.50879,-11.73081,0.0,-712.89795,15.475408,237.39952,-0.44803864,-25.572756,-986.6651,1.5114901,45.263348,-66.4434,1732.9797,-1622.9316,1225.5348,243.58546,-5187.2236,407.03226,448.71527,149.92319,190.41408,5780.5273,6644.463,0.0,-56.36231,-0.6493863,-8.784444,-117.25494,-439.73807,-17.19357,-60.953163,14.414155,-36.155293,-5.246875,-0.9027102
7.895208,-1004.3297,-1303.0343,347.38617,136.1667,-452.0106,-804.94867,-20.822598,0.0,-226.03079,32.072994,-25.038004,1.7595193,81.55756,375.4635,-2.8168128,-15.58426,438.95404,1258.0499,-7314.483,-126.94717,-170.44653,-18821.334,-1375.9683,153.95013,-1578.9486,-11.944284,-11316.221,-11574.061,0.0,140.78311,-1.2816889,-4.7540584,395.34818,852.63995,-11.43886,64.165054,-62.162987,-24.48803,-6.4927425,1.5622113
18.468695,3238.2,2569.6687,-54.76265,275.15204,286.9352,219.15633,-14.103611,0.0,-882.964,-38.79051,372.7218,0.7587267,47.024094,379.32922,-6.2340317,13.723538,-43.98046,-11.942032,1942.9474,-602.8746,-131.38072,-1817.8291,8.90005,511.8964,-758.1776,-1.2025347,5006.2007,5600.3965,0.0,-54.12837,-63.784565,-24.958406,-44.05399,-651.38257,-23.165071,-51.682323,2.4673815,80.853836,-11.426733,-2.1267002
-195.36829,-2718.6963,-2353.6711,57.877537,101.02007,-1021.30853,-1500.285,-76.87309,0.0,-572.38055,88.36042,-4011.1372,-73.31463,690.5555,598.83,1.0252185,7.3884706,-35.764206,2725.2703,14062.106,435.26694,-570.7893,67391.11,1165.6873,1502.1637,9456.589,-2645.1492,18314.42,26873.746,0.0,-61.456863,-0.65382904,6.796679,-26.569614,685.5604,-106.73307,200.4836,2.3275619,4.0357065,-6.131829,-0.47048986
23.4568,-417.69293,649.3462,228.96205,33.648663,663.23224,219.04483,-11.918387,0.0,-747.4301,11.563302,70.346214,1.2620578,52.212276,274.74463,0.21033421,15.649918,-121.45296,1389.1581,-1767.969,1149.6497,261.10757,-1629.2181,560.7305,455.90253,1420.0587,-1081.4182,6085.473,9182.032,0.0,63.89951,-2.8698251,11.810535,-116.9702,-433.43085,-34.80704,-59.593056,2.2370563,-28.461306,-4.928648,-0.9027102
-3.6358807,-948.32947,-1248.3883,519.0049,115.49847,-503.06247,-652.0312,-15.865282,0.0,-683.43115,-7.738954,302.7611,-0.32580292,-25.817888,337.98065,-3.153839,-3.4754686,346.346,1670.5875,-5685.9116,-63.420483,51.176796,-13795.652,-218.85988,129.70013,-410.51505,-153.66357,-5861.772,-5064.291,0.0,158.7037,-1.2816889,6.591545,-161.43663,858.4079,-11.484216,47.2704,2.1486552,65.085175,-6.265309,1.1701571
7.618922,3494.9465,1923.0267,-313.61093,794.3315,333.46008,242.19324,-36.917397,0.0,78.15508,-80.2119,-206.17345,0.8207762,127.321655,456.0053,-49.987274,-40.779728,-291.55847,623.06256,10237.862,975.37787,-1172.6586,39472.426,393.0589,447.71335,718.0645,276.73627,14838.116,10037.707,0.0,-91.369675,-64.99517,8.328394,-204.1521,534.77515,-27.201109,154.17552,2.4338138,119.85444,168.79079,5.554518
16.773666,3291.7305,2059.772,-4758.429,337.78394,202.09457,244.01665,-11.532205,0.0,-1016.79535,-150.13655,-79.03512,-0.9579594,-84.73438,502.3201,2.0504346,31.170713,-52.91864,655.5593,3044.7097,909.7394,114.52166,24097.158,773.88763,504.29623,-1799.3578,211.10349,3563.071,5313.7,0.0,-97.85133,-63.77049,-33.86591,-83.705215,-721.45734,-20.528095,-164.16911,2.127452,150.9252,-58.2631,-2.1267002
37.673573,-365.8609,551.58765,97.862915,9.41932,518.08356,233.36075,-14.658224,0.0,-365.07614,11.782308,-662.2862,0.086241394,32.94918,-1559.7769,-13.422581,51.01242,-52.90895,2314.8423,3305.8945,816.22894,-367.70276,24581.738,798.0058,677.6541,-93.6707,-1848.52,11012.362,8849.281,0.0,-53.855865,-1.0688006,-2.8193836,-35.049,446.4954,-27.335598,101.44687,13.889143,-15.724435,-3.613843,-0.9027102
52.105404,-778.02594,-2143.6663,176.6051,38.172195,-622.01215,-1698.931,-12.749589,0.0,-1541.5305,-114.92688,-47.635162,-0.716673,35.815147,258.7798,0.8234026,17.578625,-72.44791,1602.9972,-2398.0095,840.08417,-83.32033,-4974.859,193.3057,170.98172,-901.9691,266.98105,3986.9622,3332.8342,0.0,-83.43484,-2.748479,-9.400878,-136.63329,-1010.72424,-15.444173,-98.16159,7.977664,-21.612976,-14.584242,-0.59813553
-29.662811,-3317.8987,-2069.7812,190.41019,65.453094,-535.90826,-1534.1086,-126.209755,0.0,-770.6121,6.8339477,667.5385,-33.324078,-131.44383,451.9819,5.8303456,21.504328,-89.03865,309.29608,12842.2295,947.3111,-397.12482,49284.418,2244.2866,870.3435,4275.0376,-488.43567,20120.537,22002.383,0.0,64.11561,-3.5086632,55.23676,415.85345,684.0049,-149.08351,101.205086,14.643885,6.75098,-6.3005514,-0.47048986
9.486631,-647.48804,-2349.525,115.43369,102.01384,-812.2241,-1110.39,-16.031599,0.0,-965.53424,10.326392,160.17348,-1.3132682,79.3944,317.81522,0.69641036,-10.461646,-125.203224,2218.011,-343.79184,986.6279,-208.15068,-5386.594,274.9404,415.7862,890.0577,218.81648,6817.1113,8858.454,0.0,109.375336,-5.8443623,5.916044,-203.27977,1097.9194,-26.236874,62.73766,2.087768,-29.809036,-7.153071,-0.59813553
6.6326942,2230.6458,2060.7031,-4995.2617,211.4524,232.43475,128.43137,-11.987114,0.0,-371.24188,-78.3453,-106.63423,0.46243364,-116.323814,257.84778,-5.867842,-12.38291,167.44984,254.45538,-5100.199,-150.84984,-116.06496,-14989.717,-201.33853,165.32373,63.702286,-37.905205,-6840.068,-8711.108,0.0,-181.90997,-8.965463,-48.749603,-108.66216,-656.47156,-11.977942,-129.34894,2.1218486,86.51305,641.86475,5.554518
6.869021,-234.42017,393.87585,501.01846,12.629715,394.71915,145.00755,-12.559029,0.0,-454.76764,-59.950577,296.58093,-0.4361008,30.622278,185.75453,0.7668254,13.626903,-111.693825,1273.8157,-4115.017,-153.07552,-19.007809,-10348.571,-130.4648,194.49997,-1357.9554,-28.653227,609.37036,1446.8959,0.0,-65.171974,-0.8666832,-21.996899,-98.6704,-526.05304,-13.392039,-26.491716,2.861082,-10.762855,-4.9708805,-0.9027102
65.261375,-261.95514,523.9422,676.7241,18.55402,520.3539,249.81108,-11.728879,0.0,-2365.0396,10.349179,-315.83093,4.7903013,412.24872,1656.0568,-14.164848,-283.03317,-57.02667,1792.7635,-17307.555,1008.67566,405.8845,28307.334,1035.733,248.48337,-1386.2205,229.65593,1128.4668,912.0842,0.0,-56.32706,-3.3102727,-28.262995,39.7493,-612.2177,-11.509153,-105.711205,-30.092308,-32.00745,-5.266265,2.3576992
7.9596195,3398.6902,2503.6646,560.5477,56.32641,351.07004,237.64165,-14.616003,0.0,-416.15677,21.634329,-173.15367,3.288058,146.62675,542.55273,-0.55032897,-71.44569,-90.96798,495.06033,2447.8494,286.51825,217.73453,-2412.0935,471.65036,421.59555,-139.718,266.7989,6355.1875,6796.5576,0.0,-62.0336,-63.63034,-19.773335,52.707138,-671.6937,-24.701838,-49.336685,-22.792425,-3.6776762,-5.7029676,2.3576992
15.259529,-821.0775,-1142.0546,512.9024,161.84427,-512.90686,-714.8711,-12.216797,0.0,-482.1265,-32.232136,318.7045,-0.1550715,49.077587,348.1266,-4.5174165,-28.513485,-40.429455,236.62164,-4077.0378,-231.36594,-88.38655,-12550.034,-224.36449,128.15642,-2213.0432,351.71796,-3091.0774,-2551.657,0.0,98.73149,-1.2816889,-4.1762314,328.38522,796.39136,-12.482644,78.68528,8.177942,45.559097,-5.3330235,1.1701571
-16.774857,-2530.737,-1870.0311,511.05917,65.10617,-973.6664,-2113.5718,-56.133068,0.0,-1140.2462,-97.08908,-449.42627,27.788034,49.26007,606.3231,-7.165874,-119.044,-29.135641,2202.9133,10302.642,616.47266,51.05121,45420.742,1091.4508,350.52658,1938.5323,-1553.113,15806.284,14697.768,0.0,-86.2907,-2.415922,19.33925,-83.84971,-609.1038,-43.322803,-134.97371,2.465704,-5.9669867,-22.049225,1.1701571
76.92256,-929.9517,-1914.8973,558.9247,248.20776,-571.2584,-964.2528,-12.971134,0.0,-967.3418,34.08499,61.75203,-1.8027397,-81.072586,337.3065,-2.4200363,1.7990856,291.48874,2745.5398,1711.2101,910.3443,-154.44206,-5220.637,615.5216,415.37088,2611.4766,-218.08603,9281.532,15517.718,0.0,134.80437,-5.8443623,-9.602811,800.2114,1006.4443,-60.0136,66.884285,1.7974799,26.707891,-6.796804,1.1701571
34.83321,2737.041,567.8651,267.72296,487.36746,374.83798,262.97952,-60.633232,0.0,-608.481,-80.45584,607.5037,3.3271153,91.805,-939.69055,22.996702,61.136482,-70.95089,800.8273,10528.537,813.87665,293.5257,39542.51,776.3829,543.6945,-373.7675,-913.85706,13949.402,9231.029,0.0,48.405396,-48.944534,-30.734768,316.10355,-557.3945,-37.3813,-137.21782,2.4710386,1.9547527,-5.416874,-0.9027102
21.272121,-750.6135,-1953.5948,252.03783,96.72654,-593.8263,-449.69403,-16.468607,0.0,-714.5094,15.172219,191.84428,0.04281676,-244.62424,321.41504,0.07098681,2.505255,-253.6341,1998.6384,1357.6437,1056.1119,26.007324,-5470.579,101.229965,-130.07545,730.8524,85.562805,8493.169,8519.078,0.0,93.03932,-6.0628524,-9.487998,402.34583,1055.7977,-28.709475,67.78791,7.297205,-24.522015,-6.9867187,-0.59813553
-16.76146,-221.83961,470.90295,528.83655,4.6490145,293.2706,142.1432,-11.163954,0.0,-605.5741,0.03830579,76.892296,-1.4882054,-42.73075,273.45508,0.874933,10.544882,-107.356476,1448.72,-5728.6216,-61.119217,22.350975,-13477.197,-175.14969,102.54624,-125.55905,198.7932,-6463.4346,-6551.475,0.0,-61.360565,-0.8666832,-7.264076,-85.87409,-337.6788,-11.666889,-103.39872,1.9373734,-28.268822,-4.8597302,-0.9027102
7.64497,2653.743,2192.281,-711.2314,294.0555,247.73744,199.1007,-16.177937,0.0,-331.24008,-74.549515,42.180916,-0.12985557,40.533276,-997.72437,4.2550755,37.644756,-88.7007,-597.6907,-1586.7454,323.35153,-75.34557,-9244.017,310.9195,303.58813,-266.31296,116.17108,3490.3892,3892.6848,0.0,59.73971,-62.262753,77.346664,-87.43376,-570.5929,-14.8401785,-74.656166,14.42187,51.112495,-11.110281,-2.1267002
6.911855,3151.1187,1766.0612,-762.12146,151.40874,179.30394,147.69844,-17.466751,0.0,-308.31363,-16.139816,-83.61878,-1.612674,-109.23983,322.19757,113.11022,-13.764032,-55.511765,597.037,-7036.9243,-325.18872,-2.2585843,-16032.943,-1288.7113,400.0342,-1330.8884,245.94716,-10391.033,-11155.47,0.0,-65.476524,-8.965463,-8.64387,-63.64406,-652.04236,-13.531232,-117.90768,1.9228995,-258.79846,-8.757402,2.90065
-40.841293,-253.53185,521.80817,428.70782,9.795459,326.95358,130.87,-11.319144,0.0,-66.737785,-6.513903,-452.31985,-1.6224244,-107.04453,583.2458,-3.541765,-13.42875,-114.08701,1104.9614,-7102.684,-117.99552,-71.28676,-11653.869,44.20997,158.88956,-1316.2576,-1064.1106,-3733.7327,148.53442,0.0,-62.575527,-0.8807629,-26.832191,-78.08381,-414.741,-12.229837,-46.119442,2.1875355,32.605297,-3.6231265,1.590288
10.601526,-424.08975,532.9037,-30.20363,7.313946,659.3381,75.14792,-10.722581,0.0,-139.29382,29.529472,-339.67944,7.6398277,-234.44409,424.78748,-2.705947,11.815001,-242.99396,1049.8811,-4893.0864,253.30086,-117.852066,-6688.3315,515.8779,51.187965,996.2668,-1222.6925,3912.341,6469.4775,0.0,82.137726,-2.7034945,89.549446,45.21121,-286.69614,-23.20182,-34.40024,1.4747661,-82.73776,-3.798191,-0.64739645
11.019836,2325.9631,1690.2874,-4291.414,224.05035,177.9081,136.66719,-12.614135,0.0,17.75018,-8.157624,10.1680765,0.11919874,-107.18044,367.34546,-6.713359,-36.209557,-133.48294,308.41904,-8653.205,-483.45456,-176.65486,-18824.326,-1087.4218,116.933784,-2373.3098,-4.1313047,-14705.28,-14039.679,0.0,-169.16068,-8.965463,-13.923984,-57.913754,-586.8528,-11.977942,-127.17266,2.1800516,62.882374,645.36945,5.554518
5.508103,2769.2144,1678.4115,-773.3669,6.7497387,178.0655,181.9277,-11.885634,0.0,-930.08295,-63.927296,-138.70644,3.624859,51.219475,291.6186,-49.70284,61.318085,9.998132,1357.0009,4753.355,782.4785,138.15121,22412.95,371.10654,412.52432,-1533.9069,371.3836,5671.1094,6814.3477,0.0,-60.485615,-66.31866,-39.29851,-224.87247,685.3449,-26.885683,-17.705677,2.8353584,-360.74725,-9.808947,2.90065
9.4289,3548.6924,2159.702,-458.0148,386.75397,286.008,242.73923,-14.309948,0.0,-1027.6001,-38.79051,373.3083,0.56083846,68.412445,472.86203,-5.1332884,17.85108,-39.953125,631.45526,844.0184,199.60312,-76.62147,15481.749,566.4085,483.63364,-1583.8629,83.23638,3050.663,2708.2773,0.0,-58.362583,-63.77049,-20.742258,-59.284187,-796.7777,-27.810837,-48.545036,2.7291746,102.99663,-11.619298,-2.1267002
38.553658,-784.0123,-2107.7957,114.99723,144.10587,-929.3692,-1024.9478,-12.8454685,0.0,-898.5502,40.48548,-490.48788,5.108052,78.69336,442.5799,-0.5461993,107.93664,293.41827,2422.9526,2064.3323,842.41406,-250.97948,-8737.98,447.42474,429.5682,2763.7688,257.85364,8081.3115,15032.165,0.0,-181.54564,-5.8443623,-7.567088,-308.73404,1028.7062,-22.760378,67.06976,2.3720922,26.565027,-6.4356256,1.1701571
-89.56672,-806.1277,-1355.3618,227.55382,111.38634,-642.4496,-590.6111,-19.553,0.0,-146.82074,31.841343,-200.43967,-0.5701444,-122.24129,374.65887,-2.758431,-8.68203,334.03946,1472.3407,-6892.8237,49.67354,4.410735,-17846.512,-594.14984,147.08067,45.204212,285.80014,-8613.193,-10879.494,0.0,148.03882,-1.2816889,-0.3714074,-177.70825,848.60004,-11.518009,155.36916,-15.206938,-22.418701,-5.3881497,1.5622113
23.748981,-226.43509,496.2737,597.3172,8.007438,257.5692,162.15506,-10.228589,0.0,-157.2132,1.6182193,-132.6395,-2.357269,-106.080956,294.4529,-3.9331996,-3.5856905,-75.83961,992.49286,-8576.986,-304.9589,-199.164,-18517.223,-1359.589,121.96028,-1439.8043,96.16083,-12544.679,-12226.625,0.0,-65.09624,-0.8666832,-6.897984,-73.9586,-348.61807,-11.691971,-52.119934,1.3211768,78.82622,-4.144697,1.590288
61.548264,-202.2861,438.88586,532.14935,-48.138016,360.75565,108.4572,-11.68131,0.0,-102.86706,0.5888355,122.97044,-1.4882054,-126.59563,151.2044,-2.1692722,7.3759904,536.74023,1284.1827,-6711.5796,-78.75114,-108.99154,-17244.479,-153.94548,100.02764,461.5004,-54.00441,-8781.132,-9575.3,0.0,133.54227,-1.2816889,-6.4034324,315.77774,491.54187,-11.482448,51.766888,1.660495,70.538864,-4.081559,1.590288
35.130096,-118.02912,627.32043,682.69244,3.1382217,483.72668,161.95638,-12.826246,0.0,-2200.2048,-17.592697,-547.8352,-1.418714,16.598455,-3091.061,-2.7077413,-374.5785,187.23935,1199.5754,-12738.209,-3.3142064,-479.11755,21657.7,-567.21234,65.62206,-2946.9275,263.84247,-3756.6667,-2361.7412,0.0,100.820885,-0.27254832,-25.196224,217.19746,-383.31683,-12.007313,-100.76273,6.037256,70.815796,-3.9082909,1.590288
22.974373,-224.72246,283.74164,529.63214,11.011077,307.84497,152.15776,-11.977588,0.0,-328.2696,3.4834414,-177.21399,4.4243264,73.9912,383.60464,-3.4525926,2.9070377,-91.416405,1077.857,-7210.328,57.858864,-58.44738,-17320.49,-715.07,90.619316,-736.1631,101.432755,-9046.039,-11059.504,0.0,-63.039307,-0.8666832,-5.5821776,-68.13427,-352.57315,-11.644307,-53.386086,1.8523097,-35.06143,-4.907976,-0.9027102
24.121677,-574.35114,-1847.3909,102.54061,48.76181,-707.7068,-688.0477,-17.627378,0.0,-773.5347,22.108858,235.37032,-0.19802865,-8.393709,-1322.3533,1.263721,32.545506,-56.288544,1871.2512,-576.2167,970.8894,-7.257079,-8576.983,34.932674,329.38586,2001.0857,193.96913,5047.797,6117.834,0.0,-97.07086,-3.3684316,-9.512832,-163.63608,900.7423,-13.396113,63.997383,13.807842,-41.51042,-6.8597736,-0.59813553
-123.97195,2434.2195,1829.3994,-4956.6255,257.52856,146.93167,194.48177,-29.936708,0.0,-1371.8806,-115.54693,-103.36687,0.18047404,75.37925,393.05844,-5.1604905,-63.04874,-226.84674,-578.5899,-1281.1571,-927.4857,-183.98894,-4383.872,-211.34561,283.58173,-1875.8872,85.97157,3523.0586,2165.9053,0.0,116.45316,-8.979543,-65.157005,102.407486,-896.52515,-17.318363,-180.12029,2.7503924,-309.1875,-46.867958,2.90065
-11.527358,-806.6141,-1641.5844,317.2658,40.46939,-531.567,-1397.8064,-12.419811,0.0,-622.41223,-8.532662,70.82589,1.0450132,70.07927,285.6351,1.176105,7.8878927,-82.2099,1431.0554,-4814.8145,-154.60016,-43.50013,-14360.865,-172.05919,156.15842,-776.6266,-105.61435,-4462.655,-5012.166,0.0,-75.65888,-1.0068295,-7.667207,-121.691185,-719.87933,-11.265938,-37.974545,7.3113256,-26.632954,-20.600412,-0.59813553
-4.052743,-764.66626,-1629.2039,211.20479,53.90043,-547.66785,-1390.4895,-12.066864,0.0,-657.9023,-8.504623,107.44014,-0.1550715,-120.66849,230.39851,0.9843913,10.098046,-93.30594,1343.9181,-4962.3037,-113.91551,-43.359913,-14318.262,-201.13297,100.48786,-858.3574,240.68869,-4502.467,-3955.6377,0.0,-89.98174,-0.8666832,-9.683798,-112.11276,-768.7206,-11.662252,-103.81999,7.6344643,-25.497652,-20.490282,-0.59813553
32.925907,-930.08545,212.73868,467.97537,12.351769,541.55444,359.72348,-34.75834,0.0,-1477.2633,93.15808,-1924.1082,25.61716,1270.9456,667.3894,-60.722107,-222.87946,135.37006,2972.0723,27418.148,1448.2455,-753.25024,127737.75,3452.362,-333.7633,11079.1045,-2473.4275,38981.074,45701.234,0.0,-69.177124,0.20167112,92.29938,-134.22107,498.45386,-59.105244,205.52989,3.1890984,-138.41774,-2.9866846,1.590288
-4.671102,-687.67865,-1635.1143,465.71652,80.9266,-372.85672,-1379.435,-15.950677,0.0,-302.19022,0.77714133,-57.437145,-0.9363692,37.890373,298.77472,-3.7801108,4.4014254,-22.70603,139.47394,-5698.0737,11.679962,-112.205215,-16138.261,-312.4951,314.50986,189.82468,257.13776,-7093.193,-8987.591,0.0,-87.21694,-0.8807629,-6.2562947,-147.58539,-649.8352,-11.669302,-60.392216,7.685164,53.494637,-13.286521,1.1701571
4.5942616,3623.8467,2269.209,-561.8674,319.7259,256.30844,250.16893,-13.009453,0.0,43.824677,-38.37432,-157.1808,-1.0734117,-150.24687,398.4724,3.5988824,17.248222,-70.67036,105.055176,2716.2534,629.7271,216.81647,-5804.8193,513.77985,405.31906,-301.41232,137.57681,7458.531,8358.044,0.0,-65.7128,-63.77049,-6.415135,-77.61388,-827.2177,-25.947897,-47.307854,2.2883847,92.77395,-18.94491,-2.1267002
29.298317,2777.4746,1831.5607,-438.92474,36.366123,327.39362,201.1487,-10.923178,0.0,-709.37494,-16.675707,-415.68146,1.6412121,23.309326,283.8022,-48.08367,51.694115,-36.854954,1029.8384,4197.509,1035.3107,-75.074776,21579.188,392.30853,191.98775,-1403.8116,385.51367,6887.4595,6469.1826,0.0,-64.05066,-66.31866,-3.2216763,-59.473198,697.04816,-33.54732,-20.907137,-28.949665,103.10378,-16.510197,5.554518
-204.69331,-218.41103,487.62695,490.80127,15.218308,284.8694,160.32722,-12.07991,0.0,5.007634,0.0923157,-361.07043,-1.6290306,-0.05851698,-1222.4836,1.7022383,7.115841,-111.76733,1062.9962,-9123.905,-146.79143,-127.991104,-18914.635,-1430.928,190.4348,-1344.3353,273.73782,-12470.464,-12523.547,0.0,92.58649,1.7801236,7.964951,-80.6924,-346.39673,-11.670229,-99.978004,2.9004276,-34.78719,-4.5834646,-0.9027102
-5.411411,-827.95435,-1555.7218,248.25113,62.456245,-482.9966,-1321.465,-15.990215,0.0,-397.62296,0.1103656,164.86038,-1.2071761,-53.72666,336.48764,-3.4665127,-25.693504,252.73445,1294.1454,-6527.351,0.8689077,-68.151726,-17319.342,-650.93317,45.1564,-1079.3533,340.0207,-8935.575,-10936.991,0.0,-134.23453,-0.8666832,-6.32951,-166.51605,-680.0883,-11.662252,-105.250175,-16.11845,-23.620638,-13.57703,1.5622113
13.893413,-199.06786,317.3816,489.8433,5.951674,260.26926,139.99234,-11.460391,0.0,-915.1601,2.224664,-280.1516,4.9909163,72.58485,504.14606,-0.5666475,-27.399523,-215.39139,1202.3053,-10120.07,-109.873955,-149.32661,-14420.582,-713.56415,133.44757,-1251.2104,242.28004,-10413.49,-11687.6,0.0,72.541016,-0.8807629,-6.821868,144.65672,-430.30414,-11.468578,-109.01194,-16.78758,-26.06942,-3.8016973,2.3576992
19.231756,-195.53102,412.70834,480.35913,14.999806,274.22668,169.26636,-11.140224,0.0,40.281597,2.4886866,-96.96078,-2.0898366,5.8188925,379.87982,1.1651311,3.1676588,-117.00221,1068.906,-9531.69,-339.93042,-222.40213,-19723.791,-1405.7028,107.95776,-1443.6313,210.07056,-15732.541,-13970.621,0.0,-82.91101,-0.8666832,-4.5557055,-78.22359,-380.0687,-11.665228,-103.1618,2.3752942,-34.472935,-4.904172,-0.9027102
57.048435,-658.67816,-2172.3638,109.608215,105.924385,-811.4553,-678.7565,-11.887441,0.0,-1128.4943,10.489226,208.6423,0.06649178,82.13618,451.56552,-2.5420313,-23.939728,289.3842,2125.3293,-987.2981,1003.5557,-25.171677,-5634.6646,-109.16664,269.18723,232.21101,173.72218,5392.2886,6122.0303,0.0,-142.66801,-5.8443623,-8.660577,-295.1894,1022.159,-21.695114,63.344368,-24.037848,-34.447952,-7.181275,1.5622113
-30.423578,-165.87991,562.31964,741.82544,29.439188,322.4591,228.04553,-10.102451,0.0,-2390.0076,-69.31315,3.1706731,-1.7784219,-68.183495,506.87143,-4.614211,-69.26781,-246.99197,1936.7496,-5292.604,352.6767,371.37982,23377.207,1174.9089,252.25978,-1629.2644,235.22786,27.972998,547.00476,0.0,61.522663,-3.3102727,-10.908747,391.85062,-531.1097,-12.086323,-71.97355,2.2649403,83.01192,-4.742996,1.590288
65.51935,-343.95694,498.61975,99.21511,5.535659,575.5671,198.0307,-13.392548,0.0,-770.9919,35.407757,-660.42804,1.1222506,-266.7699,368.534,14.712248,13.760158,1019.8123,2170.6145,1073.2212,953.1452,315.47632,11839.86,499.80466,558.0494,634.08984,-1454.2302,10037.323,9373.36,0.0,123.847755,-3.5447311,-5.2073264,597.2381,307.07675,-69.70042,102.94128,-16.063248,-25.337378,-3.6702862,2.3576992
8.688789,-196.47716,508.5967,446.53113,10.527423,308.1622,232.82974,-9.535846,0.0,-633.0065,15.367688,-171.33922,-0.13655406,-142.91553,305.19183,1.1880012,13.464246,-105.18907,1335.09,-3195.524,991.7859,184.32748,-6984.1475,431.164,244.93468,522.99896,130.96983,4008.4885,5531.184,0.0,-69.79634,-2.734399,-9.253775,-109.78325,-349.111,-13.506962,-45.839054,1.6908882,-33.92402,-5.0990434,-0.9027102
-15.2170925,2663.934,2077.513,-569.1228,223.66809,208.70575,137.8722,-12.681403,0.0,-473.3147,-78.591965,309.1036,-0.008765876,-107.855736,264.53223,-6.227741,10.719333,-165.83257,266.88947,-5591.785,-335.33737,137.58493,-14839.972,-632.6988,223.59914,-994.3918,-24.163534,-8436.916,-9304.486,0.0,72.51528,-8.965463,-6.939266,92.822014,-681.93317,-13.401172,-105.368324,1.8082016,55.21365,-10.557416,-2.1267002
71.64698,-218.42603,675.1509,613.59204,39.842037,301.09436,301.7605,-13.358808,0.0,-697.3975,8.475413,115.93792,-0.71039975,-211.22647,344.70633,1.5886747,21.470957,-67.90531,2542.0457,3160.3098,830.0415,362.54526,21398.229,875.55286,382.40805,-185.82301,353.46106,11404.393,7264.1406,0.0,-58.66928,-3.296193,-1.213206,-324.64117,-499.5658,-43.781227,-60.546448,1.7955983,-8.199212,-5.2929473,-0.9027102
4.231313,3533.7441,2290.9731,534.6944,35.427788,345.57776,166.14478,-14.940869,0.0,-497.4519,-39.785038,133.2331,-0.09554422,92.52734,407.16074,0.45594257,14.267844,-81.218414,170.08163,1220.6581,664.3912,-178.90613,-4856.94,256.24503,400.24738,12.319588,191.14105,6056.1987,6328.1465,0.0,-61.618603,-66.16444,-4.2388363,-73.55681,694.52386,-24.285776,7.6236835,1.7291644,2.458846,-4.876532,-0.9027102
-44.310654,-177.08261,632.5238,809.86554,-47.405846,320.91705,222.25092,-17.139513,0.0,-689.2826,7.0724483,-18.416487,0.8757689,-99.55575,442.54367,-4.454513,-156.52971,95.34631,2795.8315,6696.357,791.84595,-501.4591,27319.094,1115.4752,627.53564,1468.0327,367.384,15524.2705,9587.595,0.0,97.4648,-5.8443623,-34.621662,639.9822,454.62656,-39.816383,92.90056,1.2329109,50.86574,-3.9729383,1.590288
-2.580655,1510.7948,1331.0651,572.9181,11.46616,245.48228,131.04263,-14.434695,0.0,-5.356071,-11.974818,-270.65332,-1.1842655,-90.56108,-996.05927,-0.69433033,-41.72481,-99.29653,164.11772,-15255.753,-751.1967,-1122.8864,-24665.746,-2642.5317,333.41534,-3889.4407,118.45717,-28668.434,-19282.684,0.0,-46.9177,-7.871636,-6.3369718,-79.770226,-526.9466,-11.563026,-103.0337,3.631322,64.58354,-4.2760854,1.590288
17.890116,-137.55576,813.58844,606.1385,26.891897,294.04047,275.35718,-18.086355,0.0,-344.998,5.6936755,-83.007515,-1.9918177,45.48655,-1685.6179,1.3782675,9.966203,-16.659597,2215.1758,6811.319,791.6137,-484.04834,25655.662,1006.89087,214.30766,691.17145,486.09784,15652.504,9516.154,0.0,-45.354164,-0.6493863,-2.6474476,-160.80957,-550.3667,-42.063686,-106.52573,2.7087822,-17.119577,-5.1582975,-0.9027102
-26.761465,-263.18417,400.59396,481.72998,13.238664,335.85095,167.11469,-9.471639,0.0,51.76672,1.207856,-194.32317,-2.0368595,-51.675186,459.4966,-2.988288,-21.452751,312.11484,1134.6733,-8848.363,-257.68762,-203.59688,-18888.656,-1307.8606,119.17841,-1628.807,207.09027,-13047.284,-12498.542,0.0,-123.10603,-0.8666832,-4.4674764,-125.545395,-373.1881,-11.691971,-104.197655,-22.8364,-32.765133,-4.9372687,2.3576992
-14.134384,3241.9146,1930.5273,-4653.6343,71.77474,232.83902,132.02757,-13.083386,0.0,-958.9127,-38.96298,38.15493,-0.97815716,82.92934,389.05234,0.60544205,10.298366,-293.72562,-28.15834,-596.3479,290.0183,-105.78686,-4864.3735,-66.62916,224.93652,-878.2621,11.082223,5860.3433,5583.3047,0.0,150.53009,-66.30458,-52.828693,90.57855,845.5076,-18.172174,119.923294,1.6305126,89.527565,-37.306973,-2.1267002
21.358126,2564.1042,2157.6963,-319.4873,274.7809,291.02042,136.70143,-13.673543,0.0,-632.5108,-78.678535,521.96155,0.4682765,46.381973,151.8301,6.994383,5.9720807,-8.401497,450.11703,-5494.172,-341.55133,-27.52747,-14007.578,-510.85718,152.15521,-602.37976,-32.6182,-8054.3267,-9167.574,0.0,-61.218918,-8.965463,-5.952335,-60.42891,-610.85364,-11.17068,-104.91933,2.0867014,55.33603,97.19257,5.554518
-22.246275,2802.277,2289.762,-317.28055,32.36492,395.86096,98.01064,-30.377365,0.0,319.04892,-82.01895,548.5198,0.026428342,-123.38765,-821.8448,113.65027,15.599258,168.0663,606.65283,-4105.755,-383.10474,-10.458691,-13007.487,74.167786,247.31172,-2400.0015,174.3284,-1402.2102,-979.88446,0.0,96.079796,-8.434527,74.05513,-95.53001,814.2025,-14.62444,110.209724,13.805487,68.311455,90.66524,5.554518
-42.51741,-863.90045,-1469.3137,126.123665,52.651566,-516.4727,-709.1288,-16.264717,0.0,-92.3429,-0.092605084,-19.180243,-1.2071761,-32.652767,192.96695,0.8625748,-7.820114,-110.43228,1122.9197,-8637.309,-155.41164,-529.1087,-18957.475,-1326.4454,67.60433,-1398.5328,-405.71817,-15100.831,-13210.002,0.0,-102.92385,-1.3965962,-4.713589,-94.990906,853.2076,-11.662252,52.6125,1.9417987,-26.61583,-6.8103185,-0.59813553
284.7077,3633.0002,607.8476,451.53104,697.6431,304.43353,216.4069,126.77285,0.0,97.02291,20.239592,-153.77586,2.6817803,134.26627,632.37067,-2.5029495,39.743954,323.18646,1453.1798,5743.0664,1082.3251,-6.8703246,-4303.3735,298.10782,582.7837,-23.74699,295.07687,14239.241,14589.723,0.0,123.58842,254.36415,-35.349873,-298.90427,728.0445,4394.595,-12.249263,-18.413664,9.7271185,-4.269232,2.3576992
-39.019302,-231.8706,496.83423,598.2839,-36.02241,433.97797,250.86449,-18.714556,0.0,-1121.9127,3.2756994,472.1577,1.4484444,123.499916,438.91385,-9.221536,-58.57464,-41.46787,1845.8873,9792.247,828.7035,-1015.8367,42600.56,1773.7103,566.9498,2818.5488,-168.96704,16606.4,15085.832,0.0,-43.994617,-3.9766462,-18.74119,-113.53728,511.94135,-41.404842,127.77717,2.49697,11.014488,-3.9654937,1.590288
-51.918198,2630.9832,1502.9606,-4620.1094,38.455116,132.86627,231.16551,-11.092063,0.0,-879.87225,60.386925,142.95631,-4.6406994,119.965935,643.14404,-6.165994,-17.708733,312.482,1930.0295,5480.2163,1077.7422,209.5111,11093.384,432.77106,743.15344,-252.08612,217.37749,10962.32,8366.891,0.0,104.68689,-66.31866,-98.850914,444.463,706.0003,-72.72059,-8.286907,1.6056701,-421.91565,-44.101246,2.90065
11.343629,2663.2236,1635.267,-4075.4883,160.97661,205.61958,178.23523,-13.278888,0.0,-2748.6067,-80.13034,-269.56274,-0.089592814,-57.103214,-2229.6965,-7.4020905,42.99996,-227.38487,-162.94933,-5987.4673,-751.1513,-452.34744,23858.492,-732.4726,865.03516,-2386.9226,9.946886,-842.36096,-918.6984,0.0,-146.58081,-62.44771,-62.36197,7.9307947,-616.9233,-13.757266,-181.71036,3.9098606,-324.11362,-47.19086,2.90065
35.08669,-1426.6329,-1805.9965,159.03102,127.0072,-777.7662,-1177.481,-16.55637,0.0,-1377.072,-62.768898,391.26108,2.712275,106.42524,340.74646,-2.2344146,28.43533,-246.85599,2602.5232,1188.6018,836.31616,-108.89641,19960.697,603.8843,382.24487,-506.54288,-249.9494,5736.857,6856.4243,0.0,103.20757,-5.8302827,-2.1900845,433.60318,1046.0243,-36.375874,59.425114,2.1629753,-22.272783,-7.0706153,-0.59813553
-37.947117,2246.7832,1614.075,679.1514,0.69755816,261.474,140.54935,-21.15756,0.0,348.16605,-8.50344,-89.5491,-0.42635036,71.34978,-1005.06177,-3.7646403,-64.8906,346.94702,199.66818,-7783.2686,-245.54285,-159.16325,-19695.416,-1260.2758,305.98502,-1689.5779,211.82672,-11388.964,-12513.414,0.0,123.00669,-6.17851,-7.033186,254.93532,-517.93304,-11.332583,-125.024734,3.6707191,39.969593,-5.1216397,1.590288
1.7055136,2292.506,1904.592,519.7638,8.848496,318.17303,145.37509,-15.05874,0.0,-620.3628,-79.1498,-19.733027,0.36916578,77.20065,396.8112,0.8187592,10.7500305,-110.50014,345.00833,-5371.816,-70.03679,-123.43049,-13040.385,-126.11517,278.585,-596.6651,98.98278,-6372.5083,-8664.215,0.0,-59.414757,-8.825316,-6.931118,-70.28932,-492.9328,-11.704137,-103.66273,2.539096,-13.453144,-5.6385007,-0.9027102
-4.857009,2944.311,1750.772,657.41693,-23.781485,266.48972,142.42061,-19.513145,0.0,-891.773,-17.645378,-74.09324,1.5790193,76.78653,428.57056,-4.4123554,-13.696013,-101.21364,806.1732,-5510.7227,-306.68997,-0.3901009,-13728.439,-665.51416,488.93213,-993.8582,251.28845,-8203.488,-10345.737,0.0,73.61763,-8.825316,19.229458,-93.12507,-504.71323,-11.737688,-101.53217,1.8870778,-3.9520714,-4.9688497,1.590288
13.650015,2734.56,1913.4487,-4917.0566,293.15448,219.71204,306.9775,-13.534845,0.0,-1202.0695,-1.9915054,-1528.7638,2.0474834,-58.77982,-3035.1538,-4.2561116,58.91137,-124.56864,1301.4851,4799.4434,616.18353,66.73801,30357.045,412.51782,331.7308,-812.4311,208.34555,11742.309,7456.638,0.0,-64.70502,-63.009502,-59.423973,-130.49214,-908.6639,-24.33612,-186.53078,12.313261,-614.14856,-45.02313,2.90065
-13.201127,2877.5637,2143.3774,661.9657,-7.3688183,360.78012,158.4571,-29.737993,0.0,82.47448,-12.565814,-62.59713,-0.5574201,44.207718,429.62802,-2.546161,12.986847,313.40054,404.4331,-3961.4949,-390.50208,-48.454624,-11889.983,57.774445,324.67944,-2211.2654,184.63438,-1660.5554,-488.12997,0.0,-143.42378,-8.825316,-25.146317,-128.21143,-657.5656,-14.865813,-82.67443,3.048625,-12.382806,-5.079559,1.590288
-107.55075,-307.3144,531.81256,431.09586,36.562035,517.5492,194.07706,-12.593836,0.0,-1316.1544,35.06941,299.49368,-2.1438034,118.63287,392.9645,1.300694,11.996766,-86.06627,2693.926,1487.1382,1019.7969,327.38016,12025.92,529.51746,522.3319,464.39246,-580.0212,6008.325,9173.498,0.0,-55.486694,-5.8443623,-7.679815,-264.05576,409.40717,-49.150654,58.97141,1.9402713,-6.304588,-4.3245883,-0.9027102
13.964012,-278.59875,305.53522,466.74316,-47.090717,288.94864,113.30868,-11.564341,0.0,-800.73987,-2.2420332,134.06024,-1.4882054,-73.70924,251.3444,-2.1028047,-25.965317,-169.94763,1426.9045,-9300.323,18.744196,-150.66344,-14799.085,-830.4506,86.06275,-1359.2205,230.89767,-10502.0,-11840.799,0.0,75.898705,-1.2816889,-4.7908235,196.23105,450.04633,-11.482448,157.34482,-14.461664,-28.606377,-4.3022614,2.3576992
15.341543,-223.88527,422.7042,593.2997,13.276042,311.7394,156.74467,-12.65467,0.0,-7.349783,3.8209846,-142.45357,-2.0898366,25.375591,445.89148,-2.4912524,-22.051695,329.1607,1078.497,-9087.78,-290.98642,-231.26952,-18681.766,-1261.4707,69.109535,-1535.723,203.33118,-15050.086,-13075.699,0.0,-123.50493,-0.8666832,-5.0223165,-121.87121,-369.16214,-11.644307,-105.129295,2.7900608,82.802536,-5.0078382,1.590288
161.72859,3093.659,1701.8783,-4523.896,46.61126,208.35869,168.21677,-13.260154,0.0,-722.4885,-24.332148,-13.504617,-3.452239,88.17188,459.334,-4.7778106,165.192,24.547499,626.4702,3355.887,339.25513,175.33698,-2952.3818,433.43204,303.9983,-338.51443,317.26562,8637.306,8522.004,0.0,-95.591,-66.31866,-69.68715,-131.42233,684.1369,-47.068546,133.09488,1.9014964,-445.38937,-49.37295,2.90065
-0.86961895,2378.1338,1966.9178,-507.63342,263.54898,202.88792,147.15327,-18.876667,0.0,-653.251,-75.59857,360.32367,0.4018817,49.470604,387.49405,26.627296,-29.494818,-93.09644,88.19557,-5499.83,-353.70718,44.87457,-15201.15,-627.2781,-183.44765,-1184.1876,-12.108463,-8705.591,-10795.032,0.0,-56.9554,-8.979543,-12.061862,-60.509216,-654.1923,-13.333436,-104.33466,1.8440232,-257.10904,-9.787823,2.90065
-14.314246,-201.55865,564.27435,547.88354,6.9652863,355.45486,216.1669,-14.57813,0.0,-971.88525,-61.244812,167.22864,1.4617977,-96.465744,-209.73506,-1.2540462,19.787537,-242.42528,2434.0808,608.7707,870.1638,310.65247,22696.17,796.42334,388.56573,-126.86798,-289.71494,9171.214,6724.478,0.0,56.88359,-5.3837976,-6.7075233,456.48828,409.00293,-21.642738,59.71398,2.251556,-10.109452,-4.1634216,-0.9027102
32.856384,-219.8868,472.38834,449.92084,7.6834993,377.90756,143.87224,-12.17131,0.0,-92.8644,-30.767836,-181.19934,2.3737574,66.016106,435.20847,-2.3216457,-41.375874,-153.46512,1327.8279,-3974.9136,-126.051926,-15.0677,-12938.137,-57.139885,180.0188,-1591.7352,150.13303,69.058495,277.88596,0.0,74.24484,-0.8666832,70.341034,-96.68787,-479.06927,-13.028015,-26.55681,-19.630943,-37.58932,-4.732986,2.3576992
11.255587,1865.3722,2036.4327,633.9065,2.5980527,270.66916,187.34698,-14.312778,0.0,317.4753,-93.758286,53.39302,-0.99067104,93.79639,347.97525,-2.2033648,-41.898605,-243.3153,-716.4933,35.37146,-316.69623,37.886387,-15448.09,294.9326,179.19728,-260.3424,214.68172,3826.179,2916.7295,0.0,59.060066,-63.068546,-22.314165,154.42046,-633.20593,-14.169097,-74.595116,2.2181396,-40.671463,-5.0199394,1.590288
5.354853,-848.38336,-1695.8832,585.1625,80.47417,-212.48274,-1470.4288,-11.206467,0.0,68.4469,-0.06167057,317.50653,-0.88991594,-116.23155,177.1207,-2.9626904,14.852978,-333.9592,1125.3182,-8161.936,-177.15979,-113.66597,-18944.775,-1396.6595,202.98161,-1572.1227,69.648636,-11579.277,-12315.845,0.0,150.76967,-0.8666832,-4.3210344,360.2744,-774.5827,-11.281987,-44.026764,-13.23638,-36.301155,-20.987394,1.5622113
47.340973,2917.1858,2292.5981,717.65826,2.080212,379.79492,165.04941,-12.496847,0.0,-247.97728,-12.163508,221.8004,-0.5247575,85.65949,422.88083,-0.94946957,-57.41432,527.1418,-269.22354,3077.7827,1128.4941,362.56693,-8548.223,547.6865,490.3442,1888.6553,441.73953,8704.634,13338.892,0.0,146.14133,-66.16444,-4.2504616,606.70184,634.81995,-24.531393,-20.544954,1.8149879,38.843388,-6.06599,1.590288
-6.901493,-920.8309,-2109.9155,-80.855835,50.611984,-1206.5609,-1166.8093,-13.721049,0.0,-637.519,-58.920807,-86.90712,0.34047154,-104.615364,-119.19454,1.4433393,16.513794,-86.78351,1095.1726,-4452.5073,70.350685,59.714302,-9422.902,-110.541504,336.78726,-561.2419,-1450.9537,1283.8314,1525.9589,0.0,-80.449,-0.2968706,-25.327227,-114.34512,-890.2181,-13.655363,-27.714703,2.924465,-20.19964,-20.00978,-0.59813553
-11.785177,-819.901,-1596.6781,480.33725,80.32004,-339.57056,-1339.8505,-17.04041,0.0,-728.5763,0.60164285,128.16751,-1.009288,37.957073,263.284,-2.4552412,5.6849055,-33.7101,1476.2117,-5540.161,-47.130867,-80.45002,-13941.572,-375.1232,117.864716,-239.6719,186.06796,-6191.2227,-8824.25,0.0,-92.510445,-0.8807629,-13.625825,-139.07672,-698.1152,-11.6233,-105.57156,2.6598167,63.430164,-20.327078,1.1701571
-17.386396,2339.2642,1882.0724,407.0079,-5.370721,260.52786,124.54484,-12.756645,0.0,-637.75977,-79.08782,118.32416,-0.1826052,-155.72937,279.9057,-2.8281908,-43.21429,-53.88806,479.28403,-7549.133,-375.8098,-62.55161,-14145.281,-511.83716,330.22476,-1172.9662,154.10298,-8814.0205,-10557.626,0.0,67.419876,-8.825316,-5.1073318,114.80347,-518.2488,-11.576071,-93.9329,2.0508797,-12.933665,51.408695,2.3576992
22.56087,2844.1174,1769.2058,-449.53967,0.66506743,204.6934,103.25012,-12.679151,0.0,-689.5785,-75.70631,-22.611263,0.052300453,-56.035618,439.2943,112.26471,44.20098,-35.89213,333.15414,-5830.78,-312.25806,169.10152,-15259.666,-544.12476,18.707018,-997.30994,254.74922,-8545.537,-10208.277,0.0,77.03029,-9.380468,19.717224,-93.56456,802.94495,-13.319402,170.37926,1.660495,-216.6355,-8.472365,2.90065
-6.3777895,2663.3918,1672.556,525.3641,3.9517078,274.3202,126.497185,-15.074195,0.0,-883.2591,-31.543894,259.39468,0.04421115,49.201366,-66.69862,1.034508,11.367876,-194.1188,626.4308,-5947.74,-145.84886,-168.36858,-9608.978,-344.08148,411.85013,-452.64648,146.81706,-6572.193,-8696.989,0.0,56.692997,-8.364753,-9.7982855,125.12877,-533.7728,-12.1518545,-94.71826,3.5644684,-0.2747332,-6.0943623,-0.9027102
57.267956,-362.9118,378.08148,630.5638,-18.291634,558.71204,181.3395,-12.227938,0.0,-2940.78,-112.562805,384.8082,1.2425222,454.6637,1562.2969,20.36503,18.328556,-55.292137,2071.9858,-17898.824,169.11548,-142.04903,39175.527,201.73587,53.432518,-2128.562,111.0733,540.6655,136.92761,0.0,-53.948357,-5.8302827,-22.600647,-85.47697,701.84106,-11.219907,115.00261,2.981344,-28.014591,-4.296104,-0.9027102
-595.92773,-272.8405,350.76395,651.52277,3.18562,243.54453,150.45789,-11.683556,0.0,-862.8606,-144.40138,163.27026,-0.55385506,43.35277,-30.68533,-4.9804916,-6.8641863,344.69177,1472.9921,-8917.412,-497.73187,-128.26237,-11963.199,-1026.04,136.53078,-1132.2578,237.98602,-14456.018,-12431.647,0.0,117.55089,-0.40611887,12.429506,-151.18883,-284.60934,-11.236393,-105.392166,3.432272,76.02675,-4.761851,1.590288
0.8368226,-236.6055,361.0616,589.27026,-43.75184,298.1319,106.33789,-10.5089655,0.0,-285.04947,3.0533445,167.0196,-1.1709452,-57.92308,160.75038,-3.0774627,-22.093939,495.04907,1112.4092,-7352.3394,-184.57686,-100.75182,-18043.719,-784.0095,99.5181,-1040.1635,48.04896,-10085.948,-11254.39,0.0,136.90007,-1.2816889,-6.991911,323.27795,460.59357,-11.49116,88.29334,1.660495,64.34509,-4.109021,1.590288
47.792576,-751.3766,-2580.516,369.29944,54.130272,-557.7039,-1969.9537,-13.375813,0.0,-645.3974,13.691794,288.74365,4.9396486,76.98191,280.27026,0.47603643,14.193516,-51.78394,1704.329,-287.06326,973.4146,-233.145,-5474.92,441.06174,796.40204,871.2361,-449.6974,8453.58,8744.358,0.0,-71.28161,-3.3102727,-7.0795,-170.01665,-961.464,-43.013306,-61.666298,7.456383,-28.730051,-22.442528,-0.59813553
30.193298,2249.6162,1732.8911,52.649727,-3.9283154,283.26758,276.54874,-34.97032,0.0,-116.21562,-112.920616,270.33368,3.672888,-5.8571854,308.91617,28.543545,12.719811,-111.12859,962.0757,13573.8125,938.9715,-857.964,47565.863,1914.2507,562.6517,2091.924,-61.816013,19979.066,15818.05,0.0,50.09604,-11.607443,-10.29062,172.54482,524.2134,-67.54964,183.9579,2.423427,150.6269,-13.252493,-2.1267002
-2.171212,-880.28394,-2081.4094,98.67741,42.37096,-779.51917,-1593.8726,-11.571156,0.0,-325.5545,-52.6994,-332.52017,0.46414572,58.230736,380.52347,-2.0638065,53.08711,4.6298823,1099.2032,-4958.915,621.9362,-68.86159,-10879.903,-23.664627,274.61807,179.49655,-814.23224,2514.696,1467.588,0.0,-100.26682,-0.8807629,-25.106749,-170.97495,-1024.1562,-13.421195,-29.4627,2.8037941,44.220406,-21.35882,1.1701571
-16.549538,2686.6775,1588.6925,526.76324,23.67806,333.28754,203.0708,-12.611332,0.0,-873.89514,-79.26594,114.8074,0.31220663,128.73875,419.81305,-4.460321,-78.06302,-255.21515,977.6909,2774.5286,1065.8514,-85.64325,22846.957,504.45978,348.94745,-991.8981,420.08878,7157.7847,6090.855,0.0,61.676903,-66.16444,-0.9719806,117.32622,669.26416,-26.276089,-25.886305,-18.478523,-4.9583545,-12.475965,2.3576992
-29.965006,2784.4966,1758.9866,490.67456,11.990804,400.59576,127.15914,-29.965546,0.0,-1081.0739,-69.87026,-636.8979,-0.24016005,-142.3237,-1483.1941,-4.972133,-52.643494,-21.619871,824.9335,-5021.0254,-626.15204,-30.95432,-4560.5947,27.72115,403.0895,-1040.975,118.68602,-5923.3076,-1515.4799,0.0,-44.293716,-6.17851,-23.697472,-83.25441,-520.0478,-17.775297,-102.95415,-60.212234,-3.7169776,-5.9098816,2.3576992
-82.02673,1756.0516,2475.3652,191.31676,80.33578,340.46936,471.4812,-37.48777,0.0,-814.1031,-49.9884,-601.83154,-37.656677,15.318057,-1934.6241,103.37559,22.969545,17.833477,1758.979,14190.838,-204.60588,-878.2549,97678.49,982.8844,585.48157,3352.3953,397.92148,23193.996,34111.62,0.0,-73.599304,5.7205753,-97.329704,-45.84736,-848.6608,-113.62281,-294.072,13.403376,95.782486,-12.66988,-0.9027102
31.073366,-855.628,-1656.1385,515.78864,47.316303,-258.50467,-1513.9537,-17.493465,0.0,-145.26523,-0.15749237,168.25525,1.5812466,59.94827,333.60193,0.7831909,2.089919,-100.45837,1210.3525,-7316.724,-67.1596,-139.18962,-19147.318,-1413.7847,112.22519,-1673.1229,218.51031,-11416.335,-12432.444,0.0,89.0237,-0.8666832,0.42516887,-129.30707,-712.98816,-11.6410885,-104.037704,6.90357,-28.336424,-13.325487,-0.59813553
110.27583,2462.405,2484.1309,-160.41339,144.32407,211.21724,784.2223,-140.88339,0.0,-709.6859,-9.159411,196.42993,-28.251606,-180.00206,4.7474203,83.388756,-9.227716,-9.162194,1461.6464,23527.316,151.54338,-1925.5385,101244.79,1628.9982,563.3114,5461.454,117.12957,27020.688,36361.645,0.0,-97.698616,-8.651477,-29.42984,-33.80841,-618.44006,-99.398155,-248.2143,2.5496564,189.02577,-14.395938,-2.1267002
-44.369038,2912.2231,822.6977,606.18304,1034.3811,334.53162,309.89108,1191.4781,0.0,448.56924,37.048325,276.09274,-3.4823256,168.99413,423.61252,10.106367,-35.713165,-15.148182,760.375,11975.206,383.04465,-585.857,72658.39,1494.8854,140.76295,9182.354,296.1457,21259.564,28899.324,0.0,56.89669,22.892044,-35.979492,-118.04205,632.3422,3025.173,-203.35251,1.2534502,45.592007,-3.5875516,-0.9027102
-0.3474065,-214.4846,340.74185,642.7426,4.0021873,288.7592,153.79936,-10.796216,0.0,-494.3054,-2.3208477,223.68726,-0.6099402,7.002964,-174.55324,-3.8708377,-21.795416,463.8261,1229.0791,-8217.792,-362.9689,-212.57092,-15667.314,-1303.686,61.749218,-2251.4932,237.96118,-14839.895,-13307.092,0.0,105.70965,-0.40611887,-5.9502816,267.09833,-348.32953,-11.313769,-94.95048,3.309567,74.382126,-4.4738655,1.590288
0.5322507,2914.361,1938.0443,590.4001,15.524584,299.81284,142.22426,-30.693981,0.0,-345.6047,-75.604195,52.50568,0.04421115,45.046238,378.06332,0.6893045,11.838214,-108.868065,223.30157,-3966.8792,-558.54144,-57.08152,-9670.297,73.47938,403.18863,-2079.406,133.3127,-1559.2721,-1807.99,0.0,-60.585644,-8.825316,-24.65778,-65.1649,-593.77924,-14.832021,-79.55695,3.2661018,-0.051989198,-6.197564,-0.9027102
46.47822,-710.7987,-1531.9454,241.72063,48.9044,-559.232,-1366.7936,-12.56,0.0,-1091.3585,-0.41020533,213.28908,-0.7927408,-17.106394,247.73233,1.0328503,9.101731,-89.38688,1553.2478,-4756.937,-84.68587,-15.7943325,-13146.875,-152.2066,146.71452,-360.41394,231.01932,-5681.616,-6204.405,0.0,-88.22735,-0.8666832,-8.757852,-106.08943,-764.33594,-11.670963,-103.50391,7.6344643,-27.8044,1.5531241,-0.59813553
2.7243564,-315.43677,275.36343,525.67993,-8.376076,285.42157,146.72487,-10.532389,0.0,-1285.6414,-152.4598,-114.732445,-1.5217111,39.679764,388.332,-2.624848,-4.063923,-57.685005,1430.37,-8884.775,-46.681957,-22.993656,-10864.94,-454.82718,216.81871,-782.6977,129.72304,-8591.252,-10441.773,0.0,-62.623566,-0.8807629,-10.099542,-109.224846,-354.62772,-12.279963,-107.47693,2.6827059,88.53656,-4.5482907,1.590288
27.688253,-643.63354,-1976.4691,400.93106,156.68922,-234.02579,-1055.5306,-13.8957205,0.0,-531.4568,35.85731,394.63327,-8.609287,85.599014,454.19733,-2.0380855,-9.618138,483.02057,1755.8912,3303.3267,910.0852,-205.66959,-7225.417,534.26904,-391.284,405.57925,87.77034,10685.083,12609.045,0.0,142.22841,-3.3886163,-4.344251,685.37445,-878.24335,-43.204494,-80.89842,1.9558104,84.37854,-21.808514,0.97012585
-1.8829664,-216.78072,307.45773,587.96967,4.0943193,316.70636,158.6605,-12.685273,0.0,-416.67868,0.03570798,59.32688,3.445201,79.85366,378.8457,0.4739508,10.778412,-110.27652,1363.6024,-5851.6523,22.358826,-38.897583,-15290.485,-255.47948,15.562621,-128.76396,197.92522,-7805.772,-9293.688,0.0,-62.50319,-0.8666832,-6.6463504,-112.51052,-351.13858,-11.610513,-106.211815,1.2423005,-30.09575,-4.880094,-0.9027102
-80.18425,-241.25339,724.45575,423.79907,-45.085976,412.16745,121.01535,-11.664343,0.0,-462.71008,-56.437447,332.9333,1.8714089,82.93896,450.84262,-2.2743309,-39.67402,607.51105,1383.1896,-4724.1255,434.93927,-30.144659,-11466.58,-143.52974,162.07462,-97.19778,-920.4062,1632.2297,1339.7915,0.0,134.96527,-1.2816889,-19.691538,430.9522,494.58148,-13.412134,35.12808,2.4132051,-12.554001,33.4239,2.3576992
-50.830727,-2170.5044,-1663.5178,361.95813,53.92216,-705.8622,-1723.894,-52.421852,0.0,-755.80414,-3.7527287,325.21255,-2.8382244,98.969315,411.2253,-10.372528,-271.8634,-316.84833,464.98312,9761.493,722.8293,-174.21626,36813.48,1258.4692,175.83614,3272.3086,86.79894,16329.058,15245.71,0.0,-54.467033,-2.8422897,38.61759,-307.17148,-526.13513,-42.153828,-154.58975,11.482859,14.228618,-22.24537,1.1701571
-28.383533,-225.03615,528.15686,595.6965,43.748825,389.31723,236.35931,-12.061217,0.0,-553.81647,10.636399,105.61621,3.548449,91.73172,331.74188,-0.32686386,12.405944,-137.55383,1560.8601,-882.9627,1161.594,256.26367,-5439.042,730.1975,142.42604,118.50257,278.8247,6503.3887,8834.4795,0.0,68.06217,-3.296193,-0.2042104,-192.46327,-543.6408,-27.238752,-69.01906,1.767007,-25.159935,-5.4910913,-0.9027102
9.126521,-748.9546,-2428.9978,393.5432,56.458885,-666.17126,-1555.8153,-11.816282,0.0,-1400.91,12.505876,254.15816,0.9616186,67.193115,295.0102,-4.009968,-158.1472,-81.43789,521.52246,-1122.399,1128.9064,-33.554436,-6185.7573,362.01532,417.7426,-465.97922,289.74722,5087.725,5538.901,0.0,-138.77098,-3.3102727,-4.019169,-270.8609,-806.6374,-15.43546,-64.074356,5.0702076,52.27397,-15.1374445,1.1701571
22.938248,2743.222,1785.3943,-5463.5903,220.378,219.30807,140.52911,-14.999491,0.0,-740.0142,56.08748,-338.57904,-0.63871646,79.097176,-1084.8927,-3.87929,15.091553,-64.36119,575.72864,-9453.658,-450.13638,-122.56402,-11000.956,-978.17194,29.603909,-1096.0806,177.33217,-11219.7,-11161.364,0.0,-173.03233,-8.019522,-24.931686,-112.36509,-647.2499,-14.633935,-128.09773,3.1073542,-247.20512,-86.97964,2.90065
9.399038,-742.79626,-1455.2458,167.83102,17.547215,-406.73514,-1183.1395,-11.684705,0.0,-125.939156,2.435137,235.76118,-1.2071761,-109.28222,228.57487,-3.0848355,-22.82399,257.1753,1174.8602,-9435.375,-271.77097,-470.4022,-19014.574,-1389.4274,139.44026,-1572.868,278.73846,-17140.428,-14840.041,0.0,-152.39307,-0.98159057,-4.6345415,-139.04816,-689.2266,-11.670963,-103.78438,2.6879935,-35.321163,221.36047,1.5622113
-2.9939184,2097.0947,1294.7701,502.63754,12.957094,244.56175,145.7546,-13.305596,0.0,135.48097,-12.051208,359.6091,-0.42635036,-27.926174,325.86673,-4.2111483,-26.249937,-117.25585,310.98676,-10477.462,-537.6423,-220.18848,-20843.375,-1204.8815,316.67514,-2547.1719,131.36076,-19685.904,-16304.714,0.0,-76.52005,-8.825316,-4.4364476,-32.380085,-550.0699,-11.547264,-104.33694,-13.974865,-19.382761,-5.652124,2.3576992
169.36884,-291.99377,492.4181,960.63293,26.42985,335.04462,300.04694,-14.153493,0.0,-1429.0273,-62.401638,221.15833,-1.3062557,-3.8835535,-1295.5984,-5.730411,-128.8706,195.4007,1978.6226,-2495.5557,663.8896,541.41846,35448.074,413.83582,337.87537,-306.71515,403.92712,10853.408,7131.5938,0.0,-87.786545,-0.6493863,-8.897909,-296.15317,-457.66318,-23.09253,-145.069,5.3339057,19.6848,-5.0015974,1.590288
-17.12196,-695.90375,-1240.825,122.83131,61.272415,-449.44928,-677.7328,-15.657612,0.0,-250.89552,2.047729,270.9976,-0.32580292,-17.413559,79.783356,0.3657266,-12.262725,-146.77283,1145.3243,-12835.947,-721.0851,-1246.1752,-24681.684,-2250.3755,158.78175,-4106.6265,80.940674,-26989.162,-18525.94,0.0,112.28705,-1.3965962,-4.7475343,-126.483894,948.6861,-11.306825,149.89745,2.0191088,-38.313,-5.1214314,-0.59813553
21.123613,2504.777,2131.4,-5308.6743,337.08047,160.36371,317.6351,-12.698554,0.0,-329.47324,-17.311441,102.78565,3.725409,93.301125,384.43326,1.6287249,25.512678,-54.967133,1376.6211,5390.9185,1091.6948,150.21477,11547.86,609.84283,496.80188,-115.74589,-30.904875,13006.54,9070.592,0.0,-89.415634,-63.784565,-65.80602,-118.870605,-865.3677,-71.20769,-92.14631,1.669305,149.73582,-59.707397,-2.1267002
36.53832,2928.661,2187.0464,-371.9373,54.376976,241.39403,123.244415,-12.378971,0.0,-431.09464,-74.553185,-72.4422,-0.24016005,-139.48346,352.32944,3.4640799,15.7258215,-226.46486,-375.905,-1003.95544,-575.8882,-36.756355,-9690.976,74.28202,148.6967,-1957.8938,195.46971,2938.5,1910.5619,0.0,71.56401,-63.6237,-22.744013,180.65926,800.62994,-14.705426,56.314518,2.2401795,75.14471,-9.394413,-2.1267002
34.831734,-267.288,548.6256,467.86942,-33.175346,302.72916,112.85824,-10.73927,0.0,-191.08684,-32.973557,-68.97765,-0.98475504,-152.5717,346.76196,0.4015889,10.504908,-268.70062,1708.7172,-4852.8843,409.3981,1.5898296,-12442.855,-162.95395,251.42278,-1579.231,315.2503,1214.762,766.42255,0.0,80.20779,-1.2816889,-22.348862,267.03207,528.25903,-13.262313,104.64574,1.5621083,-24.492365,-3.676895,-0.9027102
76.09728,-308.5788,689.937,276.55304,36.34612,482.1952,311.35123,-13.776507,0.0,-467.69476,9.373038,399.43155,1.4508208,93.737625,515.58905,-4.777294,52.8033,-22.46541,2110.3994,3700.557,764.74066,189.94772,25752.922,645.161,367.15414,6.6811256,-1572.9653,11336.976,8685.154,0.0,-104.41773,-2.883905,-3.0646079,-237.318,-381.7507,-28.520737,-105.87195,-14.7079,-8.823755,-5.214958,2.3576992
-3.1729932,-284.20358,333.15002,587.5493,-24.971071,293.15527,120.9298,-10.906638,0.0,-1087.4564,-2.282931,46.35249,2.073298,69.49273,449.931,-4.8356714,1.1844872,395.32462,1550.768,-8991.059,-243.81471,-182.30269,-14681.564,-1464.7401,87.69801,-1268.5394,210.86992,-10473.763,-11755.798,0.0,136.79398,-1.2816889,1.4268836,-169.44981,440.26355,-11.255086,154.89165,1.660495,74.759445,-3.9471116,1.590288
-12.688628,2796.4841,2219.6492,-387.38452,44.308285,369.36612,102.525276,-30.45982,0.0,-638.9455,-74.386536,84.425156,-0.12985557,-16.639805,-1638.5564,114.26208,25.632599,257.25616,676.3813,-4128.678,-666.72314,-87.74905,-7022.482,-86.75614,183.1896,-2194.9404,169.80017,123.05342,904.5912,0.0,100.82659,-8.434527,76.3598,-115.113365,811.51984,-14.62444,116.41564,-99.0223,66.402695,-9.139839,5.554518
19.636461,-898.09814,-2195.1125,65.56644,108.68493,-989.9432,-1663.1882,-12.763267,0.0,-876.8738,30.225565,146.68776,1.293208,44.81798,240.96353,0.006724298,2.351331,-58.54865,2634.9294,402.20532,903.91296,-152.36623,-2514.033,269.99503,673.79114,2336.5842,-974.5108,7973.9824,14254.535,0.0,93.507576,-2.883905,5.360592,-250.38205,-942.28973,-42.703285,-62.72627,7.357732,-14.660617,-21.969036,-0.59813553
-15.24739,-602.71246,-1470.1365,216.39864,22.027594,-439.81027,-1212.5815,-11.107665,0.0,-177.99086,2.910526,421.2747,-0.88991594,-107.45106,242.40201,0.26002407,47.04819,305.03577,1085.2611,-11676.196,-458.1028,-561.99335,-22330.88,-1615.5983,142.2721,-3235.686,160.32832,-23058.406,-17164.28,0.0,-129.98743,-0.98159057,-4.956333,-139.12474,-753.9115,-11.457716,-107.48554,2.6879935,81.89378,-13.043394,1.1701571
-16.512377,-215.36726,571.1934,617.8161,37.98114,401.46463,304.17474,-14.650986,0.0,-388.65854,11.582267,450.86313,0.8901441,-79.21304,409.34433,1.3419042,20.219015,-44.162224,2274.9553,5840.709,843.9425,-106.32398,26289.168,709.63556,202.88757,-58.84302,-447.98102,13290.149,8943.587,0.0,-47.39443,-3.296193,2.58184,-171.58157,-556.1967,-30.437717,-108.473145,2.6826477,-11.638046,-5.4348674,-0.9027102
-21.36639,-172.50836,344.66116,385.86334,-12.702201,357.18497,110.19299,-11.471508,0.0,-237.22047,3.370475,-228.53937,3.5291996,72.9287,362.64697,1.7026327,0.90428174,79.4762,1184.3416,-12631.19,-527.13586,-415.39026,-23129.271,-1531.2461,40.401558,-3598.9714,117.600395,-24882.377,-17826.44,0.0,-122.54106,-1.3965962,-4.338973,-195.02216,508.29965,-11.439771,185.86722,1.5676621,-31.413273,33.777058,2.3576992
110.27597,-809.7324,976.4212,566.96515,-302.0849,366.53845,449.7032,-255.52574,0.0,-1310.8033,100.08964,874.8712,-12.212374,26.330135,-958.5793,48.245995,67.11447,-14.554541,4476.765,28027.115,1473.0256,-236.87862,140276.75,4238.655,-569.68567,20141.49,-1110.3738,46657.83,49258.742,0.0,-75.88371,4.6254587,102.77145,-58.678185,442.39166,-52.98041,171.58118,1.8512931,55.65676,-3.2683723,-0.9027102
2.124932,-245.88971,389.75162,400.6167,11.156354,373.47607,147.81633,-10.405364,0.0,-257.3041,-6.1966705,-531.8805,-0.98475504,7.3380656,406.2782,-2.833159,11.49473,-166.19434,1297.0502,-5149.5244,-198.5832,-27.471655,-14557.316,276.1147,196.62692,-1725.0339,199.73279,-3255.2253,-2659.3792,0.0,-65.46589,-0.8666832,-23.144596,-64.7023,-426.08386,-11.999425,-97.49873,2.5473826,-33.521465,-4.687029,-0.9027102
-1.414657,-1257.673,-2282.4565,500.15237,56.216038,-851.6443,-1101.3265,-11.3521385,0.0,-2574.623,-17.37395,-438.00375,-0.16193986,83.91439,857.1654,-5.891469,-261.09366,-386.27194,316.1654,-13540.275,-461.41818,-403.4302,22893.006,-2202.421,241.19122,-3320.489,374.0479,-4999.9126,-2979.7139,0.0,-125.990295,-0.8807629,-41.130547,-70.04106,-773.8359,-10.738955,-58.777428,4.433634,37.512276,-13.412666,1.1701571
-0.902202,-244.16805,542.8574,500.97958,33.561153,469.22083,255.32976,-12.944875,0.0,-431.0174,11.693467,-325.3861,1.4480164,119.7052,479.16998,-2.350819,-54.385586,301.4452,2150.397,4900.2627,805.5629,-657.85284,25463.041,911.8833,161.96515,-12.886354,-990.9082,11493.157,8502.592,0.0,99.19485,-3.296193,-137.4594,-288.84586,-518.00507,-29.596699,-62.961372,3.5547802,-14.223093,52.341675,2.3576992
-22.918364,-269.9928,410.55594,622.2758,5.137827,371.61426,148.6046,-12.090921,0.0,-40.582687,-29.03176,-210.82928,1.8328977,73.049904,396.77438,-2.2068734,-10.438985,-71.051674,1267.1445,-3670.4424,-313.4495,5.6647725,-13738.342,26.902664,194.11682,-2549.5403,147.86171,-1915.3743,-674.83496,0.0,-64.00391,-0.8666832,-24.047546,-104.027214,-500.89285,-12.796977,-27.661787,2.01239,88.14616,-4.649462,1.590288
-1.8861951,-695.6072,-1730.0227,228.467,24.794052,-445.31143,-1406.2816,-11.541181,0.0,-21.768003,0.60597634,-83.21289,-1.4515177,37.18014,218.58409,-2.6426344,46.02794,-31.851107,1194.7957,-8625.378,-127.146164,-488.74466,-19762.559,-1506.2975,90.10426,-1667.9783,235.1027,-14800.38,-13982.789,0.0,-119.89788,-0.9882434,-7.670066,-135.1147,-775.72833,-11.621638,-124.265594,2.5241916,52.93415,-13.335545,1.1701571
-52.09024,-295.65436,525.9193,411.95508,-6.5500107,352.92587,153.7737,-13.869775,0.0,-1007.0113,25.544987,313.12015,-0.70038366,33.109413,226.44464,0.94023204,12.055468,-108.1728,1435.6156,-3103.0247,820.2976,-239.00688,-7262.2837,291.1984,251.40468,778.0403,-657.3198,3747.3696,4450.8433,0.0,-68.945465,-3.1494048,-21.962753,-129.4568,342.39252,-13.596576,37.218822,2.178545,-9.317233,-3.6463547,-0.9027102
17.812069,-904.6181,-1348.0852,466.16135,113.54079,-293.13812,-695.1321,-15.802041,0.0,-199.97934,0.45476505,216.04337,2.0658796,74.335335,407.1867,-2.8102865,-14.3712225,498.5702,1443.8417,-8778.699,-122.813416,-413.90152,-19025.238,-1450.4491,71.16243,-1699.5647,211.00197,-13361.534,-13052.407,0.0,153.95728,-1.3965962,-4.9486465,386.63815,886.1213,-11.2343235,168.21591,7.4509363,47.189262,-6.184457,1.1701571
-57.15999,-1098.2953,-1667.0303,277.2115,46.07216,-624.11664,-1644.8085,-27.30109,0.0,-858.92596,-8.267515,547.6356,0.3376654,-98.98371,322.43573,2.9169345,47.696545,-101.22274,1786.7888,9802.168,812.3908,427.71762,36762.168,1411.5396,491.7363,3338.6526,320.18732,15948.188,12776.837,0.0,77.758,-2.0008693,4.988345,267.78036,-707.47955,-40.142403,-129.47324,2.354669,-29.506174,-22.842428,-0.59813553
-25.354704,-829.45703,-1670.4816,259.69543,57.05231,-524.2592,-1507.6464,-15.289854,0.0,-263.3954,33.114372,-269.6566,-1.4515177,-38.420418,428.5998,-2.988288,-14.066454,260.22656,1160.4395,-7498.7793,-20.112095,-121.35392,-18576.018,-1381.1445,121.65025,-1606.1451,233.66365,-11136.392,-11501.411,0.0,-143.95491,-0.8666832,-4.5471992,-155.99847,-753.70856,-11.696045,-105.79691,-17.74167,-19.97803,-13.331375,1.5622113
1.1264371,2193.4233,1952.6565,-744.16516,190.82306,199.96388,135.38422,-14.739195,0.0,-1013.7849,-63.628445,201.7801,0.04421115,26.649515,303.74567,112.87652,-33.831635,-106.715805,197.15034,-5112.917,-356.85184,-59.508778,-13843.922,-360.69275,25.379288,-723.93604,56.418404,-7752.814,-9138.997,0.0,-58.988663,-8.979543,-12.966345,-44.024384,-711.72174,-13.333436,-105.14114,1.8440232,-269.64032,-9.738892,2.90065
23.292683,-292.5174,653.1276,413.97577,-26.189278,380.58768,141.73311,-10.114844,0.0,-750.9872,-59.616173,-158.34726,1.9554071,79.28143,416.03244,-3.666021,-15.128864,-8.384578,1281.1206,-4199.6567,920.8295,-215.39743,-9466.164,310.84607,215.49759,190.79726,129.50801,3389.5159,3060.3918,0.0,-74.82869,-3.1494048,-5.6496973,-190.34377,381.41922,-13.390378,27.236923,-14.0373,-31.953045,-3.796731,2.3576992
31.082073,-340.9084,508.11545,-247.04796,-2.2509084,384.58456,86.17767,-17.16915,0.0,-439.44476,-51.19952,152.64691,4.65953,23.025383,-1460.2069,1.2338917,54.30361,-99.56286,1035.7646,-6729.246,3350.3596,107.88279,-8533.218,106.580864,-644.81604,793.63184,-1549.409,-89.87402,1584.0466,0.0,-51.16404,-0.49596548,-26.289145,44.581604,-254.12589,-12.517112,-27.44516,12.672913,-63.237854,-4.168976,-0.64739645
4.4523306,2850.6643,2487.9443,-4808.434,305.4289,277.8769,212.0008,-11.589796,0.0,-407.6294,22.683245,-308.87146,0.76198035,-133.94864,-263.21085,-5.0423646,-48.484196,247.72719,-59.855236,1256.2114,121.588036,216.22343,-5498.125,469.23172,205.36163,-40.543297,251.77818,6100.573,6510.536,0.0,-109.191154,-63.309925,-58.119774,-236.28455,-782.55707,-22.361795,-246.46202,-28.125547,111.20639,-31.368073,5.554518
-3.7294981,-1602.4773,-1500.5986,342.70673,83.83452,-580.2493,-825.887,-29.71461,0.0,-784.15704,15.663285,74.734344,4.8699007,98.91297,445.30142,-3.6811557,-214.10193,-173.05005,2019.2676,10594.039,790.21936,177.09393,33024.727,1006.3688,583.2479,4245.0137,-56.411095,15860.43,11327.871,0.0,82.51439,-5.376379,3.1446707,301.41592,857.32324,-39.196583,132.65947,-61.320885,-8.054123,-6.726502,1.228826
12.770213,6147.445,598.31573,-510.2924,1973.057,543.21423,174.17267,-179.02484,0.0,-1604.0988,-104.17898,-53.836796,-0.28572747,66.43461,581.51166,-1.982824,14.271979,-127.00868,-118.265076,-2775.9558,-129.53093,-113.54664,16033.9795,-768.3969,103.90723,-2635.2166,2247.2974,-1075.2036,-1210.4525,0.0,55.93902,-5.1496916,-25.685942,31.075699,-907.9079,-16.59567,-40.54341,2.0559804,10.028775,-4.6843977,-0.9027102
19.541399,-266.41116,444.68735,478.66644,-3.4144337,406.98135,205.9713,-11.0086,0.0,-821.0371,34.12611,-928.26135,0.069984704,-245.36693,-93.68568,13.975332,-62.43955,-305.8634,2053.8428,1867.7101,905.123,340.7595,11076.849,576.34534,531.15796,698.3025,323.71472,11658.7705,9423.495,0.0,63.34541,-5.369718,-4.297125,309.86917,437.8511,-62.275578,61.493813,3.4964054,-27.462694,40.53399,2.3576992
-87.47386,-3277.9841,-2205.5974,61.915283,15.501454,-756.5141,-2227.849,-75.00699,0.0,-1413.0116,91.35038,-59.69083,-32.660965,-1037.5151,391.7611,11.671242,-20.206303,0.8976784,2719.5208,13740.41,921.11597,-364.4657,60434.555,2053.6704,425.10995,6126.4204,-820.0854,20401.322,21347.332,0.0,-56.170513,-0.97457355,-24.373587,-173.4486,-810.3881,-150.42296,-184.24632,14.7633705,-14.549418,-21.767225,-0.59813553
-15.412879,-242.4561,697.07935,441.67667,-61.191998,422.69528,143.32733,-11.027441,0.0,-498.83685,25.662655,306.47693,-0.75336075,49.83887,428.41687,-1.5512471,-6.465809,635.20667,1571.1079,-2993.3943,876.7078,-159.43411,-11578.243,395.60782,195.67783,1296.1105,77.77493,3562.2441,4203.357,0.0,153.97372,-3.1494048,-4.9202743,483.0191,421.3303,-13.412134,49.07864,-16.915735,-28.230463,-4.343128,2.3576992
-3.643773,-194.27208,397.5064,537.3841,8.933909,244.9523,166.86134,-11.381083,0.0,148.75302,0.12521955,36.57893,2.9220574,69.51893,386.98712,-2.9872637,-25.011904,-150.61322,1034.0449,-9109.339,-103.47142,-190.1081,-19548.867,-880.82385,124.9947,-1812.134,224.04016,-11524.611,-12521.482,0.0,105.38897,-0.8666832,-0.92111504,-87.09732,-386.4083,-11.637013,-103.45078,-14.068583,-29.854185,-4.6581964,2.3576992
-14.739647,-828.46454,-1563.2894,529.06757,78.04936,-307.74976,-1382.6288,-16.488432,0.0,-419.66763,0.6088846,279.5331,2.9610062,78.361786,326.70175,-2.7503462,-27.552708,-157.98262,1253.4886,-5794.4854,-7.816661,-93.50393,-16697.85,-710.7162,55.48677,-210.78421,156.09781,-8455.52,-9502.656,0.0,85.95928,-0.8666832,-8.478692,254.92752,-727.53107,-11.43886,-94.79334,6.90357,45.480957,-19.71533,1.1701571
-2.3071778,3104.2546,1717.0424,-286.8641,11.664752,267.74026,102.4842,-30.514988,0.0,3.4007852,-82.32551,204.35591,0.36147118,-41.35782,-807.1547,4.82605,41.333546,-78.263145,417.83514,-3924.4714,-310.7623,-37.660236,-12696.297,111.76671,449.81973,-1671.7594,130.11948,-3323.181,-4205.6934,0.0,-53.898575,-8.434527,-24.062313,-70.03703,573.2761,-14.267064,93.8516,4.5511813,80.93308,-9.279617,-2.1267002
-0.8105452,2283.5415,1449.7756,-4687.2993,230.00746,177.16626,147.01117,-13.504371,0.0,-75.9785,-1.1353121,-179.40761,-0.4824326,44.881115,247.99893,1.5303037,3.3989656,-130.09685,328.84344,-9930.347,-495.4236,-201.35493,-19486.531,-1133.723,133.98752,-2517.0544,-12.466889,-17510.885,-16109.293,0.0,-189.88457,-8.965463,-20.985283,-27.95486,-631.11743,-12.05227,-145.13188,1.7735716,65.949524,-86.054085,-2.1267002
21.658672,-685.5947,-1260.3069,277.76846,108.112206,-759.6654,-569.39606,-11.749392,0.0,-10.443729,-6.044636,-256.98837,1.9073771,67.49275,490.04523,-1.1773815,9.4306345,294.83508,1458.6088,-3747.168,-103.74668,-3.7257972,-15481.552,233.8347,111.07736,-1795.6113,188.77328,-3315.6233,-2544.6133,0.0,-181.88612,-1.2816889,-18.776587,-187.05206,940.5235,-12.119287,50.1243,-19.650589,-22.838522,-6.443472,1.5622113
24.092121,-317.09558,319.5508,426.49884,-21.031776,285.81747,118.6274,-10.98032,0.0,-1059.4811,-1.4335382,-160.4857,4.301817,71.76733,439.95505,-4.7208996,0.5769731,-16.135227,1650.9371,-9181.907,-404.9223,-186.79472,-14836.533,-1358.0421,169.0578,-1229.3285,206.54904,-12223.237,-11921.168,0.0,-67.451385,-1.2816889,-4.5050864,-130.41528,443.41974,-11.466916,158.00893,2.2275877,-30.77967,34.864567,2.3576992
-3.9138489,-296.6599,195.39583,475.83752,-67.96301,392.02182,107.964325,-11.008641,0.0,-1359.0017,-59.688667,320.60068,-0.4361008,-136.52313,291.24756,-4.1676893,-39.383858,-149.2748,1640.087,-3944.7058,-435.26785,-104.71021,-10136.317,20.777231,85.65041,-1403.2635,209.55907,-3646.882,-3875.9443,0.0,68.97082,-1.2816889,-21.607203,191.63889,457.45148,-12.514426,119.28548,3.0825734,-27.887537,35.742214,2.3576992
21.973242,-293.33685,492.99152,547.43475,9.771262,367.1919,194.76079,-10.705772,0.0,-861.7264,-58.057987,209.29846,-1.0737702,-112.08615,124.732994,-5.079362,34.86762,-24.00991,1490.7522,-4257.4404,459.9015,-14.014944,-7680.027,291.5925,169.12141,-391.70932,-85.49763,2976.521,2528.8708,0.0,-67.20941,-2.734399,-22.59577,-147.70705,-445.40076,-13.635527,-26.568758,3.1037602,22.75003,-3.4705129,1.590288
22.790262,-288.95074,272.16718,598.40063,-2.5443792,360.82214,141.32822,-12.78004,0.0,-1001.48596,-113.37015,150.81337,2.4379988,76.150795,337.08472,-2.5807395,-39.801796,-255.45505,1452.1925,-3947.5334,-611.75397,-61.845848,-7595.233,-151.30782,159.35077,-2137.5486,112.9527,-687.75073,735.0052,0.0,72.46285,-0.8666832,-23.338886,192.3749,-476.67282,-12.791992,-34.073437,2.7624304,54.14724,-3.9439578,1.590288
27.57226,-741.42096,-1631.8585,241.85771,38.14418,-418.0117,-1415.9072,-16.87779,0.0,-153.65887,31.909605,143.03812,-1.2071761,-111.82604,241.51303,1.4715452,1.5072737,-78.58809,1182.1555,-7041.7705,-28.345604,-93.92972,-18274.0,-660.8802,128.08568,-1623.9042,233.39613,-10409.857,-11315.62,0.0,-89.14657,-0.8666832,-4.8223624,-107.98633,-680.70905,-11.484861,-105.7952,6.9393916,-36.74036,-13.6001835,-0.59813553
-13.605872,-236.66685,400.77902,609.3953,-48.22594,318.04807,102.55207,-11.721517,0.0,-742.4826,2.6605823,-113.52922,2.7280245,90.3879,542.9336,-4.616541,9.053936,602.10565,1716.4011,-5565.58,-147.40294,-43.70088,-13820.735,71.51742,148.40866,-117.711395,189.27502,-6229.941,-6512.5864,0.0,136.05788,-1.2816889,-23.67094,429.82712,457.53293,-11.264444,131.0506,1.5900433,75.57994,-3.618333,1.590288
27.267263,-1104.2391,-2165.6602,124.052704,97.76077,-885.1812,-1743.719,-14.803706,0.0,-484.04358,12.04231,-621.2629,-4.3927493,111.39342,512.3107,-2.350819,-24.411303,208.13208,2918.0803,5120.564,788.96796,-390.97098,25089.494,646.3777,719.84973,-163.87589,-599.6527,12510.522,9094.773,0.0,91.17782,-3.3102727,-94.51309,-297.36093,-847.9622,-25.130816,-116.614494,2.2698069,-8.30977,243.1249,1.5622113
-45.92989,-767.9932,-1965.4862,44.397427,137.60645,-1138.9689,-722.29175,-18.44383,0.0,-837.30865,30.256918,258.64862,0.13403283,38.242676,-63.758484,1.043347,19.258629,-64.32102,2778.6003,1782.1086,872.6983,-58.868145,-5369.649,370.54443,597.58435,2660.203,-1098.0377,8681.351,15486.492,0.0,-101.63459,-3.084167,-7.0903273,-215.9544,799.08496,-60.04256,58.537,2.679688,-27.828617,-7.0522757,-0.59813553
-60.752827,-163.42236,561.98456,877.12836,35.03976,309.14856,300.04526,-11.087242,0.0,-1171.0657,9.417584,379.14615,0.64693356,-248.2631,445.29056,-4.6744614,-58.083145,399.42648,2280.0645,2822.5166,1005.1402,382.7339,22928.008,731.3024,301.09332,-1428.0193,311.5734,7515.5806,6369.9688,0.0,121.49719,-3.296193,-5.344077,807.48376,-430.89706,-26.56008,-61.197628,2.267987,55.075222,-5.0227757,1.590288
29.594355,-736.25916,-2498.4119,173.18918,85.93966,-626.36993,-1898.6456,-12.221233,0.0,-875.31146,29.343557,188.70169,-1.638636,-74.33972,242.0382,0.28432256,12.681735,-61.402184,1954.9315,2475.7942,981.73865,-317.37726,-3084.062,597.0003,881.7269,1341.7008,353.51184,7998.7646,12662.483,0.0,-89.40136,-3.3102727,-7.7612963,-211.24576,-935.1748,-60.081516,-63.594128,2.3736005,-29.111479,-22.20109,-0.59813553
5.791045,2994.9492,2308.2732,535.5616,34.108025,258.51904,226.79175,-16.668558,0.0,-610.84674,-40.36125,368.35104,0.20518726,-3.1516418,-1438.7059,0.4679983,30.708084,-140.44366,327.03784,3012.6265,589.09204,-179.93402,-4978.133,330.72333,346.09232,-279.6921,254.92668,6654.875,6311.4736,0.0,56.087463,-61.16849,-24.16793,204.63597,-628.23956,-23.62558,-48.75037,5.295444,-13.981163,-5.8896227,-0.9027102
-41.413048,3131.0747,1776.8184,-4293.764,91.03463,219.43086,175.92357,-14.148518,0.0,-422.50183,-38.72206,-81.54516,-1.5645235,-59.522602,491.59244,0.94969225,24.90228,-85.46341,158.8448,3318.1729,835.2171,0.80329865,-6755.349,385.00735,503.05505,-48.402733,178.04358,9267.191,8193.034,0.0,-99.06578,-66.31866,-36.455746,-79.915405,830.1547,-38.890667,150.13872,1.7291644,178.75345,-48.529694,-2.1267002
21.703983,-806.43646,-1374.7819,532.7074,173.25499,-424.9849,-677.84595,-16.539299,0.0,-151.74083,-8.412652,117.75353,0.06649178,75.93792,417.1143,-4.6213465,-6.2022305,484.74484,1598.4552,-4718.884,-147.48273,-81.369736,-16463.533,-159.49284,165.39362,-1034.6212,292.0932,-3451.5603,-5018.9185,0.0,152.66286,-1.2957685,-9.533342,416.04437,922.6001,-11.2343235,133.22409,-17.800499,-23.881163,-6.498336,1.5622113
-5.243949,-294.07385,415.1951,408.51404,-26.620638,266.78918,122.377365,-11.670108,0.0,-97.99288,2.3780925,42.557102,2.427565,72.59239,465.49127,-3.7208555,-23.00904,336.14774,1334.9033,-9301.748,-300.09714,-214.46707,-18847.307,-1231.6807,125.489426,-1560.8794,176.857,-15096.895,-13159.223,0.0,-123.66048,-1.2816889,-4.461807,-168.23454,428.79163,-11.610513,156.43962,1.7896668,-26.283812,35.889507,2.3576992
-4.600436,3385.0322,1912.0759,-4399.4604,97.79959,249.2243,176.31134,-14.336028,0.0,-362.64584,-38.520382,69.44907,2.2379906,82.88961,396.81354,0.7402446,26.486044,-80.5564,325.65222,3241.1877,1202.0643,178.76363,-5801.5776,632.6281,548.179,-387.5529,140.49718,9503.319,8296.399,0.0,-97.09297,-66.30458,-33.41859,-59.256145,771.3422,-55.606155,145.58578,1.7291644,139.52032,-57.71693,-2.1267002
0.33546728,-721.8874,-1613.9913,203.67255,28.695364,-590.09125,-1259.082,-12.714367,0.0,-213.1215,-8.679919,210.9485,-0.1550715,39.24033,-20.063484,1.3505015,11.543897,-78.11285,1381.8538,-4929.4155,-135.43071,-67.90049,-14862.855,192.90727,117.19913,-1767.3508,376.58487,-3147.8296,-2470.4363,0.0,-80.16653,-0.40611887,-23.790121,-125.85474,-664.82355,-11.418763,-90.33782,8.198078,-25.749132,-13.435727,-0.59813553
-22.26083,2962.941,2172.4949,-302.65112,-4.2008066,281.86032,109.61424,-30.016893,0.0,65.47023,-75.32917,-71.02528,-0.008765876,31.961575,261.94528,4.1666718,10.217507,-102.1786,378.42874,-4014.6309,-376.22708,-11.215931,-11958.839,59.867313,251.4073,-2173.8362,42.63745,-1509.0631,-492.41025,0.0,-68.05661,-9.380468,-21.89309,-72.30289,657.36426,-12.505929,99.67484,2.9840336,49.06567,-9.130796,-2.1267002
-5.069263,2107.9873,1564.991,688.35974,-8.0917,243.58006,158.33214,-17.633955,0.0,229.99257,-81.00788,-92.45796,-0.9750045,-123.87817,240.00273,-3.112501,-28.53082,221.53662,-130.50452,-7653.18,-454.1573,-179.87663,-20034.176,-1328.3477,70.58709,-1765.9008,300.00443,-11570.972,-12488.669,0.0,-138.34004,-8.825316,-8.921669,-122.37883,-549.90375,-13.717071,-104.08363,1.2629739,3.258174,-5.151397,1.590288
1.6385859,-305.73782,366.42563,445.68524,-43.93994,348.33008,109.14781,-11.47777,0.0,-740.3223,25.950731,-321.60226,3.4066901,50.066875,423.68726,-0.25397444,-29.54612,-284.28833,1080.0652,-7250.035,-29.74471,20.29039,-14089.133,-178.44408,129.75949,-351.92804,-1491.7059,-8121.659,-6583.8013,0.0,78.13689,-1.2816889,-8.335094,73.26352,429.82663,-11.468578,79.37204,1.3129715,-24.565498,-3.8437052,1.590288
12.971823,1872.8547,1178.1936,654.40875,-11.124925,220.11023,127.25161,-13.276217,0.0,164.26009,-11.760303,-103.130066,-0.9750045,-114.63242,-191.67023,-5.4681444,-25.176966,275.09082,343.60553,-11512.625,-671.8178,-534.7809,-22644.002,-1579.0826,433.76498,-3280.484,104.59166,-23316.67,-17421.941,0.0,-112.28166,-8.47966,-7.139845,-123.26608,-524.05457,-11.767563,-118.9764,2.5798638,4.3263254,-5.0206895,1.590288
70.253914,-1011.4202,-1776.8323,584.0369,89.626,-554.3699,-1402.13,-17.674995,0.0,-736.2764,6.275108,-124.45603,1.4104975,118.92154,451.79523,1.1010692,-4.165075,-27.681284,3104.8438,5197.9243,742.80884,-81.548096,25580.957,472.81165,549.8172,-309.84897,283.81577,11312.966,8900.148,0.0,-100.2674,-5.8443623,-35.39339,-252.91162,1031.5273,-22.862406,116.07553,1.7608007,-8.021976,-5.9503584,-0.59813553
25.889,-871.82916,-1493.6912,488.89273,40.447212,-277.54388,-1379.6879,-20.214493,0.0,-736.5363,24.310534,371.40274,-1.009288,32.521423,-46.563164,-2.8016233,-35.37747,-88.00021,1127.0254,-7162.558,-107.64735,-75.336395,-12762.24,-697.8744,33.06818,-337.59912,-1680.438,-7799.44,-6409.597,0.0,-80.213036,-0.42019856,-11.152498,-107.449844,-641.1559,-12.238034,-35.749203,2.57907,51.1997,-20.279253,1.1701571
-130.90233,-1378.1177,-2201.5808,360.36356,119.00533,-852.3887,-1629.7041,-12.635188,0.0,-1190.7074,-63.283585,261.96335,-3.2437415,115.51353,466.09808,-4.5720983,-62.645622,-92.608536,2608.8828,721.4435,794.2478,-290.07544,20798.576,477.10025,401.39032,-448.60043,-868.9197,5205.522,6780.496,0.0,-84.9421,-2.883905,-7.3919864,-257.95413,-775.22864,-29.74384,-57.498093,2.4586813,58.71349,-21.934853,1.1701571
-2.0950015,-213.31866,570.4465,444.86212,3.43577,320.2941,152.0111,72.47128,0.0,-148.19766,-56.547386,117.05345,0.5115718,79.30312,349.29752,0.65768605,13.127149,-113.7483,1090.2493,-4567.5156,-22.270079,-18.695766,-10946.7,-127.895546,254.52734,-586.07477,-740.1722,201.1098,1496.4396,0.0,-61.036194,-0.8666832,-23.802223,-82.66082,-498.3121,-13.502013,-37.570873,2.2593594,-8.986515,-4.913764,-0.9027102
26.84183,-832.09393,-1962.0895,215.9091,34.746655,-684.7435,-1172.8457,-11.437878,0.0,-173.13306,-30.929613,-253.60754,-0.39941302,40.000134,13.651077,-3.114297,-47.346367,254.65147,1441.5002,-3556.3,-89.31113,-74.90745,-13003.574,19.844517,205.55396,-2560.0552,440.4591,-1662.5044,-891.1665,0.0,-137.77641,-0.40611887,-23.350822,-194.21887,-762.34174,-12.783021,-83.65199,3.5184586,-23.498943,212.38083,1.5622113
61.88627,-203.25146,562.593,681.15216,31.153627,309.6194,291.07462,-19.111767,0.0,-353.15497,5.6858687,62.977657,3.1905634,106.27866,424.8192,1.044492,19.264912,-50.978046,2231.2454,7140.146,829.8339,-663.40875,25674.066,1089.3179,209.41023,1856.68,402.76328,15271.573,9353.63,0.0,-50.44238,-3.296193,11.890176,-213.29611,-551.2342,-41.950214,-49.39232,1.6892319,-12.858269,-5.3698792,-0.9027102
3.3764796,-118.0281,412.61737,551.73004,-3.3395936,257.31107,143.16988,-12.107386,0.0,-175.91933,3.5859683,-229.37474,-1.7725766,41.70939,229.11592,1.2878346,-4.49646,-174.69518,902.41046,-14584.402,-731.31335,-402.2267,-25673.488,-2155.9836,96.037704,-3983.6382,135.53754,-28496.389,-19101.135,0.0,70.39817,-0.98159057,-5.398067,201.61093,-419.31577,-11.299898,-122.80462,2.1525164,98.809525,-3.8502054,1.590288
-14.351369,-741.43787,-1443.9526,484.9964,10.489838,-258.9896,-1441.3339,-11.269436,0.0,-454.34915,2.3754652,381.4966,-0.88991594,-15.329206,308.5006,-6.5057564,-28.928316,-100.22658,119.99061,-8796.979,-603.80646,-563.3909,-17980.115,-1251.8386,210.31207,-2584.686,205.57104,-18054.559,-15345.389,0.0,-74.935936,-0.98159057,1.3369063,-93.82928,-677.33777,-11.280325,-56.28129,-67.30933,-36.099964,-6.536433,1.5622113
2.0710545,-217.80646,514.4591,504.91022,24.181742,414.11514,237.08807,-13.1769705,0.0,-620.0927,11.582267,389.74942,0.67161596,65.29347,358.5373,1.3065317,23.025522,-55.288548,2281.7825,3459.0376,815.6918,-78.84792,23003.236,877.3097,365.68817,-356.41763,-367.5294,11253.458,8097.9805,0.0,-54.340076,-5.8443623,-3.416596,-287.542,552.4918,-31.945057,55.806458,2.7895854,-9.517452,-4.3334613,-0.9027102
8.806237,2444.246,1704.3059,-624.83875,233.51366,185.23228,152.52588,-12.896616,0.0,199.11469,-8.371629,-65.79143,-1.0279815,-17.16217,195.39705,4.7678494,2.8659542,-103.327156,249.53249,-8685.017,-501.33362,-195.99571,-18972.12,-1239.711,183.84541,-2225.2148,12.609196,-15108.429,-14051.375,0.0,-64.09279,-8.965463,-4.865274,-50.06514,-609.7226,-11.546269,-101.69019,2.3752942,52.391155,-10.383047,-2.1267002
-23.932346,-703.2297,-2809.1677,-9.857398,40.90995,-767.36,-1423.2109,-15.31592,0.0,-670.31305,13.672336,-92.644966,0.36258823,-58.784748,-766.6082,1.4731686,73.07194,-52.292206,1803.3763,-931.638,1006.6785,-128.26909,-5132.1055,274.31964,680.65485,607.55896,-137.32112,6386.49,8807.95,0.0,85.6365,-0.8343421,18.51946,-174.46077,-965.6991,-26.27009,-57.93075,8.955665,-23.891592,-22.172455,-0.59813553
-5.134821,1995.4231,1243.015,408.739,7.7970924,304.19525,94.9514,-13.809406,0.0,-27.743296,-12.265212,363.64206,-0.42635036,7.7431316,256.64743,-0.07761161,0.739956,-138.1589,537.7262,-12775.809,-553.1828,-445.12497,-23898.559,-1439.9159,359.86127,-3535.7073,74.76536,-24984.7,-17987.092,0.0,-58.82408,-9.355229,-4.184075,-53.387962,694.82086,-11.547264,146.39806,2.1487112,-16.493423,-4.8623424,-0.9027102
31.299421,-522.03156,475.27878,-3.8730505,-4.539922,706.7839,147.04327,-7.567401,0.0,-647.0142,19.796501,-7.0913353,-0.8152518,-90.342636,-353.31528,-3.7670915,-39.973515,300.4741,1807.1196,-3463.9634,974.06757,186.46652,-3911.203,403.7863,520.3964,1833.3617,-4430.876,5924.5215,8766.432,0.0,-114.506035,-3.084167,-20.056067,-383.2301,256.2064,-29.213076,64.99472,2.416366,233.12885,-2.943254,1.590288
-229.99547,2914.6384,2736.723,603.1692,-178.16579,379.01553,464.3827,-4.213119,0.0,-290.77548,-10.433112,44.950615,52.366024,1342.2427,-23.069016,17.50123,42.909817,3.9202392,2271.8733,27863.502,1688.1704,-284.85324,135592.2,3651.7188,-224.24153,11276.421,752.538,41150.594,46784.977,0.0,-64.58571,-8.340142,90.50851,-55.045692,508.46494,-68.593575,217.87758,3.1156058,96.0873,-11.612156,-0.9027102
15.748676,-240.43515,655.58435,480.84464,48.8589,392.30423,279.02545,-17.576235,0.0,-344.6189,37.322723,184.12663,0.9557306,47.37293,-896.80804,0.40573516,45.031868,-67.26431,2210.3206,3679.6912,897.56995,287.1387,-2005.3231,553.1511,610.57336,3865.2737,-1135.6014,14666.765,15665.072,0.0,56.011997,-0.6493863,-28.22284,-269.53186,-375.25494,-76.691826,-58.860863,3.3710327,-18.490961,-5.2575645,-0.9027102
113.67133,-310.5076,515.40845,830.7857,-7.6623416,359.192,239.51367,-16.120138,0.0,-1773.7842,11.98022,-526.85803,-2.5914483,45.16564,406.32758,-3.4856138,4.9009905,-213.61531,2226.805,3890.8882,540.8228,-718.2235,35826.953,755.6298,338.6446,-156.22375,420.4736,13918.596,8967.31,0.0,-91.59602,-5.8443623,-31.049253,-366.02304,509.63113,-39.604385,145.41727,2.341614,-2.8170495,-3.7657073,1.590288
-0.1879379,2760.7332,2356.7417,-569.59827,227.99817,262.1574,154.9245,-30.71613,0.0,275.82968,-82.35118,17.509352,-0.97389865,70.042465,372.29236,4.2189703,12.227507,-133.68759,221.41867,-3971.193,-343.2629,-73.4925,-13235.056,53.66644,381.26016,-2438.1194,72.32361,-1529.7256,-1020.18744,0.0,74.270294,-8.965463,82.43657,-75.880394,-722.5391,-14.481936,-78.446396,3.2757664,74.90095,-10.274564,-2.1267002
-24.6046,1655.933,1528.3916,-3743.2888,231.5129,183.73451,135.27718,-13.577258,0.0,-101.74107,-12.011033,-200.92276,1.7536987,64.58244,447.01907,0.4116626,2.8629186,-139.42487,268.22293,-14151.011,-652.59106,-637.65204,-26004.271,-2664.5366,89.38143,-4120.8374,-46.147484,-28079.906,-19492.457,0.0,-113.09064,-9.006445,-20.505121,-86.37844,-644.44806,-12.025527,-145.06636,1.7735716,65.15621,-43.416344,-2.1267002
-4.3322988,-195.51236,412.30353,636.4228,-21.337244,289.99405,140.06007,-11.791292,0.0,-65.563416,0.68259597,159.45044,2.5500746,80.45621,335.32947,-3.7905452,32.266846,-40.376072,1125.5319,-6797.9507,-91.331955,-75.1107,-17608.84,-269.3326,60.22064,-168.22346,117.95691,-8961.737,-10631.137,0.0,69.27214,-0.8666832,-6.388286,235.7346,-417.10437,-11.2302475,-109.75959,2.0508797,78.964355,-4.8568635,1.590288
35.363144,-876.7,-1873.1377,272.20847,136.35608,-762.9952,-663.7861,-13.418583,0.0,-553.4295,-55.58747,-349.58954,-0.20152476,78.07184,-1294.1063,-3.9955945,-67.81098,74.00619,179.87804,-4091.1006,593.94714,-126.2627,-12097.808,-237.20155,203.07106,-2243.5845,374.02182,1930.2914,340.97324,0.0,132.99054,1.1801621,-4.3945384,352.07477,873.9951,-13.254177,64.53667,6.3787155,49.03556,-6.228672,1.1701571
44.929497,-655.10175,-2361.3452,163.39577,131.75415,-828.6445,-1009.6266,-11.736706,0.0,-856.1246,10.489226,122.554596,0.49208707,82.07,461.5945,-2.6850982,-28.72639,268.00052,2145.182,-281.2559,1008.4546,-213.81638,-5463.1255,266.2538,411.86862,851.89886,354.4698,6565.412,8862.795,0.0,-144.29787,-5.8302827,-4.9269075,-347.25833,1111.041,-26.210373,65.07246,-19.646019,-26.125011,-7.349133,1.5622113
64.60361,-736.768,-2164.8047,129.16666,208.1839,-717.64276,-943.74457,-13.167306,0.0,-934.13745,29.174109,128.15688,4.9396486,91.00972,499.7729,-2.0380855,87.63549,636.65924,1857.3018,700.10834,972.36346,-198.25798,-5366.9595,630.8518,531.7105,596.44476,297.14194,8361.297,12996.441,0.0,168.58287,-5.8443623,-5.039012,813.22107,998.5414,-48.84946,78.2609,2.3304462,-28.485468,72.921295,1.5622113
14.036889,2779.7603,1842.3955,475.3986,9.657935,399.28888,132.34001,-29.041473,0.0,-656.58734,-21.808054,-252.20882,0.1355927,78.20923,536.6543,-3.4457333,11.074248,-147.71594,464.3341,-5986.154,-201.9163,-97.555115,-10503.06,-132.10425,190.48112,-580.117,174.06688,-6130.9707,-4979.4194,0.0,72.793175,-8.825316,6.1367745,-45.44375,-575.4461,-14.055982,-102.74833,2.833897,-20.766455,-5.910588,-0.9027102
8.4410515,-1432.505,-1906.4414,62.710403,58.52012,-1031.2727,-1773.8097,-58.4173,0.0,-1088.0717,31.088434,465.95605,3.4550955,4.5165253,425.6837,3.6437201,65.300224,-77.78828,2400.683,12492.919,736.6252,-1102.2704,43050.746,1092.6707,105.78716,3018.5188,-2401.3271,16707.59,15594.924,0.0,87.15843,-3.0767481,9.935353,362.38403,626.1566,-41.01782,132.48059,2.2393374,-24.863014,-6.925077,-0.59813553
13.596616,-252.35002,396.38535,498.19666,7.127101,349.38318,132.86665,-11.351128,0.0,-473.67523,-6.1130533,-311.86523,0.45313764,70.6196,462.4743,-3.1293871,11.366662,-141.1379,1540.3903,-5621.5728,-95.33857,31.65951,-13854.172,222.07849,192.28412,-208.13425,-13.407714,-6215.813,-5327.143,0.0,73.019356,-0.8666832,78.55784,-55.505825,-435.8772,-11.389404,-35.701294,1.5866995,-36.805973,-4.778999,-0.9027102
63.298695,-171.31927,539.6256,660.15533,36.68797,424.1429,263.82535,-16.743172,0.0,-826.9103,-59.329582,506.71313,1.4617977,101.6453,-893.77936,-4.595616,55.50986,123.58007,2333.0508,835.9007,878.998,294.6807,22805.63,775.80554,395.37048,-37.29545,-305.86914,9532.527,6783.8447,0.0,-75.79426,-0.8343421,-8.0354395,-277.35358,-463.37155,-21.768476,-60.447636,5.345265,53.460724,-5.0224104,1.590288
11.748263,-857.98883,-2116.9824,318.81885,117.55014,-590.5586,-1509.8348,-11.498025,0.0,-780.42395,-55.83672,-352.39612,0.46414572,65.12824,470.74884,-0.39704084,-51.26479,136.50798,1380.9177,-4657.016,1048.5376,-131.32053,-9171.119,-14.566535,91.927635,-193.23438,133.69339,2815.9321,1824.9509,0.0,116.08011,-0.95910645,-11.30584,391.06137,-1003.8957,-13.245466,-47.64746,2.5819166,49.86522,-20.463367,1.1701571
19.14165,2796.3103,2165.3918,-227.111,118.18537,294.64328,187.2561,-28.903782,0.0,-458.49545,1.1197178,87.494514,-0.094940305,70.04815,501.8078,113.354744,46.553326,13.347035,-331.307,-1131.9294,-693.4906,-138.089,-9470.37,-59.8109,512.74536,-2027.5646,70.76395,2815.5786,1680.3401,0.0,-52.417854,-8.979543,-25.97014,-82.43225,-667.84424,-14.6644335,-96.30584,3.2469647,-174.894,-10.617422,2.90065
55.69904,2638.1592,1761.3556,-111.35441,48.484253,243.33713,211.59444,-16.947933,0.0,-1143.1537,-81.620705,642.8506,2.7988029,-208.51659,-934.6423,-4.9628234,47.499905,-22.73125,1431.0463,6639.364,745.9751,254.17903,38554.805,646.5009,344.80072,-260.80463,-42.47043,13697.873,9263.838,0.0,50.177563,-65.54359,58.781746,-54.76204,632.6746,-38.225002,131.89767,3.6220784,105.58601,-16.94745,-2.1267002
47.613514,-662.7814,-1470.1417,311.79596,7.9169426,-314.13782,-1306.4077,-12.191437,0.0,-34.332516,2.0622995,230.15382,-1.2071761,-98.31556,79.17172,-3.2544422,-0.8776984,284.8821,1033.9044,-10913.757,-481.6525,-573.1008,-22248.562,-1678.8588,204.8613,-3058.5015,130.00676,-22978.297,-17005.559,0.0,-137.52017,-1.0478115,-4.3022666,-148.76685,-770.1114,-11.429939,-120.59523,-68.9145,-34.73474,-13.44233,1.5622113
19.93893,-181.30513,384.84344,460.90393,6.1898103,281.49417,124.24057,-12.222942,0.0,-77.0965,2.5630581,146.67055,-0.6099402,49.58722,129.36855,-3.1977262,15.46492,-20.736576,1159.3146,-7303.8794,-2.6504173,-19.660147,-16621.592,-201.41275,138.67941,-36.06299,47.543114,-8584.179,-9703.403,0.0,-59.6155,-0.8666832,-5.407657,-101.25607,-373.11887,-11.405976,-40.684875,1.4849787,-27.801893,47.06766,2.3576992
-1.3668599,-295.88776,367.0497,555.4635,10.071721,312.33176,158.2205,-11.6483755,0.0,-107.21641,32.844944,-272.02518,3.4066901,74.7317,397.92087,-2.6039119,3.1323404,-93.6538,971.61414,-7811.1196,-122.393814,-17.40508,-17753.783,-735.23254,133.8702,-279.2591,207.19472,-9567.132,-11077.137,0.0,-63.530033,-0.8666832,-6.029566,-75.802025,-355.26434,-11.26238,-105.74485,1.2505871,-34.6352,-4.7194834,-0.9027102
378.5844,-546.632,-38.898106,515.0236,10.786844,452.373,465.26404,-57.33689,0.0,-1005.91016,93.65228,-419.4972,-11.985368,-89.26782,452.2428,89.01019,33.054478,-8.740838,2295.8167,25330.91,1473.0869,-454.7691,105579.02,3323.4912,363.3883,8032.384,-2775.6829,28347.146,39338.027,0.0,-69.62813,0.18759143,39.848846,-70.73783,463.1826,-79.844185,274.66946,3.0825613,22.150414,-3.336311,-0.9027102
190.75157,-88.55573,249.68289,540.05133,-9.950707,386.99875,328.43018,-42.67889,0.0,-901.5706,63.343037,693.9875,-2.137835,-14.58139,-175.7644,18.2189,-39.084484,-24.877886,2244.787,11271.464,1188.7904,-918.2308,92639.92,2509.1816,393.89044,5011.1753,-390.17035,24202.398,35402.88,0.0,-69.846176,0.28872335,-65.030045,-101.011116,-554.32263,-130.93626,-222.01434,1.3684886,55.2787,-4.724302,-0.9027102
-0.5727798,2080.7107,1223.2815,523.51855,-18.439617,340.91342,94.31744,-12.875135,0.0,-1.0221019,-0.7519529,-153.40622,-1.0279815,-116.71008,488.3761,-4.2111483,-0.7075645,341.12695,421.36774,-11614.643,-509.2978,-501.06265,-21609.986,-1495.2424,282.86664,-3140.648,56.06497,-22596.178,-17177.387,0.0,-139.26723,-9.355229,-5.236367,-114.0115,748.4477,-11.5810585,177.55641,2.2275877,43.503902,-4.0269585,1.590288
16.78785,-732.7466,-1375.9196,453.29376,89.032814,-481.73904,-680.74097,-21.025501,0.0,-826.41077,-0.24821803,288.25824,0.04281676,39.15651,309.08942,0.7831909,-4.1849756,-98.625084,1767.7865,-4816.1396,-124.00699,-53.62612,-14804.632,-180.40784,131.79672,-356.4083,324.92368,-5720.514,-6215.1104,0.0,-92.37783,-1.2957685,-12.30737,-132.73883,852.8802,-11.662252,123.00428,7.2440796,-26.059813,-6.306657,-0.59813553
19.46943,3165.2524,1824.6619,-265.2486,35.056572,257.43066,172.04814,-13.0522585,0.0,-529.5141,-24.012842,63.34809,0.28168434,-77.92348,374.27957,113.50976,59.0605,161.21268,614.1677,3516.496,-150.39767,-118.002625,-3050.7158,159.79428,382.39267,-289.65778,159.54926,6740.934,7416.7427,0.0,-121.55097,-66.31866,-25.175413,-158.16974,654.16736,-37.57328,2.8612692,2.4525328,-277.91663,-8.750112,2.90065
7.316766,-245.3185,454.59384,461.80588,-31.796877,430.25912,115.06098,-13.346958,0.0,-104.485466,-32.910244,279.15274,-0.73601115,-5.1943164,-1605.9207,-2.9800394,21.875391,300.2274,1678.7411,-4046.7405,-101.67669,-184.83835,-12888.74,-55.457596,181.81503,-2164.8147,-2.3379338,-398.33078,-143.01576,0.0,112.90774,1.3651179,76.74892,-149.47803,493.39648,-13.020387,27.695827,-92.720345,-28.952543,-3.7345755,2.3576992
-35.19352,-763.737,-1659.4927,48.92734,73.22355,-671.8088,-698.92847,-16.855915,0.0,-1215.2197,-60.16577,234.85493,-0.41814137,53.273846,373.63626,0.69641036,5.9024353,-123.4015,1896.1991,-2903.3867,859.6769,-44.441223,-9230.323,7.489844,266.86972,99.99368,-75.09872,3149.8447,2382.3533,0.0,116.64014,-1.2957685,81.274826,-137.7771,978.22107,-13.618438,40.506664,7.867618,-35.804913,-4.215281,-0.59813553
8.859288,-424.8297,313.1021,596.66675,-64.15966,383.37402,111.85925,-10.995306,0.0,-1920.7264,-114.14047,327.70065,-0.4361008,47.557285,390.7221,-4.397547,-48.076008,-150.33112,1865.239,-6240.3315,-514.46924,-53.585484,-5340.687,-57.204895,59.004494,-1670.6573,182.49849,-4067.7742,-1930.2533,0.0,74.92961,-1.2816889,-21.72068,209.97334,461.1686,-15.344548,119.35714,3.0825734,63.29349,-3.8860116,1.590288
21.438572,3549.126,2624.712,-4749.9717,13.198713,237.27223,162.49586,-12.192295,0.0,-1809.3502,37.06369,-392.78503,0.37895942,138.65091,354.81628,-5.264849,-124.96933,-504.97733,303.9213,2332.7134,19.338604,-179.11897,8861.5,164.53354,103.97234,-1085.7137,247.80777,3427.6794,1951.6536,0.0,-157.29607,-66.31866,-53.47547,-204.72488,830.8598,-25.85677,152.87044,1.996436,-380.74048,-39.967506,2.90065
209.35115,-1152.1665,-1877.88,520.95795,99.25761,-691.8953,-1437.3699,-17.499289,0.0,-698.5177,10.248576,-646.1171,-1.1603692,18.888008,351.75143,-4.430563,-22.633413,-430.50995,735.5498,5529.58,722.6429,148.01616,25404.592,984.1853,293.05377,-636.8743,346.18384,14287.911,8890.27,0.0,-91.915504,-5.8443623,5.289142,-344.01566,695.7747,-41.887188,118.81932,3.4082272,-3.473202,-3.4600356,1.1701571
-221.3615,-2231.2627,-2175.678,206.4761,78.523224,-813.66815,-1673.7388,-125.08518,0.0,-260.88354,90.08074,726.1208,25.739494,-0.27916336,-1536.6144,-20.503044,-451.23135,-131.05392,2627.482,15148.952,569.32043,-492.6636,70036.26,1632.1561,883.34644,8579.057,-3082.8274,20624.596,32909.105,0.0,62.53111,4.6254587,-25.57738,38.306477,682.77374,-143.70198,146.4503,3.1672895,-110.13317,-5.9198823,0.97012585
120.639465,-295.46954,648.87286,301.07907,-13.173786,586.44196,229.56575,63.996403,0.0,-460.93417,-58.59243,53.67143,2.1618142,85.677185,413.06766,-4.3267617,-72.50657,-252.2488,2254.5068,1893.0953,801.18964,-1033.1841,24929.395,850.95294,-170.25406,-123.03856,-2377.186,10654.337,8084.9727,0.0,61.618637,-3.6230748,-8.264459,278.05106,423.05225,-26.348385,56.916603,1.4645286,60.060734,-3.5905843,1.590288
-7.198707,-268.454,358.67273,446.83557,-34.651127,307.82898,108.692726,-12.471448,0.0,-522.88385,0.17391303,95.344025,-0.9272001,-153.10202,267.2284,-0.020626262,8.625102,-208.34924,1556.0878,-6369.208,-88.03413,25.178205,-14281.314,-124.408226,165.53815,-185.61755,-208.12589,-7426.8867,-6534.2095,0.0,73.35875,-1.2816889,-5.1300964,157.19472,482.0081,-11.482448,48.35851,0.7029623,-22.495632,-4.1022215,-0.9027102
-3.2690723,2792.4202,1885.6409,-298.58228,14.73799,273.9516,105.70124,-14.782656,0.0,-486.54965,-78.8028,-275.432,-0.6103971,-39.599453,-1095.3522,4.9032183,11.107978,-76.861946,410.39536,-5915.9634,-85.02958,-61.63434,-14088.999,-135.61536,294.25525,-681.4711,121.892914,-7741.7715,-9264.915,0.0,-53.199028,-8.434527,-6.9701285,-68.454414,632.4385,-11.547931,146.88554,2.5458646,58.809612,-9.071946,-2.1267002
-7.953839,2326.8062,2239.9333,521.9405,-21.86799,341.8125,116.71137,-29.700104,0.0,203.78517,-82.732994,-5.1689186,0.026428342,38.70131,402.30426,-4.527128,-35.508343,430.71866,72.15448,-3364.3672,-445.8882,-109.941414,-13686.254,-71.00671,229.3156,-2594.0078,113.56145,1288.4578,-242.96223,0.0,149.48949,-9.240322,64.24597,-157.25613,682.1545,-13.232378,-1.0834002,2.5237594,1.3541738,47.331615,2.3576992
7.546575,-339.55084,432.94156,469.64374,22.70558,393.6339,195.72559,-11.615414,0.0,-1006.7081,-115.07583,136.39728,0.8537726,76.144295,304.7113,0.73473185,13.139148,-112.308945,1318.7833,-4535.3726,779.27814,-76.43171,-5842.925,325.56564,201.92696,-761.2679,129.6517,4042.3164,3143.9797,0.0,-70.98895,-2.734399,-22.350492,-129.27628,-383.6614,-14.6396,-28.789717,2.9674485,-27.158869,-4.76369,-0.9027102
27.25044,2355.7417,1674.1475,-5119.3643,41.053864,94.5731,201.29965,-11.8718,0.0,-1016.6073,-63.9966,-210.8707,-3.9203935,123.33625,458.31665,-6.165994,-99.00347,-254.938,1144.4912,4698.052,946.33075,221.03436,20341.455,417.48965,299.82962,-1199.1661,222.16911,8867.477,6284.8643,0.0,105.23958,-66.31866,-75.319435,276.88034,778.4282,-37.032124,40.025566,1.6123347,-473.80664,-44.101246,2.90065
18.869507,-648.19055,-1780.3954,134.10214,92.18898,-816.16113,-716.10974,-15.890641,0.0,-1269.5181,25.421047,151.14232,0.14988631,135.21034,344.82364,-0.2602772,11.486896,-248.76207,1723.8816,-1601.6786,825.5991,-90.95282,-7210.5156,269.2643,253.11942,562.6385,-525.6285,3872.543,4611.917,0.0,105.20208,-3.1494048,-5.1972694,322.18506,1048.7122,-13.211672,41.55383,2.7548177,-28.278833,-6.539359,-0.59813553
-10.37317,-243.08151,459.52246,631.7532,45.557747,368.6789,314.24057,-12.65176,0.0,-404.6911,34.605053,345.51526,0.579054,65.30255,236.85439,-0.18590617,15.8274975,-80.48996,2459.386,2730.8447,925.2108,176.53467,-6273.254,549.9156,741.8784,3380.8213,287.67062,15558.585,16785.838,0.0,-57.103996,-3.296193,-0.14469172,-253.79083,-552.18353,-58.177055,-67.69381,2.3590648,-15.24701,-5.3495955,-0.9027102
-46.607155,3095.0132,2421.3467,273.1128,943.91797,297.3961,107.62413,-179.7381,0.0,579.43243,-94.29662,-71.89992,1.4478805,89.79863,535.2618,-2.455075,6.2344084,392.97458,-84.39673,-2792.7004,-242.68785,-103.437325,-18907.377,139.12953,252.09258,-903.59015,240.39757,-1197.3606,-6229.5796,0.0,157.7751,17.730875,-26.709204,-146.96127,792.6431,447.1798,-41.06804,2.242436,-37.23549,-4.257215,1.590288
-14.92951,-805.94135,-1671.4993,177.19429,113.44641,-707.05066,-1262.9061,-16.060099,0.0,-1280.8269,-65.94764,143.30756,-0.6711337,-101.65108,374.4396,-2.0249667,-3.0237572,-200.16447,2590.9355,1822.3488,801.38995,-107.13067,19727.645,710.0108,368.4579,-368.03464,252.28844,9610.551,6931.3574,0.0,102.33261,-5.8443623,-4.5972247,585.6649,1106.1644,-37.01236,62.57926,1.8905936,-13.472376,-6.970835,-0.59813553
-57.03623,-710.7463,-1761.41,107.45838,69.532104,-792.18915,-724.5641,-16.085724,0.0,-650.97516,-59.931583,397.74252,0.9616186,60.115723,349.49994,0.69641036,-2.0411353,-102.84721,1597.3185,-4169.9463,736.85254,-1.6195741,-11042.952,-48.454655,270.47693,465.48618,44.338806,2833.4392,1550.6456,0.0,-108.687294,-1.2957685,-9.133134,-140.63815,977.5353,-13.591937,23.493586,2.7771208,-37.97531,-6.761043,-0.59813553
-5.8990455,-699.4146,-2297.0261,170.34813,10.336614,-705.3954,-1213.5383,-15.7010975,0.0,-465.19754,25.485842,-25.771524,-0.44237015,22.050047,-939.8414,1.263721,46.295547,-46.061718,1490.1985,-1782.6382,982.58856,46.325417,-7230.055,-5.434456,468.0061,1133.0477,-320.51535,4715.0825,6106.8223,0.0,-80.16447,-0.8343421,-9.502201,-147.41136,-906.0029,-13.60065,-61.1401,14.510572,-26.59755,-22.090029,-0.59813553
21.52219,3101.4358,2177.4038,-4590.9146,309.14035,205.68282,220.6205,-13.707202,0.0,-1329.517,-38.79051,-137.14381,-0.97815716,79.81401,416.22568,1.4403133,6.161477,-64.118225,254.84106,102.7787,-711.7351,-118.769,-1250.217,-36.24238,468.4619,-741.9286,100.91112,5532.4814,3810.4707,0.0,-92.25673,-63.784565,-56.078125,-42.636246,-786.7059,-25.057936,-138.24574,1.8656588,117.44496,-48.156815,-2.1267002
84.895996,1862.019,2171.2546,646.15063,-44.12362,383.17136,306.77634,-43.017986,0.0,398.11084,-45.382893,-727.9734,-2.8765564,74.60033,296.16135,-26.46931,52.888664,-119.40612,826.1208,13812.726,801.02136,-400.4841,50812.93,1721.8384,186.05434,6586.5996,292.0975,20380.22,21562.904,0.0,-65.49906,3.2833328,-56.67141,-176.12784,-566.5307,-134.36348,-162.78934,1.7643898,-111.33972,-6.358795,1.590288
15.078015,3455.633,2094.6636,-399.15884,103.50793,264.47226,164.0197,-13.778642,0.0,-424.7611,-38.937317,184.55798,0.94982016,-93.202515,-122.19283,-29.756207,15.7690735,-230.0382,743.90643,3056.0876,501.51324,237.26332,-2730.8591,431.9543,653.68634,-372.7127,238.54666,8318.776,7343.4893,0.0,64.05315,-65.84401,-5.6830463,256.90146,792.23126,-45.148994,16.847345,2.7958493,95.06603,-16.946356,-2.1267002
2.2625704,-829.5878,-1426.5774,539.94696,107.8167,-294.6042,-698.04004,-20.711025,0.0,-16.571157,29.401232,150.69557,-0.88991594,45.7525,242.30531,-0.011468649,-4.4262533,-195.87422,1402.8455,-6251.1836,-29.547897,-41.3362,-17749.412,-613.81683,115.48573,502.22577,262.57922,-8484.94,-9580.144,0.0,119.306786,-1.2816889,-7.263616,266.81763,844.4296,-11.447571,160.0458,1.324036,-17.910025,-5.4899254,-0.59813553
-2.7907019,-233.58455,351.3707,650.36316,0.61872554,256.8276,151.99211,-10.660647,0.0,-877.00586,-2.1405454,2.6808963,-1.7725766,-38.372063,269.25674,-4.1676893,38.509888,-52.692074,1335.6147,-8958.595,-345.02548,-155.64522,-14706.816,-1450.3528,23.906134,-1215.6583,206.50537,-12645.243,-12190.414,0.0,73.769035,-0.8666832,-5.8515573,236.54437,-375.2145,-11.10052,-106.921364,2.5821507,78.27095,-4.388757,1.590288
-43.562443,3363.5264,347.63367,621.02637,1013.11993,286.1863,127.37528,243.0362,0.0,-546.69806,-76.220634,-67.54609,1.7164243,143.10399,521.18884,-2.6673396,-25.688744,224.61311,18.779358,-2717.8687,-39.578667,-168.76088,-15618.989,-35.599163,143.50433,-582.4635,46.62568,-6871.733,-8848.029,0.0,160.85344,17.730875,-11.519965,-166.38416,692.148,514.18195,-56.44587,1.7538451,-22.572006,-3.95581,1.590288
-32.75844,-532.5825,-1972.3057,137.7097,186.00606,-783.87,-685.03296,-12.212236,0.0,-1065.7874,19.520292,191.49335,-0.27444324,-96.553345,465.27148,-3.0494804,18.475721,151.18408,1932.0085,-858.39557,1020.67236,-60.894997,-7595.0605,196.8371,292.18622,1356.4663,231.18193,5665.5815,6179.7744,0.0,107.93446,-5.8443623,-11.730418,509.2849,987.79144,-13.463872,68.5265,2.9271498,92.364365,-6.6989455,1.1701571
3.0661159,-973.3236,-1891.2645,-195.40414,160.15941,-1369.6997,-626.03784,-12.684625,0.0,-903.04614,36.277466,-291.0679,-0.26861203,-51.05987,-554.09595,-0.99261713,70.993454,244.81467,2519.9082,1385.5504,814.7454,-76.56283,-553.40314,418.43405,608.3672,3207.18,-4408.968,7305.0493,14240.479,0.0,-117.86611,-3.084167,-10.785756,-394.78928,847.1776,-56.586235,65.38025,3.4211605,161.81947,-6.2634435,1.1701571
0.8000171,2626.8215,1624.3591,-4366.4165,32.707104,323.54724,106.13875,-17.542463,0.0,-74.098076,2.2494936,-195.28488,0.54100037,63.337933,444.51886,-2.2560294,2.0165699,-141.68175,511.3352,-8280.254,-243.26715,-33.85311,-19044.562,-1108.1353,84.47877,-1830.623,-15.8812,-11197.8545,-12301.818,0.0,161.96407,-9.380468,84.48865,-37.093925,768.8754,-11.874234,182.28786,0.82438076,43.509544,-68.00683,-2.1267002
65.21561,-135.65967,425.91974,476.04935,9.052699,286.22287,121.471504,-11.350129,0.0,-211.11871,4.159539,-155.26755,-2.0898366,-31.248856,181.9047,0.7084186,-4.5468235,-103.32928,913.52167,-17228.97,-804.04254,-1421.701,-26813.2,-3128.8147,85.54624,-5009.51,-71.26204,-30011.096,-20105.387,0.0,-61.465607,-0.98159057,-4.693806,-104.627625,-522.2746,-11.691971,-119.87093,2.188338,93.554726,-4.2004333,1.590288
23.93903,-303.8166,540.3507,237.3284,62.39019,599.6927,245.38052,-12.7798815,0.0,-925.4547,30.624514,213.53683,0.394388,-65.55267,-119.58808,1.8142614,17.095982,-69.834755,2350.6045,-2540.894,1113.9155,264.21326,13048.708,678.2247,550.7373,-465.10913,-1168.6362,4712.087,8733.551,0.0,-52.903507,-2.4092607,-5.7422395,-149.98044,-367.2165,-51.509544,-62.526897,2.5846996,-8.969014,-4.9587226,-0.9027102
5.07601,-752.3215,-1588.5323,211.76099,62.03828,-577.63324,-1309.8934,-11.993621,0.0,-790.90326,-8.559518,-140.42154,0.889741,69.50861,358.83075,0.7831909,9.101929,-105.362274,1350.23,-4690.7515,-121.14888,-55.52999,-14161.895,-163.97209,190.38593,-900.6718,364.54294,-4429.631,-4007.7188,0.0,-103.24259,-0.8666832,-7.709857,-137.20172,-722.5935,-11.417102,-104.44758,2.2815135,-22.027586,-13.3386755,-0.59813553
-117.87746,-853.01196,-1642.8143,158.49774,183.6274,-663.3037,-1317.5908,-12.081942,0.0,-1098.9543,34.16668,36.1362,-2.4887605,123.022224,526.89856,-4.0626535,-13.525617,485.0847,2613.9575,2614.9048,858.69434,-60.296555,10635.911,549.846,501.41373,362.62296,345.06555,10771.338,9084.214,0.0,129.91058,-5.8443623,-4.615056,912.89105,1052.6968,-57.943367,65.477936,-16.597204,-14.327518,-6.996198,1.5622113
11.446925,-685.167,-1359.6716,464.51428,143.18109,-554.8443,-669.8176,-12.668368,0.0,-700.4699,-8.34857,310.67505,1.0329466,70.20923,377.106,-1.8252125,-9.776074,386.72522,1631.32,-4875.4277,-121.49384,-13.561949,-15414.749,-132.19281,45.23021,-544.3194,320.7382,-4735.2554,-5004.6016,0.0,176.29053,-1.2816889,-6.5046306,-197.16533,859.8839,-11.6410885,120.42955,-17.800499,-52.89469,-5.4338846,1.5622113
29.611004,3122.3215,1949.699,765.38824,-17.17317,409.51242,187.34792,-15.614218,0.0,-1176.2816,-67.7164,-331.43356,-0.71370405,-8.314072,-1784.8092,-0.68429923,-100.21246,280.29764,-212.88533,-931.3046,-698.2174,-140.85815,-3210.3928,-0.16182731,370.923,-1176.3964,178.39682,4168.9126,3098.968,0.0,106.35946,-60.42174,-22.931993,279.1707,-642.04486,-24.200214,-97.96144,14.61961,9.19451,-4.760844,1.590288
-7.168085,-232.44371,505.23877,517.52155,-2.2860816,353.61658,226.18004,-12.4072275,0.0,-768.26953,36.551235,455.36234,-0.49570787,118.82088,420.17877,-2.0178106,-51.761612,151.24892,2655.9727,3367.2324,920.698,253.92282,-2426.825,586.34094,578.70416,3530.699,331.54053,13922.936,15668.107,0.0,61.346508,-5.8302827,1.4666392,850.9037,520.0576,-61.604374,61.506016,1.8277043,-24.951855,42.427406,2.3576992
-29.611721,-2357.114,-1749.7094,238.44777,66.70485,-586.1871,-1307.2227,-61.2012,0.0,-670.4313,7.9956465,741.5383,0.3376654,-18.876507,48.039524,26.246742,22.761507,-1.3427068,2786.06,12372.913,690.13763,-688.3788,38366.08,2055.0486,331.00406,5983.4165,64.929825,18904.031,17371.096,0.0,-50.7608,8.707876,-37.557533,-210.73401,789.96893,-57.34825,231.90408,15.050313,-31.419128,-6.7780724,-0.59813553
12.280415,-729.89404,-2052.3552,223.04561,32.893345,-791.85205,-1303.9314,-12.909584,0.0,-102.83513,-31.211382,-1066.8501,-0.39941302,30.503424,-1172.2407,-2.475296,23.143047,-83.00783,1411.0142,-3835.7295,-0.9709334,-67.65724,-12775.931,-30.913132,215.04285,-1873.918,434.05725,547.79034,-269.72797,0.0,-59.71212,1.7801236,-21.913301,-97.776436,-855.14404,-13.737358,-88.31933,6.4564543,-21.591461,-13.001453,-0.59813553
14.48803,-122.13155,407.363,338.49768,11.667665,292.48065,127.82776,-13.191828,0.0,-229.91032,3.17907,-202.31071,-1.916203,40.13126,143.25198,-2.2297795,2.6755133,-155.64735,1052.6233,-16834.113,-616.5502,-912.7076,-26540.62,-3150.4644,41.82918,-4541.627,139.99545,-29642.082,-19972.064,0.0,68.859634,-0.98159057,-4.8265443,-102.17613,-514.4996,-11.493416,-119.46173,1.9098383,-37.533695,-4.2771544,-0.9027102
160.88876,-145.07063,428.54672,612.10706,14.302005,231.35753,134.46416,-12.432301,0.0,-175.51361,2.574158,-243.20915,-1.8758833,-92.120125,-848.57794,0.00043177605,-42.202812,-97.23585,958.1525,-15831.764,-713.6488,-424.84952,-25208.094,-2867.4707,157.36816,-4018.3489,167.6923,-29133.336,-19966.98,0.0,-49.526875,0.08699751,-7.0654435,-103.67926,-422.93912,-11.469402,-104.555504,3.0295992,83.06883,-4.197534,1.590288
16.73964,4310.462,1983.1467,382.2564,623.6517,356.32632,152.62094,-48.7152,0.0,316.302,23.069616,-61.661034,4.580822,101.3533,630.9472,-2.4586523,3.512444,339.3706,744.38025,2061.9062,1125.5317,154.15039,-11328.769,436.64465,825.8017,1908.0205,391.88324,8137.362,8793.201,0.0,158.17256,252.57475,-5.366688,-284.06158,778.4994,1057.3082,-59.7673,1.6941941,28.358582,125.76448,2.3576992
0.586584,2390.7756,1593.7107,478.48633,19.737303,301.13498,150.67537,-12.848714,0.0,-50.252895,2.4227412,-125.47159,-1.0279815,-29.22441,412.03293,-4.0124574,2.1353655,352.8566,253.96921,-8975.448,-518.81305,-236.75084,-18465.68,-1257.3738,296.4046,-2648.0764,129.81607,-16377.028,-15002.557,0.0,-137.33153,-8.825316,-4.293621,-101.48111,-489.6904,-11.554316,-102.354485,-20.117401,-20.648882,-6.085398,2.3576992
68.88777,-671.2679,-1842.6897,-103.01156,124.2494,-1115.9894,-1491.6737,-19.35553,0.0,-715.67303,7.2878327,-9.4745865,3.8463078,68.18249,226.21387,1.5043662,18.232927,-41.66049,3026.4167,4911.9263,775.9324,-483.77072,22299.424,366.30005,523.3248,-311.6337,-2265.2896,10343.762,8387.041,0.0,98.76133,-3.5447311,81.93242,-200.7569,741.63275,-39.647903,56.450603,1.8461771,-30.85646,-6.683421,-0.59813553
-55.45512,-711.2105,-1821.784,474.71652,118.21258,-526.1851,-685.78845,-12.457986,0.0,-1694.1166,-113.22719,424.31885,0.9616186,63.748806,376.38248,-2.4376726,1.3564545,-255.27618,1960.6613,-2870.1482,810.6174,-12.333635,-5514.852,210.48376,280.14957,-695.1071,-55.00555,3964.6787,2791.3997,0.0,118.5397,-3.1634846,-24.97221,262.3315,995.07733,-15.259731,39.699078,2.6784692,29.55114,-6.5938907,1.1701571
-49.739586,2633.0906,-1528.7365,12.527548,917.5335,-619.76746,41.338314,509.7522,0.0,-144.65703,-15.341702,53.18737,-0.68726677,-151.65446,-169.12907,-2.935371,18.197725,203.4855,-139.65317,-11743.669,-322.22134,-938.7745,-21835.502,-1891.2708,-215.65561,-3209.7136,-70.89892,-23773.547,-17104.709,0.0,-160.14207,-8.947677,-8.626247,-153.85472,827.28174,-5.19075,195.96443,2.6692443,18.470743,-3.2242677,1.1701571
-14.631957,-840.9268,-1249.3319,324.7583,117.058975,-557.47046,-763.3554,-16.995281,0.0,-1114.7874,2.5540445,344.93167,1.7116122,60.990242,308.95352,-2.980476,-6.6148505,-117.91735,185.4868,-7446.8833,-210.41211,-40.469486,-15470.339,-1476.7382,-66.14628,-1198.1422,300.88727,-10059.273,-11044.716,0.0,97.774345,-1.2816889,-33.194122,-133.3434,768.2694,-11.436552,73.342026,-60.55782,-53.414207,-5.4082365,1.5622113
48.2066,-834.1477,-2199.9827,363.6437,93.243805,-693.2855,-1490.5642,-15.241017,0.0,-1177.931,36.47797,-1017.4043,-0.6219845,51.80101,-1666.6909,-0.8057909,11.661527,6.5926723,2346.2117,70.65862,967.9423,-204.32962,7677.1226,601.60706,587.3693,1140.59,79.191925,6176.771,9609.282,0.0,-46.269653,-0.8343421,-8.717596,-3.2457962,-904.53864,-42.74079,-62.335865,10.464624,39.7598,-21.683006,1.1701571
48.848152,-848.87946,-1655.7306,520.4624,28.736523,-284.82523,-1398.4581,-11.625129,0.0,-28.1862,2.9240367,-122.298096,-0.5701444,37.610214,355.28864,-2.7028847,39.074795,-57.942184,1121.0623,-9128.6455,-303.61395,-472.22995,-18732.527,-1485.5927,173.17606,-1371.5343,-174.89633,-15400.386,-13928.984,0.0,154.71793,-0.98159057,-0.054068565,-135.24942,-797.7634,-11.443603,-54.002945,2.165231,63.62774,-20.386108,1.1701571
3.3637037,-682.96204,-1711.7335,479.1815,72.54499,-386.79153,-1260.0846,-11.906102,0.0,-778.0039,1.7325022,333.22272,-0.27444324,-31.423313,-17.03127,-4.881367,-39.536186,16.877653,107.05711,-4928.885,-92.37171,-7.779505,-14180.626,-197.06436,138.144,-518.29584,380.82184,-5452.94,-6161.452,0.0,-65.10971,-0.42019856,-6.309009,-146.09196,-584.9003,-11.670963,-57.8888,8.440757,51.426243,-13.32716,1.1701571
12.095907,-885.17957,-1802.1958,148.59523,97.12139,-640.25446,-719.94635,-14.6577835,0.0,-1402.9429,-57.609146,-262.68878,1.4306004,67.979095,387.02478,0.8133941,-1.8423474,-111.642136,2057.2817,-2863.0784,854.12573,93.816605,-7476.128,319.68954,165.08899,-444.86618,412.55243,3974.1475,3159.497,0.0,136.19148,-3.1494048,59.911747,-145.69017,1070.5253,-13.625488,113.25967,7.4122787,-26.253784,-5.245044,-0.59813553
27.126772,-331.04797,490.09943,498.87613,-34.116623,427.91656,132.0068,-10.660707,0.0,-1102.6198,-58.010906,244.15096,0.8537726,75.52105,356.80634,-2.5420313,33.899,0.13308054,1588.0088,-3949.9578,-99.65446,-249.34245,-7642.043,277.712,190.11124,-545.8883,-43.715076,2423.98,2046.2697,0.0,-73.41983,-3.1494048,-21.920092,-156.64302,471.95203,-13.383327,27.449516,3.022946,61.77897,-3.5562356,1.590288
42.715916,-728.32043,-1854.9268,473.75623,43.855354,-575.6553,-1356.8036,-12.292123,0.0,-176.57376,-6.600876,260.37463,0.04281676,38.15722,332.52365,-4.009968,-45.45015,6.2183294,185.60136,-4516.981,-80.600525,-52.514603,-15209.899,131.13316,82.20853,-2083.1685,287.5976,-1315.0737,-2443.5168,0.0,-140.48784,-0.8807629,-5.5582867,-169.75441,-674.38983,-11.566602,-62.304543,4.228883,46.410877,-13.554017,1.1701571
26.630043,-1451.5093,-2489.7615,359.82315,29.935171,-519.8276,-1445.1532,-12.519496,0.0,-2714.3442,1.0311801,158.02112,-0.15844375,-28.564535,-1733.8297,-6.345837,-323.35596,-48.383064,214.67924,-8135.8096,606.3036,-537.6566,18908.941,-658.0388,420.3528,-2113.151,88.26431,-1981.1522,245.80424,0.0,61.301052,-0.27254832,-2.8458307,280.4018,-790.8506,-23.987545,-66.08276,-146.4355,-22.191334,-21.669373,1.5622113
294.36887,4556.521,543.50934,463.03012,893.9638,354.7955,194.61775,231.18625,0.0,-338.99014,-3.3043087,-47.723724,4.849366,108.45282,585.3384,-2.579831,22.639307,317.27563,740.0712,3823.8164,1171.3652,-43.822536,-4788.598,299.8691,715.75214,-253.20435,254.94699,10140.323,8629.454,0.0,136.60426,252.57475,-5.292826,-305.80884,789.52277,2840.196,-59.497578,2.2959168,10.346326,41.709675,2.3576992
-18.6119,2624.856,1781.2762,615.12897,-31.394709,309.0669,96.10622,-13.668353,0.0,236.3831,-49.133385,130.05298,0.36916578,89.227066,408.43903,-4.182611,-29.622583,559.82855,242.027,-6132.4434,-165.15169,46.719,-18225.266,-167.82368,316.7185,-325.45227,149.3948,-9055.601,-10593.31,0.0,130.87703,-9.240322,-6.5791907,251.22986,681.5838,-13.486627,127.851944,1.0587723,48.02755,-4.4266996,1.590288
-13.148502,-856.18396,-1584.6351,209.92392,72.63785,-465.10785,-1397.8237,-17.158216,0.0,-711.8287,-0.19368455,52.102776,2.9610062,77.68908,383.6771,-0.10013935,9.279421,-190.67216,1445.4469,-5579.024,-36.83738,-110.74653,-14245.152,-479.0779,52.905437,-195.3369,182.46281,-6703.416,-8777.7705,0.0,104.5182,-0.8666832,-7.7954597,268.59344,-728.8695,-11.43886,-108.98732,1.7144208,-25.981539,-20.401882,-0.59813553
37.62618,-754.866,-1692.6005,233.66185,60.85698,-468.63425,-1404.935,-17.29285,0.0,-2.4141903,29.935137,301.8494,-1.009288,24.884752,265.8498,-2.6850982,-28.892052,-86.41216,1287.8223,-6642.683,-17.492887,-79.30094,-17535.24,-577.24,-51.547913,412.79178,30.232576,-8540.491,-9561.992,0.0,-85.92127,-0.8807629,-10.482746,-95.86023,-721.2689,-11.614589,-39.081924,1.4271035,61.935028,-20.538704,1.1701571
154.44768,-130.48322,387.0575,448.75165,8.937219,304.98828,146.2144,-12.59908,0.0,-186.35489,2.2829788,-55.312237,-1.3272291,-32.102413,-838.6933,1.0299237,-10.320526,-49.114258,945.9884,-15044.595,-711.39294,-465.718,-22435.762,-2604.0442,72.13283,-3901.3066,163.50906,-27321.758,-18480.727,0.0,-47.360733,0.08699751,-5.094665,-112.97018,-405.232,-11.462353,-105.284065,-38.12873,-28.986088,-4.313635,2.3576992
-5.295189,-323.15295,341.69666,518.4778,22.589066,297.7667,157.45937,-10.858958,0.0,-1224.5415,-114.93763,114.88776,-0.4361008,-83.539505,272.7057,-0.020626262,11.766355,-240.33774,1489.3392,-4557.4404,-248.37025,-50.224342,-5111.055,-309.5181,206.70993,-1326.9478,-111.136185,1389.3302,1733.3693,0.0,73.40346,-0.8666832,-21.465641,173.78352,-577.7919,-16.157135,-27.148434,2.1607077,-11.182742,-5.0151796,-0.9027102
5.6705713,3317.9175,2097.4414,-4363.7905,349.785,264.605,229.27444,-10.876483,0.0,-1226.1028,-150.68231,249.54999,1.834652,-192.48657,-172.51494,2.2147048,32.243305,-72.61275,554.43036,2276.4934,866.2245,202.016,25623.473,807.892,341.9885,-1658.0784,151.34785,3468.4197,5711.402,0.0,101.61017,-63.309925,144.42914,-35.035786,-676.437,-19.96599,-210.44205,2.4058282,125.28272,-52.899593,-2.1267002
0.11508383,-309.30566,398.1922,444.4332,-11.964173,295.40457,128.90614,-10.330076,0.0,-9.237258,-0.11485049,132.8446,-0.5569631,54.804794,207.25778,1.0048642,0.4000493,-128.61182,1311.907,-9184.525,-303.81564,-183.00716,-19151.03,-1387.2605,171.86768,-1668.6556,-31.224388,-13496.589,-12630.949,0.0,-82.48372,-1.2816889,-5.4099345,-84.07079,471.24863,-11.45364,50.32565,2.1487112,-26.202555,-4.2637715,-0.9027102
18.86772,3369.1992,2063.4607,-432.0929,87.482796,295.65176,176.98965,-13.929998,0.0,-300.89124,-38.96298,-143.26363,-2.7193403,87.46401,398.238,-27.031788,6.187366,-101.39209,415.37598,3013.8035,424.89777,212.03922,-5302.371,375.76593,403.61737,-294.5641,188.27203,7708.3184,8229.574,0.0,71.45155,-66.30458,69.094696,-106.9337,834.71783,-28.138906,15.328337,2.2322352,80.53673,-9.489866,-2.1267002
49.966896,-773.4964,-2597.4258,46.156204,60.169296,-802.9439,-1896.9426,-11.578567,0.0,-899.5603,10.619363,-244.0051,-0.51878476,-143.36508,226.74237,0.9843913,11.221873,-73.480385,1973.2087,-981.65845,1038.4854,-225.18446,-6428.216,379.62634,648.54803,554.7561,286.63757,6301.5034,7665.6772,0.0,-100.97144,-3.3102727,-9.549259,-145.35162,-984.7252,-15.6582775,-59.656246,7.313407,-15.641663,-22.419384,-0.59813553
-3.2807846,2414.7646,2026.0421,610.0913,9.773778,295.9833,140.38445,-14.678601,0.0,-216.1789,-79.186195,-1.16115,1.6253867,77.76686,404.0127,-3.5815544,-35.587437,-146.36299,236.4957,-5947.123,21.416008,-78.00265,-15088.006,-254.7356,275.0508,-297.8082,258.2159,-7562.132,-9245.549,0.0,70.844536,-8.825316,8.07131,-78.52942,-505.48172,-11.730638,-101.312325,-9.531213,-20.79471,-5.8217397,2.3576992
-71.845505,2483.9634,2103.8633,-202.45497,74.69528,281.48114,226.69803,-14.516219,0.0,-120.32842,-20.550667,-916.21783,-0.26162672,41.929653,-2121.0771,-180.42067,61.471485,-175.28387,1023.5787,5570.401,980.28046,121.79265,25187.02,893.64233,327.25467,-867.4968,88.90295,12549.658,8609.392,0.0,48.20943,-65.35863,-0.8313159,-74.999985,688.6126,-31.631645,110.52026,13.866287,115.92953,-16.46628,-2.1267002
-14.353277,2817.0178,1982.2168,-5416.846,46.104683,194.15958,100.81827,-29.168886,0.0,-157.68884,-81.671455,-58.376274,0.19815063,45.698692,216.01152,0.4759754,12.138717,-236.79259,604.1861,-4017.7258,-508.43903,-68.414314,-13387.526,-18.14066,295.31052,-1913.3566,48.940414,-965.0108,-4273.0747,0.0,155.78787,-9.380468,-73.53323,120.41462,881.8977,-15.095099,157.01541,1.6338722,82.693985,-66.753716,-2.1267002
10.087915,-845.6499,-1211.6295,190.46422,111.86546,-606.45435,-676.12744,-16.279055,0.0,-1107.8077,-8.485438,191.74742,-0.4723315,39.933605,229.69904,-0.059927642,-4.694538,-224.43132,1822.3007,-4767.6797,-90.22123,9.949295,-13472.629,-175.04785,122.55216,-349.63586,371.8356,-5817.9175,-5019.4277,0.0,117.80609,-1.2816889,-8.597189,264.17355,897.9647,-11.43886,156.66714,2.0191088,-18.705301,-6.5139465,-0.59813553
0.32821572,-789.8344,-2037.5997,101.775925,33.801174,-648.0257,-1448.4062,-11.296669,0.0,-739.16016,-57.645565,-162.27151,-0.20152476,-112.57761,357.18423,-2.833159,10.798411,-102.424675,1380.0917,-4315.4077,645.9069,-51.229248,-10318.336,-83.89662,176.35167,-1945.923,408.29456,939.40015,737.18805,0.0,-105.50382,-0.8807629,-25.624172,-81.92581,-928.6861,-13.468859,-80.80989,2.761029,-22.032854,-13.159038,-0.59813553
-19.210913,2599.4104,2213.5974,-4841.5005,291.5381,179.92574,200.12619,-13.779048,0.0,-588.41223,-79.41316,-152.56837,0.039479017,81.74427,354.07574,0.6356453,11.450986,-250.82764,-653.09424,-753.2791,561.76587,-121.39873,-9561.005,257.74423,60.567196,-402.25314,69.72837,4332.6387,3397.8328,0.0,124.27794,-63.208694,-53.22324,147.20494,-613.1332,-15.474839,-179.36078,2.3434224,71.94265,-30.827778,-2.1267002
-9.589498,-403.41705,287.83704,654.191,-21.264135,284.62408,146.71739,-10.435233,0.0,-1760.9346,-110.92117,-70.38584,-1.3020151,-9.744669,338.04807,-3.132297,-44.214714,-137.45952,1516.2952,-5908.595,-489.08725,-119.360466,-5396.9985,-32.606796,142.19489,-1686.1049,230.70537,-3876.8254,-1913.505,0.0,76.54818,-0.8666832,-25.95416,193.2676,-384.64236,-13.666324,-92.68044,2.904487,84.73218,-4.5802855,1.590288
19.4973,-247.20222,327.2619,548.6939,2.6503897,318.0626,159.68108,-12.64145,0.0,-709.66547,0.03570798,54.499367,3.3226914,79.44028,389.57666,0.7831909,10.784289,-109.73139,1230.9603,-7006.611,23.656483,44.333775,-14331.575,-170.54045,170.80864,-274.39755,219.69199,-7617.809,-9265.612,0.0,-62.907654,-0.8666832,-7.8897986,-104.99611,-349.09613,-11.610513,-104.67475,1.8440232,-27.143305,-4.793381,-0.9027102
-40.71083,3243.485,2190.306,567.2362,-11.461221,385.41656,130.35522,-13.78785,0.0,-926.4192,-39.789764,107.36518,-0.008765876,50.59202,461.3084,-2.556575,-8.338465,636.0596,-40.338806,-499.65637,586.4803,-95.404205,-5360.7036,274.17273,247.9716,-643.83093,173.3954,5749.5415,5199.5903,0.0,139.1865,-66.16444,-19.54749,348.62357,690.85016,-16.831892,19.505825,-20.198816,-22.794043,-5.035276,2.3576992
13.225542,3300.9082,2285.1323,-4307.0703,219.17873,356.7956,162.3813,-11.724438,0.0,-491.56674,-12.830325,394.97366,-0.42126352,-122.25302,-176.48067,-5.1571374,-21.385406,367.706,-501.26498,-855.1204,-237.77783,-90.63882,-9205.379,362.7427,2.4377022,-1392.6106,37.035934,3811.7166,2578.2212,0.0,160.21594,-62.74813,177.55037,-159.15004,-796.2742,-15.790069,-304.60458,3.1886888,41.50394,370.19885,5.554518
6.4335694,-825.7227,-1410.6937,212.69781,68.99868,-590.0565,-1380.8499,-12.651179,0.0,-498.2309,-33.26725,43.285896,0.889741,72.77275,417.9631,-0.10013935,9.289525,-204.2808,1329.3726,-5427.229,-100.39891,-80.914024,-11936.955,-366.57437,202.86157,-2055.841,165.07706,-3225.2783,-2602.1162,0.0,105.70753,-0.8666832,-8.821123,264.8184,-797.70123,-11.856108,-57.862133,2.568028,-20.28314,-20.474672,-0.59813553
15.087251,-287.27692,507.6879,423.837,-23.551619,354.51025,106.8662,-13.487437,0.0,-28.229523,0.7840358,-492.07288,-1.8758833,6.688623,-1462.816,-6.5348506,4.115982,-178.96646,1211.6919,-9157.987,-193.25185,-165.28075,-18576.328,-1275.033,195.53142,-1466.1143,236.07706,-12557.377,-12381.27,0.0,84.08504,1.3651179,-6.292067,175.84541,448.62466,-11.477289,154.5016,3.1489158,-32.39098,-4.0224695,-0.9027102
-6.2742314,-756.8758,-1698.9265,167.36574,137.49776,-752.0606,-1208.0183,-12.21635,0.0,-1215.3279,-66.02577,210.17444,0.95522356,-42.026627,-66.98403,-5.2074237,-35.736645,-18.732838,2634.981,1943.5951,785.1664,-114.46408,19542.434,587.27344,329.14117,-552.24255,390.37357,8823.404,6865.9272,0.0,-97.022804,-5.369718,-3.4260652,-307.29962,869.17944,-37.104744,61.566826,2.9494255,-26.359211,72.40281,1.5622113
-0.005117774,2961.1853,1621.7031,652.9465,4.052112,302.29132,105.20903,-18.998714,0.0,-419.5357,-83.83194,-24.424664,0.7302599,76.54414,444.37015,-4.527128,8.507723,405.8455,518.1052,-7007.8545,-300.6365,-10.663793,-16377.397,-1165.8356,298.39365,-1353.6489,211.19928,-10110.949,-11753.221,0.0,134.1831,-9.240322,5.0944805,-142.47179,617.77203,-11.526101,148.67009,1.0587723,59.614243,-4.270769,1.590288
-35.644794,-803.364,-1727.452,157.00848,92.84036,-717.67255,-1383.5579,-12.859352,0.0,-1224.6732,9.650006,370.0099,0.3633896,-40.590775,408.0111,-4.9478316,-37.684017,180.32787,2804.9036,2910.0981,780.1337,-251.09857,20217.799,461.59955,440.17624,-621.05005,-308.7654,8720.601,7000.6084,0.0,-113.969086,-5.8443623,-4.20401,-427.93173,978.9936,-36.920586,62.06027,-19.37187,-23.769567,-7.1308107,1.5622113
3.0628798,-176.06046,388.48245,483.09094,13.116235,268.09756,153.15144,-11.030425,0.0,24.517454,2.1044245,44.553814,-1.1709452,-49.224762,-28.633255,2.035303,2.4044962,-98.50863,976.2092,-10650.915,-501.10184,-246.59593,-20492.543,-1463.4738,38.760365,-2625.0938,149.81146,-19802.621,-16125.704,0.0,-76.88667,-0.40611887,-5.309405,-81.43654,-338.17493,-11.489498,-120.2545,2.5009875,-28.531456,-4.3398967,-0.9027102
-19.496374,-857.1361,-1351.6077,166.33487,97.56585,-565.75507,-688.7302,-22.64629,0.0,-421.72177,-0.15563628,329.9317,-0.8024547,-14.6761265,-933.2712,0.51648104,-0.09692943,-111.71627,1363.2953,-6295.945,9.336549,-71.6694,-16004.679,-528.39014,251.856,-24.27829,-230.09348,-8515.415,-9209.866,0.0,92.34079,1.3651179,-6.5008745,208.84709,784.4513,-11.4952345,49.632755,3.490669,-23.670397,-6.18216,-0.59813553
2.7669778,-221.5175,313.11496,546.673,8.5633135,275.43045,160.67256,-10.667528,0.0,-388.64435,2.345423,12.05787,-1.7725766,40.55526,202.2042,-4.0733576,-24.745737,-106.58383,983.4322,-9881.485,-573.357,-230.71103,-18346.768,-1331.7152,94.13564,-2521.296,136.26472,-19496.271,-15728.396,0.0,-60.762424,-0.8666832,-4.7057567,-73.38033,-357.96655,-11.480785,-102.081535,-18.512234,-29.361708,-4.603964,2.3576992
-2.8203707,3033.546,1856.9138,-527.1544,221.7968,258.34003,142.4359,-12.6812,0.0,-876.6503,30.144953,-154.21764,-0.8778295,29.05441,75.28801,1.0002525,9.953475,-88.77781,433.0468,-5940.499,-360.6463,-51.142365,-10642.717,-414.11993,337.10754,-668.78326,81.32024,-7519.5605,-9201.1455,0.0,-63.604485,-8.504899,-9.939486,-50.522892,-632.62213,-14.154677,-104.41979,2.8321877,76.45312,-9.312656,-2.1267002
30.105509,-705.80646,-2297.39,252.14417,50.84514,-716.51306,-2418.2046,-13.082447,0.0,-683.18365,9.447299,431.8288,-0.3184493,6.8522243,258.35553,-4.877167,-48.818455,-40.491364,2683.8132,5393.9966,784.912,-257.57632,25681.867,665.96045,255.56522,-220.64532,-31.619581,12123.864,9094.165,0.0,-74.34632,-3.296193,-7.432878,-201.76611,-999.5671,-25.089336,-111.70332,1.8831285,-23.895506,78.222176,1.5622113
-1.7168686,-738.6337,-1775.4271,103.18922,210.26686,-1057.8951,-1276.6948,-12.72726,0.0,-777.3544,39.265408,-348.97275,3.945108,48.415043,402.53418,-2.0934415,-38.06432,-11.381475,3176.1394,4190.402,837.3236,-328.97946,12211.018,403.08383,307.85153,882.54224,-1934.3422,11975.275,9862.944,0.0,101.68763,-3.6230748,-9.439182,-142.05212,960.006,-69.321304,61.126366,7.3781414,33.478027,-6.321439,1.1701571
-20.560772,-158.47672,345.8639,610.9102,2.0693567,254.99828,143.46149,73.06214,0.0,-167.89954,3.149626,306.6498,-1.4352283,26.49405,289.25272,-3.5171535,-32.83896,-99.185486,864.2345,-8506.681,19.302208,-44.997665,-17358.27,-676.5987,116.65308,-347.519,-322.84534,-9686.454,-11165.06,0.0,-60.694546,-0.8666832,-6.5414143,-79.27367,-361.73398,-11.729199,-40.380154,0.9191617,63.821667,-5.1262217,1.590288
-28.070415,2521.5432,2046.716,-5066.0493,338.50525,163.51657,282.31577,-13.105068,0.0,-916.04065,-78.120735,-29.494522,1.528529,72.30829,410.11752,1.5145736,29.955057,-47.96502,1305.6877,4713.225,985.0106,-83.376625,23500.78,674.90173,313.7906,-1048.6881,327.69547,8813.726,6359.685,0.0,-89.7426,-63.784565,-66.64976,-91.97423,-765.9331,-25.916471,-76.02955,1.8223721,151.99443,-59.863686,-2.1267002
7.644455,-251.24153,413.86655,452.35397,-28.44317,326.30978,126.796776,-11.15262,0.0,37.483215,-0.148078,299.1746,3.445201,64.83317,394.00827,-1.842999,2.709363,310.1702,1305.3568,-8718.008,-140.96019,-192.44208,-19450.256,-719.245,102.955696,-1645.1216,173.03041,-11673.538,-12334.006,0.0,-141.68861,-1.2816889,-3.4863286,-166.195,534.2649,-11.610513,126.09271,1.6963166,-26.16918,34.91506,2.3576992
-3.5297925,-779.386,-1785.1917,282.00507,43.497715,-587.3937,-1255.8914,-11.77493,0.0,-136.64879,-32.97835,146.54892,-0.3125492,-141.89221,-54.87918,-3.9621785,-1.470203,0.48980552,1447.3184,-3531.3982,-210.04764,-43.42843,-13540.75,8.184535,133.52942,-2536.214,405.87802,-1707.8213,-1180.3309,0.0,-78.05262,-0.40611887,-23.150333,-144.20477,-743.50684,-13.028172,-76.7633,-25.493605,-26.250156,-13.468142,1.5622113
-10.473131,-152.79184,401.9636,409.35336,14.567647,306.53638,137.60648,-10.783443,0.0,-81.6067,3.0873795,-403.33762,4.4243264,72.07634,377.468,-2.9645827,2.17278,-187.9498,914.81226,-14800.195,-681.9567,-362.95874,-25125.447,-2134.026,117.777466,-3838.583,0.33630586,-27515.98,-18897.42,0.0,-61.04277,-0.98159057,-2.8275514,-97.46792,-431.12903,-11.567441,-128.30634,2.5473826,-35.769997,-4.2996106,-0.9027102
-12.825001,-158.9629,529.45465,526.0758,10.945921,348.02374,192.93091,-11.665179,0.0,-607.014,25.949194,291.723,0.937999,-54.226864,324.02158,-2.3121743,-42.7034,229.62701,1140.906,-4849.232,943.94165,194.47005,-7067.738,316.28372,246.05963,101.32684,-647.478,3543.2766,4463.987,0.0,-123.771996,-2.748479,-9.878917,-225.26457,-306.3904,-13.695736,-25.244257,-17.473408,-8.554834,-5.1312776,2.3576992
-81.88208,2451.0444,2017.2408,-29.722183,304.75223,262.64218,242.51599,-12.007881,0.0,-983.1338,-77.9867,424.30646,0.43717456,-80.27936,-65.383354,-5.3404284,16.807768,-37.12889,1210.2959,4002.9998,850.4122,193.32024,25584.193,622.86633,605.85956,-1679.4382,-50.992844,5430.081,6739.285,0.0,-55.192715,-63.324,-5.967488,-87.18297,-675.7673,-19.566282,-61.8209,3.292789,103.13269,-18.985086,-2.1267002
-20.298288,-768.4219,-2079.6448,454.75565,42.402817,-559.56244,-1935.2483,-16.781223,0.0,-617.1439,6.9799485,464.46326,-2.9651318,110.48357,366.041,1.4939836,15.480591,-18.386738,2880.6748,6362.101,800.35474,-440.9619,25933.426,709.9547,665.41785,829.2459,-281.16385,14707.794,9351.637,0.0,-61.056652,-3.3102727,-25.821074,-191.4882,-907.63165,-37.654667,-100.63222,7.0019317,-25.843554,-22.317959,-0.59813553
9.688507,2324.1423,1961.7144,-300.40805,1.9543006,246.11899,263.79477,-38.081535,0.0,-127.489365,-208.52258,368.34363,3.0718849,-90.79591,354.8439,13.707798,23.25809,-31.71834,973.18933,12600.836,770.8493,-804.22345,47227.043,1832.165,246.18794,1768.0471,256.75235,19235.107,15655.175,0.0,48.353027,-10.766023,-5.8979483,323.99188,659.5146,-56.350727,146.642,2.5789769,111.10333,-13.254194,-2.1267002
-1.6591898,-246.62764,516.23584,601.3288,12.025998,394.5677,191.41866,-11.599802,0.0,-1258.3916,34.55127,158.96324,-0.088082194,109.419106,402.75336,-3.9195867,-66.90957,-337.10867,2534.5469,2159.457,1037.5249,99.36205,14468.175,682.63336,532.54846,-13.759676,-135.96803,5495.8115,8474.027,0.0,70.55792,-5.8302827,-6.3288655,437.32623,430.80392,-42.855335,61.242306,2.256756,-14.134651,-3.8157427,1.590288
66.91633,-203.26367,493.23462,570.12604,17.990904,416.3176,184.58989,-11.577173,0.0,-1061.5784,34.855232,430.9908,-0.3866088,-142.30766,499.98453,-2.6498933,-56.286064,709.126,2448.8186,1070.374,1077.7465,248.1573,-2317.8438,801.00305,763.55945,2784.0498,-228.87769,9049.66,14697.241,0.0,123.12555,-5.8443623,-7.5682025,776.964,469.61386,-51.41716,60.231686,2.424227,41.882313,-3.924396,1.590288
-10.38993,-155.14091,431.02286,423.05005,15.373748,290.35815,153.01114,-10.580552,0.0,-152.80379,3.3900425,-158.52245,-1.7195995,-118.393135,137.79742,-0.091216326,2.4792347,310.58594,941.294,-14573.71,-552.6609,-545.3806,-24489.572,-2012.7034,143.19608,-3970.9666,124.56883,-27877.96,-18816.604,0.0,-117.82943,-0.98159057,-4.918381,-163.86882,-408.1888,-11.487434,-121.01549,-17.20325,-31.68299,-4.403069,2.3576992
-11.011269,2153.4753,1999.9309,91.202415,-2.7078013,282.53952,258.8741,-35.181824,0.0,-30.307228,-208.10873,290.35345,2.2908726,-58.321434,67.23949,51.7489,8.023894,-7.8407745,1051.02,12995.976,913.2325,-956.23975,47439.43,1756.4277,475.5164,2608.3943,168.7128,20032.52,15993.595,0.0,-41.667324,0.6090965,-9.040372,-94.0352,548.921,-68.29765,181.1144,2.7774444,148.95705,-13.333934,-2.1267002
29.696215,2817.1484,860.7163,-1640.7605,52.71136,611.96497,104.59563,-35.73967,0.0,28.445114,3.2419026,-125.14343,-134.84235,102.872345,670.1463,-4.3769712,-36.463615,318.85233,2334.124,9570.628,1128.2737,-231.78111,-8050.4956,1694.8428,-533.9882,1412.4657,2278.7825,16441.08,14181.442,0.0,-157.44931,-63.55104,-83.94222,-254.04872,555.1943,-102.975525,80.10207,1.2977487,-323.7589,-31.240936,2.0046644
2.7540276,-1010.637,-1970.6129,58.63526,84.985695,-1178.5498,-1228.7245,-11.1639385,0.0,-520.28394,-54.675934,-278.28168,0.7066963,37.184944,376.63354,-2.3413553,34.556507,-6.3768554,1160.0593,-5367.7173,763.55396,177.80132,-8830.537,-83.74587,269.6105,1275.9202,-1511.225,2955.6538,3196.031,0.0,114.03456,-0.7574349,17.335136,-144.8724,-900.2608,-13.699895,-28.96494,2.705142,49.7294,-21.014748,1.1701571
20.921509,1917.8416,1887.073,-4701.5996,71.008446,198.54565,124.21366,-27.677439,0.0,-489.04413,-2.2106578,-97.007576,0.11166763,20.919321,-47.17697,-5.12106,12.514763,277.03943,-200.92374,-3055.5408,-384.55334,-120.72397,-15913.785,-164.8557,904.14984,-713.29956,179.0368,-4856.784,-6036.919,0.0,-174.18752,-8.518979,-74.62612,-114.51789,-421.55582,-14.422051,-117.68476,2.551687,-274.84958,-69.21461,2.90065
-16.404236,-660.47095,-2567.0957,240.46158,68.2203,-615.8991,-1998.2457,-12.122041,0.0,-1076.1504,10.326392,159.66148,-0.1550715,49.34861,150.15251,-0.059927642,14.843175,-240.49992,1908.1906,-685.9154,1055.7316,-265.34738,-5257.655,299.97842,390.33688,504.69458,276.45984,5839.0605,7747.524,0.0,92.90226,-3.3102727,-8.594934,397.02167,-1084.3695,-27.598192,-65.25552,2.2749488,-31.029842,-22.190773,-0.59813553
-47.003002,-666.8009,-2259.362,445.12897,182.66653,-862.52954,-688.07336,-15.4608,0.0,-886.9119,34.47807,338.71667,-1.2332561,90.95734,-142.08644,-2.2976775,-5.312521,-86.111015,1989.2395,1298.9856,984.7389,-106.93677,-2759.21,327.78415,261.6434,1549.8884,-719.2439,7651.365,12470.789,0.0,100.028,-5.730543,-8.23229,544.7914,887.26337,-51.160934,63.685516,2.8237145,64.28325,-6.498136,1.1701571
-80.49443,2691.8696,2400.8184,158.82178,84.61731,238.9424,178.3636,-28.754763,0.0,-332.16153,-74.639595,235.08327,0.2420994,-41.91225,372.86987,-5.423073,10.828217,-102.84041,-233.52463,-1828.0835,-607.3052,-38.273674,-10080.617,11.660624,801.044,-2050.983,-107.70748,-100.495735,218.80789,0.0,-57.489677,-8.979543,-27.406937,-32.30244,-530.91394,-14.619439,-91.73894,3.3462415,65.4713,-10.525626,-2.1267002
-155.24945,-1699.1748,-1892.0905,253.83292,118.309044,-823.5103,-2918.6372,-57.587933,0.0,-1595.0302,41.722626,-432.8993,2.059436,448.84116,129.71037,96.664024,12.762932,-9.451952,2596.9797,20870.387,1424.4104,-1745.6162,102212.64,2105.9685,360.4935,5492.845,-3015.7063,27473.814,36276.277,0.0,-83.181915,11.562711,47.290665,-98.79181,632.4523,-76.47006,396.30045,2.6604474,22.209097,-6.4793677,-0.59813553
-597.80615,-624.76965,-2275.8806,434.4504,45.67567,-461.6995,-1246.0901,-11.276776,0.0,205.84499,3.897268,85.78902,-0.20152476,36.28417,-21.372627,-4.881367,10.996165,-14.111241,260.15375,-3727.8594,314.37796,-48.209408,-15690.524,270.2098,345.62408,-2294.7915,392.18665,282.74646,-348.4943,0.0,-63.191875,-0.42019856,-5.6820483,-165.4385,-562.33234,-11.604021,-48.966225,8.357095,48.031,-13.001943,1.1701571
-6.13138,-201.14209,513.9662,607.5323,9.350743,466.36224,189.3596,-10.502068,0.0,-1669.902,-60.35036,-510.90912,0.3937756,-205.36574,16.47993,-3.4421668,-45.39408,58.9396,2495.4138,612.00433,927.7595,609.7828,23751.523,740.5485,416.2081,-1339.7672,353.30807,3375.0642,6780.5073,0.0,-103.99009,-5.3837976,-9.459444,-291.5926,418.90054,-19.71154,62.4813,3.5021777,22.46997,-3.9628742,1.590288
-199.52132,-161.54817,539.4039,676.8387,-61.43361,511.40714,327.84454,412.56305,0.0,-1080.8026,67.99272,23.268425,-2.903421,-1756.8142,444.69907,-21.64783,-71.347534,-46.032223,2584.0366,10125.904,340.69354,-1107.2369,91188.3,1464.833,362.80847,3149.943,-1101.9347,21644.133,32547.541,0.0,-74.16406,0.47263384,-48.71069,-144.19212,-484.34656,-144.63496,-182.95102,2.0606167,-118.11112,-4.011524,1.590288
-2083.2249,2855.579,318.81805,-119.536644,1028.4055,322.39423,369.96497,-1185.5775,0.0,-1040.0316,-178.14267,388.7319,-58.9189,-652.411,-680.5658,10.7979765,37.168713,-8.139894,3236.057,32394.451,1054.8479,-566.09204,175844.03,3715.5603,-81.76804,39272.293,-1180.4235,63956.438,59971.617,0.0,86.70067,9.211847,34.626766,-109.26956,191.46034,-49.77737,143.9184,1.1678076,43.632244,-3.4084182,-0.9027102
3.3583903,-336.9695,313.64575,678.1098,9.975955,361.5384,150.78758,-10.823686,0.0,-1317.0187,-114.29481,56.584152,-0.98475504,-65.704956,63.5659,-3.7261047,-36.33565,162.59618,1526.7571,-4697.012,-336.02963,-4.266899,-4665.06,-192.49231,171.16663,-1980.7142,251.56624,-1630.8137,1051.8998,0.0,-120.48689,-0.40611887,-26.075926,-178.45535,-409.78644,-14.86762,-94.08967,2.8800268,61.904972,-4.677039,1.590288
42.671272,-649.4138,-1916.9714,118.76387,70.094185,-689.13196,-680.3861,-16.77244,0.0,-1423.3995,22.394993,356.92838,-0.19802865,-18.008984,-1034.2183,-3.7261047,47.682877,-28.802464,1962.5475,-1187.2906,986.1099,-75.61722,-7403.86,215.47104,294.9708,-31.09317,398.08295,4067.8665,4382.4043,0.0,-94.263176,-0.687554,-9.051089,-163.00162,929.5609,-13.443777,108.24899,-107.46551,-44.389526,-6.778224,1.5622113
-15.712294,-668.0202,-2572.7986,185.02441,85.62685,-701.7561,-1863.6583,-12.287342,0.0,-822.51184,10.702151,223.86916,3.9854844,93.43562,287.41098,-2.8336632,98.45455,-17.375996,1729.4408,662.33203,870.44727,-291.09705,-5103.018,390.2705,530.31165,666.88727,374.58585,8308.11,8636.807,0.0,92.34889,-3.296193,-11.884107,-270.07425,-1018.56757,-49.118614,-63.441338,2.4112606,-31.543472,243.62161,1.5622113
54.58482,-730.13074,-1738.3973,137.43579,131.20598,-722.07935,-808.12604,-12.606059,0.0,-849.7539,19.166153,127.55596,0.06649178,78.72464,398.41763,-2.6850982,-24.608456,286.8339,2090.6821,2695.0784,829.74475,-22.41402,-9304.185,171.9681,468.65137,1478.8114,440.75186,7693.095,8478.819,0.0,-142.78105,-5.8443623,-9.218422,-368.3074,1007.1935,-21.97745,68.117325,2.5625176,24.149952,-6.588002,1.1701571
-25.947206,2335.815,2004.7166,764.70544,10.909193,300.2539,142.56758,-28.831799,0.0,-476.69626,-89.5232,318.05487,0.30849415,-122.7843,287.08038,-2.1284769,-29.624937,159.82375,223.46498,-3325.9194,-279.48608,12.490275,-14776.87,182.28824,347.54388,-859.1157,111.65807,-4773.044,-4746.8545,0.0,-135.85892,-8.825316,-22.922054,-110.94614,-530.6439,-14.060737,-77.45866,2.1218486,51.106594,-5.483567,1.590288
-7.0860977,3360.5308,1951.8552,-3687.619,199.14299,327.86032,189.011,-27.507744,0.0,-1011.4147,-68.268684,696.15106,0.11166763,-34.86826,586.1748,-2.1760366,17.821783,-148.4354,-424.28275,-818.4731,-788.0916,-187.61844,-5087.2773,-59.284966,842.2348,-1878.1807,34.811,3296.2708,2105.883,0.0,-58.92858,-8.979543,-52.125412,-12.280254,-874.99164,-16.836805,-305.75513,2.888018,52.900154,-39.515743,-2.1267002
82.233986,-190.70155,624.6976,584.3735,0.305054,455.56876,154.94458,-10.925965,0.0,-686.118,34.50657,-10.929438,-1.027825,-111.6135,370.57712,-2.4200363,-13.62103,603.0023,1768.0986,-1713.4059,1146.8457,231.48172,-4596.4697,762.1083,785.2987,1566.2877,-450.69214,8785.591,13417.188,0.0,132.0971,-5.8443623,-9.440906,760.8178,502.2061,-45.35951,69.69063,1.585305,57.012062,-4.175346,1.590288
-71.87261,1753.4183,479.8411,158.21747,1130.9526,461.33377,292.02597,2759.4197,0.0,494.28787,29.41648,242.56274,0.27035618,209.34705,-1498.4238,69.696884,32.575165,18.81166,1154.7556,17784.055,1385.9225,-428.4271,92437.086,1197.7578,1936.4386,3684.2642,-716.0225,23287.664,32669.234,0.0,82.953636,-145.74727,-59.96429,-48.43428,-769.9327,-131.25114,-188.84901,2.9395487,114.2815,-4.048649,-0.64739645
30.128384,2474.8157,2020.9563,-5127.996,335.7664,146.97296,282.13327,-13.567938,0.0,-803.4094,-78.01236,-262.12173,-0.021135569,112.703156,459.86227,1.6440402,31.028097,-57.169044,1152.307,4330.9395,985.459,-70.82312,22083.35,584.90283,226.00462,-947.88184,159.33554,9289.241,6669.9062,0.0,-93.75833,-63.77049,-34.44233,-106.82284,-741.9343,-31.531748,-75.85158,1.8223721,154.24942,-58.419388,-2.1267002
24.330853,-262.73373,454.13162,350.81995,-78.75303,515.6146,241.72717,86.037674,0.0,-340.72775,-7.4803805,225.99396,2.3468864,58.10175,345.3562,1.2477815,26.477163,-65.02493,1867.2727,10019.708,717.313,-1020.15344,35354.477,1405.7817,667.85724,5679.937,-1840.9645,16210.856,14575.995,0.0,50.873734,-1.6770151,26.774536,-159.10623,375.3793,-41.014587,129.04718,1.3126054,-23.923302,-3.7865272,-0.9027102
-88.21382,-1475.0134,-1543.5482,300.58398,22.134352,-917.3532,-2194.2468,-54.59172,0.0,-667.27295,30.249853,646.84863,1.7196811,55.12211,251.76231,2.7093773,44.575073,-132.58273,2178.4817,10979.372,804.4417,328.77582,36977.484,1429.2351,411.13782,3770.2126,-435.04877,16422.225,14943.413,0.0,77.56245,-2.0008693,-4.080746,487.7703,-683.3815,-41.107075,-133.70345,2.354669,-25.41977,-22.580532,-0.59813553
-15.79599,3528.7354,2213.9668,-769.0739,-35.140762,225.20523,147.1932,-12.451081,0.0,-618.6688,-24.224642,-10.141838,0.04421115,-64.145,-75.199715,-10.165793,4.9170837,557.2126,223.06711,-36.05809,114.990585,-24.164576,-4900.8486,95.116196,325.95963,-226.1784,245.77133,5826.7114,6487.886,0.0,113.476555,-65.84401,-22.583546,441.70242,681.94507,-21.009094,19.499378,3.0385275,-252.5228,-7.9351335,2.90065
1121.6876,-2923.8235,-2683.0486,279.76236,-313.19476,-993.6625,-2615.1064,-591.6811,0.0,-1228.6843,305.68896,-375.22394,-9.866998,-629.8297,629.5573,21.434902,11.971208,-18.06306,4480.4404,29074.916,1288.4889,-351.55383,150634.02,4248.389,2405.37,32961.984,-2743.9329,49870.25,52313.285,0.0,-88.260796,-0.65382904,104.426025,-1.7857621,525.9084,-56.749256,244.99922,2.2216005,17.91626,-6.049021,-0.47048986
6.70404,2364.9238,1502.5377,662.45624,0.42255574,260.70038,222.4625,-13.002754,0.0,-295.24084,-17.167635,449.74207,2.2428434,-229.13242,-189.54,-2.6400077,8.929877,133.17923,1796.2256,6077.77,1030.4067,95.569595,-3932.1743,693.2052,436.6594,2713.909,397.86636,15513.996,15396.137,0.0,56.72185,-65.71794,-37.823685,577.35724,646.36005,-78.20306,64.23954,2.117219,-38.75215,-5.8049316,1.590288
-6.941406,-178.2612,517.69635,561.5187,-49.904224,333.9648,106.21582,98.09752,0.0,75.99698,30.264837,253.38907,-0.9973116,-64.96257,273.96063,-5.55026,-4.2949195,282.4536,1353.5822,-6449.734,-44.570957,-28.866201,-18668.139,-194.88019,101.68519,913.52313,-61.570663,-7746.2715,-9640.913,0.0,163.51535,-1.2816889,18.26135,-126.81886,506.35706,-11.577329,77.95537,1.0005695,72.49288,-4.1020107,1.590288
5.370099,-284.7174,368.38837,445.69754,13.184852,381.8075,116.904655,-12.959112,0.0,-193.51186,-27.649326,-189.89008,2.7280245,63.7915,514.8733,-3.1293871,13.188499,-108.70328,1005.3175,-6020.009,-239.46332,-100.11756,-12798.662,11.882295,201.54674,-1826.2532,-724.12067,-3827.7026,-988.5567,0.0,-63.784245,-0.8666832,-23.363754,-52.524178,-362.16376,-12.259042,-37.084156,2.3469489,-16.604156,-3.8348775,-0.9027102
-68.032234,-189.58626,355.1047,565.3009,-3.0112646,362.08344,341.68402,-26.331572,0.0,-109.083954,-2.1221683,566.45526,0.5876852,85.6653,293.9829,3.0494876,11.362822,-169.2136,1344.0106,11137.029,851.79407,-578.93286,36564.41,1423.0276,73.36726,3870.1978,37.41867,16612.104,14821.425,0.0,48.0372,-1.9867893,7.5200667,448.19247,-535.307,-40.391163,-126.731766,2.6091049,-22.206615,-5.544703,-0.9027102
5.634177,3130.418,2046.3397,-4554.689,90.09522,238.86823,135.13397,-12.653829,0.0,-1009.9347,-39.391186,-85.17844,0.19815063,-41.15557,-161.55328,2.486088,9.640398,-105.778244,152.76564,-456.3199,251.96696,-77.22212,-4651.6484,-43.246315,184.24718,-991.7054,-17.974783,5133.3354,4677.55,0.0,-131.9052,-63.163136,-53.227825,-71.33426,748.6236,-21.040005,176.0699,2.2927785,81.20907,-27.796562,-2.1267002
-51.46,-843.07434,-1550.8002,-89.99536,89.33581,-1110.9891,-1237.9435,-13.986026,0.0,-770.66406,7.3745036,-422.25687,3.210754,55.887733,545.9922,-14.130021,-13.033655,-39.552605,1926.6654,7277.6465,928.5392,-431.8404,32836.543,337.49542,631.23193,3846.499,-4054.6943,14225.412,9769.977,0.0,-100.28766,-3.6230748,-36.93438,-27.260742,817.7629,-37.063007,96.232475,1.8321053,-23.855433,-6.999642,-0.59813553
5.8797536,-747.835,-2026.3402,91.35382,47.50714,-667.4005,-1532.97,-11.686588,0.0,-1305.5288,-115.124725,166.76422,0.04281676,-105.103935,258.27997,0.14951998,19.315327,-190.60388,1511.8756,-3968.427,465.2977,-86.93058,-6187.4126,-149.67273,277.31897,-1209.7538,136.17978,2411.0342,1952.8771,0.0,104.06217,-0.8807629,-26.163864,265.42914,-999.15924,-13.976575,-31.48192,8.019819,-36.70651,-20.00876,-0.59813553
-24.52605,-267.78192,255.24725,587.5005,-57.24931,357.11844,108.86999,-11.007817,0.0,-1277.4264,0.3349292,174.22626,3.445201,91.36117,396.35822,-4.6052804,-28.713758,541.53485,1670.2543,-7206.268,-15.413873,-114.475555,-14377.439,-710.3576,47.330025,-1129.8894,172.71214,-8457.378,-10842.992,0.0,131.86644,-1.2816889,-5.380779,337.2581,489.25653,-11.257393,132.89082,1.660495,63.52522,-3.9006934,1.590288
-46.329792,-305.74875,485.43384,842.3834,34.005363,431.1503,296.11963,-12.352918,0.0,-1906.8416,-58.34185,102.92399,-1.2506759,81.60224,274.52704,-16.680017,-48.716232,237.62613,1485.5481,-7245.7847,948.0726,350.6695,32454.002,668.6989,-59.982464,-1161.2712,265.62885,3263.9683,6102.138,0.0,-131.10599,-3.296193,-8.91724,-310.42715,-592.3272,-16.683247,-150.66649,2.6479597,21.307203,-5.002405,1.590288
-48.890266,-562.9739,-1699.328,192.47601,15.958334,-420.041,-1302.6411,-11.871703,0.0,-234.01422,1.9850454,12.747505,-0.38188788,-34.956963,100.117134,0.0049875826,0.36724663,-126.90267,1066.3746,-16407.922,-808.3866,-1452.223,-26571.967,-3111.1401,53.345642,-4461.715,123.878914,-29574.14,-19798.357,0.0,-84.82015,-0.98159057,-2.8548443,-153.61623,-837.0996,-11.457716,-106.41043,2.4453154,-54.575317,-13.245299,-0.59813553
-3.7065158,-258.2962,551.814,458.72733,15.715159,404.63345,182.4625,-13.766781,0.0,-802.0851,29.56309,482.3058,-1.2693526,-90.61035,-790.5148,-2.7163153,39.93831,-156.3443,1674.4937,1227.4525,1126.6572,331.4543,-5409.789,568.2352,438.6516,1753.5525,228.34799,8936.439,13985.299,0.0,59.202347,-3.183476,-3.4969869,380.21375,473.36847,-45.34706,62.287975,4.506541,-27.333406,-4.181724,-0.9027102
-17.048674,3451.2466,2312.9458,-594.8153,354.59274,310.11172,244.34668,-11.40402,0.0,-593.2862,-19.861887,-91.68821,-0.37681246,-84.825165,406.77304,-26.083124,18.342834,-89.998184,593.7571,1873.5474,1216.042,203.88483,12708.501,811.891,-55.34454,-1441.5305,130.48392,5020.1865,8432.507,0.0,70.20448,-63.77049,-6.3039794,-94.38704,-789.1409,-44.843727,-54.62949,2.4439368,77.80442,-18.88453,-2.1267002
10.307873,-720.9447,-1200.8651,94.02717,125.709175,-1057.676,-287.52872,-14.343743,0.0,-581.1309,-0.48169068,363.96796,0.8094853,-23.605537,-92.17747,-3.5282035,6.3559656,-29.687498,1544.498,-5295.362,-138.6672,235.3104,-13583.006,-173.7835,147.51762,-425.27985,-1523.1848,-5259.9404,-4006.5547,0.0,96.97885,-0.6140828,13.726648,-142.06181,813.3243,-11.43494,43.96486,7.9014187,72.793465,-6.2567816,1.1701571
-4.749144,2773.3518,1836.2526,444.851,-10.582192,356.7546,103.09735,-19.193283,0.0,-77.703835,-79.20713,319.34378,1.9429578,72.42938,385.53595,-3.382864,-6.951187,299.92703,379.95328,-7073.852,-323.82422,-6.096384,-18154.217,-350.681,394.3566,-1727.346,136.43793,-10453.323,-11474.97,0.0,-119.46777,-9.240322,-3.920648,-137.61795,621.26495,-11.704137,121.41472,1.6963166,-9.330309,46.734707,2.3576992
29.283342,-277.20712,426.97864,312.92133,-25.990211,545.3432,62.80187,-14.052301,0.0,-357.98743,-1.1389017,93.985466,-0.13776582,45.6697,234.83453,0.63099194,12.143655,-140.58418,1442.0,-5816.784,-20.807323,64.890915,-14550.8,-86.23224,70.136536,-120.90633,-1051.9946,-6646.82,-5229.906,0.0,73.16246,-1.2816889,14.35013,-92.034164,484.63092,-11.458642,76.394005,1.3980352,-15.000487,-3.8844028,-0.9027102
-13.904343,-748.76044,-1655.535,230.2995,31.49325,-413.67673,-1484.9219,-14.469286,0.0,48.05472,-0.26790044,510.40018,-1.3634601,17.84117,-931.71375,1.3020425,5.9419737,-58.88597,1251.4615,-7872.242,-98.19355,-55.282005,-18830.781,-1245.3558,232.33769,-1508.2416,201.64648,-11544.076,-12383.165,0.0,-75.94381,1.7801236,-4.3177567,-112.59855,-674.8412,-11.6233,-101.94828,9.219156,-38.914425,-20.421047,-0.59813553
-41.99644,-217.69948,603.54785,476.11423,35.138355,411.08023,228.05855,-11.933851,0.0,-500.58044,10.850404,229.88147,3.548449,102.42766,341.42844,-2.1958103,72.61852,-61.75274,1527.4874,-205.45186,1158.5216,252.78082,-5332.6523,711.2747,136.89836,973.84485,248.32137,7015.9995,8947.37,0.0,60.621525,-3.296193,-9.1623125,-226.0745,-559.05536,-27.238752,-58.870518,1.9033188,-24.028658,54.573837,2.3576992
-167.70633,4228.228,-2280.706,-176.81679,1651.5095,-805.9583,23.724106,1779.4238,0.0,-1257.2471,-165.90161,91.262825,0.8326082,204.98682,-87.28245,1.5662717,59.09818,-70.595924,-694.1824,-339.9738,-582.02106,-307.4122,-2491.4973,-56.100338,-650.341,-1245.4238,-305.13358,4149.3896,2762.2825,0.0,-84.49933,-8.651776,-23.514572,-46.986954,534.81,-17.590578,-10.478608,4.2239738,-13.109775,-3.1527357,-0.47048986
57.215977,3595.6926,1763.2712,451.16052,106.61112,359.75726,193.71262,-12.65112,0.0,-671.7843,-17.925114,120.7353,0.77714497,-295.29584,293.7991,14.322342,13.821075,729.89246,1367.4822,3515.8308,939.1493,39.548126,24216.5,510.052,314.35504,-747.34033,392.2022,9298.287,7062.705,0.0,121.13357,-66.16444,-3.5435233,505.54456,787.61035,-21.139807,61.901924,-26.341541,8.375919,-12.191695,2.3576992
-223.76875,-2096.4573,-1935.6361,73.21219,71.93507,-1063.9122,-1585.1244,-104.69985,0.0,-581.56433,125.610916,-2779.2988,29.724981,-2027.7625,-1324.9487,96.664024,23.842798,5.41352,3919.7546,16467.37,1249.8319,-1033.563,93415.54,1400.6537,266.25345,5035.7617,-3140.4204,24248.045,32199.848,0.0,113.70228,4.6254587,-508.75656,-73.29135,715.4626,-125.82382,155.50053,16.620964,60.1521,-5.999241,-0.47048986
-586.60345,-805.4624,-1438.7861,178.69131,107.487335,-618.38354,-693.499,-12.002672,0.0,-26.186523,43.090893,221.30042,-0.88991594,-19.992579,-176.67032,-3.5742846,1.0226179,225.9144,1241.5835,-8332.066,-11.323721,122.59555,-18411.674,-415.86246,2.7867022,-1022.5606,-36.30183,-9992.352,-11436.584,0.0,-128.27332,-0.82112455,-6.06873,-164.51193,769.90906,-10.854498,55.160236,2.16615,52.45335,-6.2404547,1.1701571
482.31537,-2102.3945,-1815.4445,412.20322,-29.369043,-633.89886,-3349.3555,-196.28711,0.0,-1592.2224,142.3273,114.153275,5.283801,181.11136,-1641.5057,103.212074,53.38556,26.392117,3440.9749,23774.021,1413.3586,-1762.3518,105091.43,3108.518,-349.57703,7736.3076,-2549.4321,34754.562,41162.82,0.0,93.50077,4.6254587,-1074.1879,-67.29304,754.2619,-76.40162,253.33809,15.192776,13.2899065,-5.986145,-0.47048986
-24.666132,-849.4107,-1463.7888,523.018,179.82996,-320.21445,-727.86536,-16.853964,0.0,-174.06352,29.924047,149.98022,2.9610062,80.74142,430.3855,-5.771804,21.029987,486.98145,305.28452,-7006.5146,-27.087944,-136.29027,-18542.982,-736.918,74.835724,-1609.0051,241.2105,-9735.744,-11356.539,0.0,144.23927,-1.2816889,-2.4175434,414.1438,818.54175,-11.261469,91.948204,6.755863,47.817543,-3.8710432,1.1701571
7.8810334,-754.2831,-1393.3751,489.6079,75.94055,-368.6168,-698.01196,-15.865335,0.0,-13.352698,-0.31789324,368.71008,2.0658796,61.695236,330.04858,0.9254803,-12.131118,-114.96515,1449.829,-8263.216,-107.205795,-414.327,-20300.557,-1402.4049,233.3972,-1534.4025,226.2322,-12973.776,-13108.451,0.0,-108.449394,-1.3965962,-3.6319752,-130.23938,861.40424,-11.410052,155.39998,7.2440796,-36.151993,-5.5212965,-0.59813553
2.99716,-787.2552,-2094.3513,261.8476,97.29863,-655.62366,-1280.3057,-11.116567,0.0,-457.61926,-58.102463,-50.12908,-0.39941302,42.823196,351.5175,-2.5204892,-30.62204,469.46414,1420.7155,-4346.891,412.47186,-120.827446,-12033.939,-160.93806,129.38135,-2020.1805,426.56882,145.1801,-196.67557,0.0,177.38257,-0.8807629,-26.228981,447.37103,-888.5644,-13.266387,-101.87753,2.8561926,46.492775,-13.053775,1.1701571
-23.090853,-116.687996,706.3108,547.4231,41.011898,310.97122,297.07956,-14.806762,0.0,-353.24136,11.0702715,-96.505226,0.7942167,-32.844513,283.0152,1.4675579,20.375347,-46.67365,2558.9949,4763.349,823.7224,-502.69778,24436.896,921.7091,455.50732,54.697548,131.3938,12191.169,8898.833,0.0,54.646458,-3.3102727,84.078,-248.9936,-519.97943,-35.187943,-59.722263,1.5234892,-15.980059,-5.102463,-0.9027102
-2.4733057,-382.54633,264.48654,579.2179,-0.68287754,295.4461,159.58313,-11.809379,0.0,-1323.4835,-150.10167,104.14531,2.427565,73.45645,408.17844,-4.7208996,-26.394419,-117.2083,1262.143,-8245.534,-16.39646,-22.35248,-11646.864,-457.50522,156.55556,-999.7199,232.82396,-8304.859,-10061.603,0.0,-62.27511,-0.8666832,-7.5409865,-86.30014,-355.22214,-11.84332,-108.39609,-23.003132,-27.839006,-4.6651945,2.3576992
0.95643294,-281.5437,408.31116,410.3869,-49.841316,343.02744,110.140465,112.1952,0.0,-265.92554,-8.448364,89.289604,1.5292082,80.966965,343.47128,1.2769006,13.134179,-122.16521,1875.6676,-5647.102,-120.47223,-34.74958,-13965.079,221.38512,186.2089,-250.25456,-106.33587,-6354.2656,-4322.492,0.0,-62.330517,-1.2816889,-20.997375,-102.494804,477.54172,-11.729199,41.875084,1.4338568,-9.724166,-4.0147305,-0.9027102
13.74243,-279.4954,428.22153,395.3878,-22.664688,398.45746,110.51062,-15.731462,0.0,-66.974945,-5.3697214,431.3782,-0.5935786,-100.61507,-720.7889,0.9008164,21.517313,-147.1533,1315.1884,-5288.7725,-213.7958,-46.31981,-14635.017,133.41716,280.35275,-1795.8424,-932.6675,-3913.2285,-2102.243,0.0,56.01003,1.3651179,-21.75621,188.40164,387.3263,-11.49116,38.50336,3.6778002,-12.020405,-3.6832094,-0.9027102
9.373171,-914.0085,-2054.36,191.0742,60.703472,-633.18964,-1659.0629,-11.086005,0.0,-1406.9867,-112.90164,-310.46915,-0.49001896,65.51168,415.2329,-3.0910656,12.806497,-111.44099,1596.4752,-3194.675,847.9022,-15.652007,-6053.9375,312.93115,185.3275,-698.062,259.05563,4026.7393,3215.1692,0.0,115.22268,-2.748479,6.8188057,-103.97525,-1086.2931,-13.960397,-97.512115,2.7856028,-25.34585,-21.26186,-0.59813553
-12.8860235,2615.0327,1518.6191,-344.3849,-5.082823,211.55382,110.902954,-13.997097,0.0,6.528111,-8.436372,-38.714577,1.9429578,61.94879,446.8766,4.296138,1.4411448,-132.63348,455.63464,-8907.272,-638.2099,-179.78041,-18694.0,-1102.3955,246.19762,-2182.4438,61.684544,-16522.742,-14092.052,0.0,-65.84253,-9.380468,-4.008999,-66.95259,607.6593,-11.3752165,149.28893,2.1487112,42.593666,-9.465641,-2.1267002
33.74539,-578.6594,-1556.9907,174.91614,8.064969,-379.63052,-1349.7793,-14.831255,0.0,-214.45839,1.8515124,5.921525,-1.5044948,58.738842,-503.0182,0.7135811,5.6216106,-91.14273,923.82697,-14949.524,-766.1059,-1162.1113,-25771.61,-2910.0308,148.00528,-3886.4165,187.1635,-28959.264,-19243.818,0.0,-72.43897,0.08699751,-3.6473322,-104.92497,-709.64197,-11.445909,-105.62682,4.7250805,-23.73001,-5.9180713,-0.59813553
-9.59387,-875.8759,-2014.4818,208.8634,14.495462,-646.57715,-1391.2352,-12.773504,0.0,-37.840893,-30.112696,110.835754,0.004710853,48.040367,236.2859,0.574594,9.664966,-96.791374,1186.3645,-3852.4666,-136.1596,-50.44992,-13074.775,-81.028656,128.93509,-1502.5626,-865.799,172.33914,-239.2021,0.0,-87.756004,-0.8666832,-21.830116,-112.86287,-848.3173,-12.767259,-24.34318,2.353198,-23.973162,-20.616022,-0.59813553
-25.003428,-693.6923,-2033.4271,396.12958,105.697,-350.85287,-1574.4285,-12.071289,0.0,-1196.6235,17.01905,384.78824,0.9616186,64.13996,372.63425,-2.4376726,50.895275,28.297472,1694.1466,-2975.5513,1052.1554,-49.20112,-6127.964,300.97348,425.96512,-100.767715,-71.687454,3961.958,4290.952,0.0,104.39276,-2.748479,-10.705868,383.8541,-922.56226,-13.928911,-62.54123,3.0733483,81.61493,-21.70798,1.1701571
22.987112,-202.12564,355.8145,620.21094,3.2037969,220.3032,154.81459,-13.097268,0.0,-506.70813,2.8179772,132.77379,-1.4882054,42.308968,298.55414,-1.0913494,-3.53967,-94.58465,946.0876,-12101.722,-632.47595,-445.77722,-18814.39,-1361.6707,104.050316,-3170.3901,126.977974,-23461.617,-17072.363,0.0,-57.522568,-0.98159057,-5.351349,-82.14883,-351.45975,-11.433122,-101.83809,2.7817743,72.396164,-4.174958,1.590288
52.446594,-244.51479,593.99817,475.0402,67.567894,415.61313,253.34776,-10.919165,0.0,-1142.4155,31.813826,-335.85358,-1.7784219,-163.16147,-94.51345,-13.150821,15.387889,-73.73908,1915.2937,-1412.9329,1109.7925,118.298874,12974.77,782.0019,482.46207,-1115.3315,317.7904,4791.0884,7844.9263,0.0,-56.329773,-2.8497086,-7.401609,26.739288,-475.1746,-49.24597,-75.90329,3.1195145,-15.272091,-5.196189,-0.9027102
-8.25752,-881.6637,-1477.8397,421.5222,36.632988,-484.10092,-1404.8773,-11.694731,0.0,-1104.8839,-57.946068,244.01846,0.04281676,-27.10939,276.1432,-4.222312,-41.7612,-81.28431,254.90417,-5418.6816,-255.22064,-22.469835,-9104.474,-168.4857,177.15646,-1762.6515,204.01126,-3175.7993,-929.53436,0.0,-77.30021,-0.8807629,-7.8014045,-101.42017,-645.8891,-12.072451,-60.249866,8.333294,53.65431,-20.507456,1.1701571
9.546182,-226.26646,467.25854,310.8738,1.2676191,388.02084,176.15532,-9.822192,0.0,-884.809,-114.96486,174.70673,1.255259,-40.62373,344.7888,0.905858,11.320845,-132.05232,1318.8636,-4886.421,371.01456,185.41042,-7311.13,309.15607,254.5435,-537.6661,11.411957,2487.9922,2754.4507,0.0,-67.70235,-2.748479,-26.879162,-102.69247,-356.07764,-13.4911995,-28.898577,2.8329053,-27.096254,-4.696801,-0.9027102
93.2967,-202.15236,485.55902,383.71805,-3.306965,351.73413,135.77351,-14.896395,0.0,23.346977,-25.743923,-495.66525,-0.4635991,23.31891,-1525.6439,-2.3233986,64.504745,-76.932304,1132.7323,-6884.9116,38.357662,42.512302,-11695.718,-87.61936,291.02664,-891.40985,-866.7961,-296.3468,808.6754,0.0,57.627422,1.5951678,99.95696,-61.08153,-458.80112,-12.216056,-37.25476,5.1686726,45.60724,-4.4016905,1.590288
44.402374,2930.414,2082.1045,466.637,144.53545,154.90091,220.51968,-14.658006,0.0,-505.9828,-22.705675,444.7569,0.28168434,-91.20502,-893.64954,26.771086,-140.02208,-35.261997,456.56848,4138.7246,-492.97226,-30.631891,-2725.9646,257.56628,617.5346,-25.884989,15.992893,6796.4404,6688.3335,0.0,-56.721504,-63.356247,-24.788897,-58.655716,-393.25687,-33.226124,-39.79705,4.765378,-311.6682,-10.833491,2.90065
28.427454,2888.255,2314.3462,511.2835,-21.833902,314.01212,114.518074,-13.550229,0.0,-853.8508,-75.90075,-6.400974,0.36147118,52.538876,10.048938,-2.8679974,-67.8805,-41.384983,-197.02689,-1133.1494,-579.46155,-97.50373,-7003.7803,-1.0593748,407.64163,-1657.7825,305.371,3823.472,2574.8982,0.0,65.566505,-63.022987,-21.938347,273.20325,639.9217,-14.792542,65.06581,3.6149433,0.9612732,47.624386,2.3576992
212.83768,-2033.5883,-1530.2346,32.895954,-6.6957846,-890.82764,-1660.1941,-55.95159,0.0,-1131.4346,29.65157,-416.04327,0.09332386,12.419071,329.6349,-8.977949,27.724506,-12.266725,2216.6316,10047.12,774.08997,231.24449,41822.984,1178.0533,384.02664,1928.7067,414.90878,16012.007,14873.098,0.0,-80.13064,-2.0008693,1.8221679,-57.088295,-587.175,-43.43628,-134.3915,15.124719,-8.302803,-22.345797,-0.59813553
-6.205484,-733.63257,-1454.8483,478.11768,10.521641,-270.3502,-1441.5267,-11.254467,0.0,-213.43935,2.3754652,95.44007,-1.1342574,34.213253,110.85202,-6.275899,-25.390718,-98.267715,126.38535,-9241.596,-530.571,-560.9461,-19423.943,-1308.0571,210.70703,-2544.5745,205.79875,-17914.05,-15503.072,0.0,-94.76029,-0.98159057,0.9354863,-95.969986,-733.7967,-11.484861,-74.87563,-66.213554,-21.772493,-6.5141516,1.5622113
-16.669455,3275.2747,1976.0636,578.80756,32.17907,341.57144,200.62257,-13.949142,0.0,-884.8101,-130.58992,274.30762,0.04421115,47.406834,324.99103,-2.3918202,-40.1502,179.768,242.26035,-2171.1765,-762.4448,-103.934875,-3446.1077,33.033054,447.02197,-719.1182,93.11201,4087.9153,3971.778,0.0,-140.66943,-63.068546,-22.092783,-137.59792,-532.3806,-24.333439,-25.198618,-21.235416,1.3182069,-6.216459,2.3576992
-35.76069,-106.836235,646.5633,532.7153,18.25991,358.25156,298.34607,-16.083223,0.0,-1000.0786,7.7449484,-381.77386,0.8757689,-190.18681,334.2744,-14.280371,11.946868,-25.576035,1552.668,6245.9653,822.1241,-624.5188,36225.715,1279.8289,456.8788,2582.7317,457.3494,15606.433,10697.102,0.0,-48.44112,-3.3102727,-31.832851,-70.24354,-480.529,-38.98652,-127.402725,1.531271,-15.7402725,-5.4116926,-0.9027102
48.537,1661.4513,18.08495,58.369907,417.73596,342.18292,466.8475,-84.65873,0.0,-1281.4021,-25.663446,326.69583,-2.6552184,-4.5782185,-2632.173,31.510855,19.218554,23.13066,1490.5896,13553.383,1009.19745,-1271.2366,98023.47,1491.7817,88.24819,3293.16,-897.7115,25129.135,34618.805,0.0,97.429184,-556.77966,-60.540836,-93.559715,-782.529,-96.35859,-259.94385,2.4662278,56.60958,-4.4708686,-0.9027102
62.412766,2792.5835,1936.5109,-4723.7393,2.052105,263.08295,93.31714,-12.297351,0.0,-736.55023,-78.565544,-2.682571,-0.19806129,-58.235203,280.81723,-5.962174,-0.10996392,479.94257,438.20667,-6063.65,-126.78041,54.603573,-14796.353,-520.57263,154.08176,-723.2851,-54.905926,-8346.441,-9273.28,0.0,179.95984,-9.380468,-33.986214,233.31621,750.83734,-12.086214,186.25266,1.0587723,73.06122,650.8135,5.554518
52.98036,-705.01666,-2572.3528,237.25615,95.647026,-619.36365,-2065.3447,-12.465926,0.0,-819.42706,29.412642,4.9341516,-2.0412807,-85.8808,299.68005,0.29256982,5.469982,-57.6113,1772.6938,720.4426,972.7858,-339.7951,-3055.4224,611.0537,529.4206,141.18231,325.2257,7608.716,12067.273,0.0,-87.235085,-3.3102727,-6.431602,-213.06216,-1066.4673,-48.9808,-73.146675,2.3736005,-12.824348,-15.116974,-0.59813553
-46.864697,-274.16962,430.84488,406.82648,-11.5162,262.18234,119.85428,-12.291234,0.0,-65.98462,2.4714508,153.6289,-1.4882054,-46.189167,231.21582,0.9465211,6.013811,-122.01784,1091.3494,-10020.4795,-253.00098,-223.31462,-18685.256,-1291.112,143.68988,-1471.7977,-462.8695,-16678.432,-13954.587,0.0,-61.949257,-1.2816889,-4.4595222,-71.40269,458.9712,-11.658176,50.26826,1.4338568,-26.155016,-4.4627843,-0.9027102
-68.03757,2720.6394,2870.5015,-5702.289,577.9638,203.46184,642.60114,-39.759655,0.0,-932.52496,9.987569,-1125.9391,53.0378,1211.7501,580.90106,-195.5531,-249.60928,189.39601,1968.9818,25337.1,1642.1907,-176.26587,116756.66,2987.5564,155.39044,10313.208,302.52667,34646.31,43922.914,0.0,4.803464,13.744299,68.4832,-92.70405,-911.7997,-54.787334,-237.39557,1.5016199,-637.23944,-24.656261,2.90065
-0.66217625,-233.99611,440.9303,385.50668,6.630521,395.10275,141.12262,-9.992549,0.0,24.72867,-30.9144,-545.8071,-0.98475504,-41.84532,519.6742,-2.833159,12.048094,-167.87308,1313.9807,-5028.15,-126.34997,-36.89413,-12251.378,-1.7806563,216.48492,-1574.5199,207.0324,-284.35724,71.36469,0.0,-68.88523,-0.8666832,-22.891087,-65.93522,-516.031,-13.152095,-102.40474,2.5710657,-33.33688,-4.6092763,-0.9027102
59.635445,2712.232,2344.7493,230.1928,82.89436,208.02022,219.0368,-14.084042,0.0,-239.31287,-17.424532,-38.78792,0.7441877,-9.943931,-1300.3022,113.44488,10.532028,-57.499653,-432.71417,3121.266,406.6822,-53.06832,-10872.862,335.54303,1095.8837,-62.687862,314.64426,5084.243,5895.0454,0.0,63.393192,-63.009502,99.597786,-117.51394,-329.0599,-15.454766,-42.527,4.9094043,-229.34166,-10.377115,2.90065
173.42125,-4173.513,-1921.2009,420.68054,99.23917,-874.1622,-963.066,-91.9403,0.0,-2789.0222,-15.003299,570.7984,-1.1487226,281.7255,475.7181,-26.654428,-27.148245,-393.95535,273.3186,10601.382,776.8023,-403.67114,60725.004,2252.2437,630.6221,3922.1362,135.75726,19631.986,18002.807,0.0,-72.54335,-1.2229297,52.463078,-206.04128,592.6643,-85.06206,123.508095,11.13263,-127.70272,-6.169708,0.97012585
-30.595108,-235.19011,305.0711,652.193,12.02205,314.27698,167.54744,-12.984579,0.0,-55.86192,32.915047,235.62961,3.445201,69.758896,286.09622,-2.0239034,37.97688,-496.33286,970.96967,-8318.185,-17.748068,-114.05133,-18835.775,-673.1323,27.604004,-1686.7166,140.12257,-11485.389,-11645.169,0.0,-121.97295,-0.8666832,-5.3733582,-161.39938,-373.0226,-11.610513,-106.79202,1.4267758,74.31532,-4.9170547,1.590288
26.532103,-233.03146,785.31354,437.55875,-17.161116,355.45215,134.4943,-10.973134,0.0,-57.74052,-8.458951,100.44432,0.8537726,76.65412,344.8291,0.69641036,11.768585,-129.92018,1270.0841,-3759.126,486.00632,-100.90462,-14470.033,406.02014,294.63177,899.59485,28.095898,2985.3574,2124.7761,0.0,-74.84216,-3.1494048,-21.635786,-161.63388,361.01578,-12.768592,26.376558,2.053262,-25.449709,-3.8118417,-0.9027102
-18.753159,-730.92633,-1765.7706,499.14102,25.98426,-339.57834,-1458.0176,-11.101944,0.0,96.74377,0.7138169,65.72873,-1.1342574,-109.5015,164.93388,-4.4097047,-25.19368,45.81398,333.4739,-8363.245,-37.886353,-194.93152,-19067.691,-1492.8447,170.57916,-2276.893,261.03638,-11263.842,-12720.147,0.0,-140.30219,-0.8666832,-0.68293774,-150.88708,-714.4265,-11.669302,-61.333164,3.370008,46.272377,-13.5217705,1.1701571
7.7539287,-714.1849,-1707.5695,137.34064,102.78024,-610.86475,-1350.294,-18.399693,0.0,-935.92975,9.222249,244.87073,1.7454054,-59.66774,-160.26323,-1.4576561,11.031764,-180.56262,2616.7742,2722.9153,757.53253,-152.79951,22982.998,664.49097,475.49866,-263.85764,-1.3581622,10655.931,7077.582,0.0,98.09956,-5.3837976,-5.9061437,582.15704,958.12244,-19.318901,60.607124,2.4097915,-27.55775,-6.9265356,-0.59813553
95.629684,-253.49832,300.47076,454.63443,-50.804657,320.4795,108.24295,81.56151,0.0,-267.11182,2.16893,450.1162,-0.71324706,43.58365,-704.4202,1.2633181,17.610985,-78.23744,1149.1877,-8493.177,17.735939,-70.37395,-16901.363,-505.43143,290.458,-834.5406,-317.5347,-9965.569,-11235.958,0.0,-50.354023,1.3651179,-6.072941,-97.22017,432.6961,-11.533376,49.545437,3.018549,-27.58857,-4.2365494,-0.9027102
23.339842,2266.3823,1603.8699,631.252,8.855342,316.48737,156.30592,-17.320631,0.0,151.10161,2.788089,-319.5995,-1.0279815,6.3607726,345.1639,-3.0054739,-3.892043,108.93078,205.17096,-8317.324,-469.22543,-171.39972,-19428.254,-1287.6023,300.63806,-1860.2106,289.73514,-12575.047,-13142.206,0.0,-139.1272,-8.825316,-5.0936947,-109.89601,-552.1717,-13.539277,-102.81038,1.4350624,76.065575,-5.1136556,1.590288
-49.29382,2627.9316,1601.7129,-703.989,220.49538,227.7229,160.58583,-19.719122,0.0,-642.98553,-10.930991,-296.48676,-1.6320407,-7.8347893,-1495.0182,14.980361,6.8513813,-342.22983,631.09375,-9203.377,-709.9046,-136.95137,-11188.408,-1152.8894,162.2935,-1691.0969,5.775646,-12566.812,-12266.549,0.0,-74.0131,-8.019522,-7.475236,-122.71671,-597.46277,-12.169715,-116.81369,3.6714625,89.313866,87.59256,5.554518
7.5436034,2335.6978,1749.7896,700.1921,10.914026,281.2804,157.39554,-17.657202,0.0,349.76105,-81.00788,71.90693,-0.42635036,-118.532425,268.74963,-2.083009,-28.540243,234.3204,18.430405,-7535.411,-232.34422,-212.01147,-19341.057,-605.39087,276.60727,-1957.9719,305.51828,-11529.304,-12475.755,0.0,-137.72224,-8.825316,-6.7625937,-121.17821,-539.3638,-13.505483,-104.88058,1.4267758,29.984575,-5.3629427,1.590288
49.76655,-224.0802,522.59906,757.00244,45.068535,403.43066,241.04659,-10.48135,0.0,-1814.4177,12.564908,2.9387007,-1.7784219,-175.39996,365.99936,-4.8610415,-46.903366,113.26967,1943.7844,-2773.5088,1127.7123,369.62692,14585.612,1190.8534,336.0716,-1267.8013,234.17235,1960.2114,1612.9276,0.0,-135.32521,-3.3102727,-10.383434,-357.6736,-513.6195,-28.700136,-71.08117,2.4676132,16.113882,-5.142592,1.590288
6.851956,3851.8782,449.5003,341.71112,793.74695,252.17107,107.255714,-81.13304,0.0,-326.66675,-15.513149,-117.80455,-1.57234,-66.25535,-135.00282,-3.0048153,-13.614525,214.43953,269.18735,-11217.469,-386.0067,-44.69834,-18412.367,-1370.7207,234.6638,-2813.3833,217.86465,-21557.275,-16624.332,0.0,-120.09061,-8.894666,-6.1391196,-148.9825,641.75305,-4.823612,166.12329,2.189479,-10.045212,-3.972618,1.590288
4.977156,-903.69086,-1687.0994,226.55615,56.553806,-618.39404,-669.13257,-15.973082,0.0,-29.364838,-29.991585,299.47382,-0.27444324,-90.80957,345.438,0.07098681,14.206756,-207.35008,1593.9869,-4926.776,403.57016,-90.614174,-12601.058,-85.84258,241.68015,-1636.3026,-877.8016,-16.867516,-194.76942,0.0,93.41935,-1.435915,-25.674229,271.97043,944.15265,-12.611417,28.147146,7.8394413,-18.406927,-6.3220024,-0.59813553
-2.3649292,-706.8872,-1718.1788,112.53534,70.43932,-608.29266,-1309.9773,-16.83788,0.0,43.66046,2.760555,-105.690796,-0.20152476,20.697224,30.594992,-3.556498,11.236455,244.78752,1244.5011,-5556.224,-84.6677,-117.39886,-17401.643,-213.469,246.45102,524.62396,239.00919,-7155.7764,-6689.356,0.0,-127.17523,-0.42019856,-13.563702,-164.1155,-683.16486,-11.500221,-104.575165,3.059629,56.13372,-20.258595,1.1701571
46.997414,1918.6172,1950.9379,478.78622,-14.949932,248.9498,260.83643,-54.15135,0.0,292.205,-114.63003,229.33896,-36.982285,-411.77643,387.76846,5.8725767,12.156545,-68.86317,426.6809,13515.774,857.11346,-492.4681,50757.67,1765.7742,-88.170235,6131.3223,323.8488,20222.865,21916.74,0.0,50.762608,-10.611796,-9.779193,350.05487,557.2633,-159.87366,200.1256,1.34565,-0.5813618,-11.826116,-0.9027102
-1386.9163,2713.477,1602.4727,-4943.9097,209.16006,132.25168,150.13551,-18.591002,0.0,-472.2791,-95.21437,-392.1627,0.01589185,27.55617,-1549.2335,-5.410794,-103.31215,266.7922,329.2901,-7023.6934,-401.84674,230.41844,-18249.166,-801.4054,405.2369,-1752.0253,75.74879,-11005.636,-12292.901,0.0,-105.22058,-8.019522,-34.557533,-215.48828,-600.77563,-13.470803,-129.97879,3.7647438,-342.06497,-60.74318,2.90065
33.12935,-455.1429,-2147.6707,279.4767,24.391039,-519.82,-1446.1809,-13.523552,0.0,68.08999,-8.805124,684.16705,-0.8121077,-2.900776,-877.4198,1.5599492,24.203037,-69.39847,1389.4658,-3170.4065,-151.12546,-35.53152,-16639.34,-3.121949,338.83084,-1821.271,312.507,906.4484,201.39078,0.0,-74.49516,1.7801236,-22.385328,-107.03703,-817.95905,-13.033579,-75.32089,4.833397,-35.539032,1.9374449,-0.59813553
12.266287,-747.66833,-2113.707,147.21283,195.18665,-895.9557,-809.47034,-11.327495,0.0,-492.14136,21.435387,-247.90186,0.46414572,92.14694,575.9133,-0.39704084,10.499273,927.1705,2030.8885,-635.3705,922.0114,-32.3991,-10269.39,526.3433,414.19705,2380.677,307.35425,5563.4126,6243.44,0.0,177.97939,-5.8443623,-9.449994,672.24725,1130.8593,-13.245466,79.09414,2.4603815,54.826508,-6.615733,1.1701571
-580.5836,2629.5725,2086.0872,706.83997,-8.506866,244.82939,182.07332,-28.36201,0.0,512.89935,-100.185005,-47.09646,-0.24016005,43.616093,-101.87843,-3.5841634,-0.41439208,-51.05649,13.949951,-1600.2424,-515.79926,89.10905,-14677.361,311.15482,193.12251,-2245.588,182.82986,1215.3783,-65.24728,0.0,-53.820385,-8.364753,-24.843153,-114.34312,-628.8785,-14.556939,-74.21622,2.8108854,-11.906125,-4.7757735,1.590288
-5.8759646,-159.10484,433.7297,669.5045,13.259383,325.93958,163.22495,-9.689057,0.0,267.14624,0.2459962,93.50023,-1.1709452,-51.648285,-73.92698,-4.580593,-16.50026,155.62477,1026.8881,-8713.857,-17.555252,-204.45262,-19763.46,-825.39825,77.82279,-1775.5145,196.62257,-11441.088,-12483.328,0.0,-114.80188,-0.40611887,-6.120805,-132.32297,-343.40573,-11.284962,-123.312126,2.3250728,70.198425,-4.869245,1.590288
19.104479,1929.1788,1748.4164,35.29796,70.27999,217.18236,238.19124,-12.898329,0.0,-384.57135,-81.28757,109.5166,0.9085474,-111.14078,415.126,-29.379509,15.815456,-192.99455,1431.2203,5818.156,984.57336,-45.284695,22936.164,649.7227,343.3935,-1375.1525,-82.78097,11868.333,8056.588,0.0,59.68368,-66.31866,-36.69618,248.69186,811.04425,-30.368536,69.08961,1.9399579,128.16563,-16.734636,-2.1267002
27.234873,-661.7377,-1754.9355,450.7214,89.64129,-558.15576,-782.75684,-16.26611,0.0,-842.1827,-59.902065,285.63126,0.06649178,61.90662,336.694,0.3412339,4.4496737,-254.2226,1923.0164,-1060.1469,676.5549,-94.932846,-10101.397,267.5034,343.31995,421.4754,-85.85912,3712.2244,3768.9983,0.0,105.53935,-3.1634846,-21.887707,325.16647,1071.8876,-13.211672,40.17814,2.7548177,-28.278833,-6.539359,-0.59813553
-4.737737,3403.17,2190.2454,-477.38275,77.928024,295.99167,127.418144,-13.222056,0.0,-1036.6195,26.728922,-49.08161,-0.13174653,-125.33815,428.1348,-29.94807,15.223948,-131.8314,132.91684,-756.1789,-377.33728,-276.70584,-4319.035,-6.264201,393.8091,-1008.0724,77.20526,4309.9604,4691.832,0.0,70.95761,-63.6237,71.487885,-37.592865,698.7671,-21.156942,72.34541,2.8476245,63.865967,-9.455537,-2.1267002
13.989606,2848.5696,1848.0145,-487.13443,47.69059,236.64159,96.65318,-14.730464,0.0,-616.05457,-78.75921,-53.45188,0.20518726,-78.60745,-1392.8143,-26.559511,16.613846,-126.84393,581.9619,-5849.8975,-376.54913,-49.26049,-14102.229,-449.45355,494.71667,-929.7755,97.27372,-8499.496,-10222.951,0.0,62.181625,-8.434527,-9.77953,160.18112,770.0325,-13.205348,171.39836,3.6975818,75.87844,-9.211847,-2.1267002
9.582103,2985.3064,1986.7587,538.71936,56.382015,363.96542,235.22186,-12.419624,0.0,-1370.4706,-151.96909,-137.06438,-0.32155246,34.753834,-1737.0853,2.0424457,47.231316,-30.790089,219.83804,-1082.3074,886.6461,199.79651,22246.314,800.5983,53.861267,-1661.659,323.33136,3019.3652,5083.8325,0.0,-53.50614,-60.983536,-5.2129292,-121.80008,-717.6115,-16.25868,-52.605785,4.327108,-11.697569,-13.178146,-0.9027102
-21.5906,3093.5398,2241.2305,-5345.456,245.61201,340.14523,132.86064,-27.814484,0.0,-39.412506,-13.894704,573.3069,-0.13919765,18.842516,480.04456,-2.5375636,12.876109,-159.31825,69.988365,-4412.6587,-531.415,-57.118805,-11309.931,47.438484,24.986334,-2116.5005,-32.01334,-1682.3376,-1559.1608,0.0,-83.78925,-8.965463,-63.559803,-18.468485,-862.5358,-15.405328,-122.48883,2.267996,51.05307,-76.700836,-2.1267002
26.156187,-328.22473,424.60278,462.3126,-55.074875,333.37003,117.89214,111.78775,0.0,-550.4101,-54.90608,302.6606,0.4281773,72.97068,437.62457,-3.3740866,14.132154,-5.577587,1517.6436,-6147.2515,-238.10825,-75.55347,-11892.539,11.09054,169.98248,-1763.0298,-969.63696,-2175.9578,99.840225,0.0,-63.881176,-1.2957685,-28.796825,-139.84622,537.35834,-12.295947,44.09115,2.28473,13.445509,-3.8458145,1.590288
4.683867,-687.3962,-2056.1155,177.10393,19.810207,-710.6671,-1638.755,-13.01252,0.0,-361.85712,-59.995663,-28.901459,0.14988631,66.75353,272.45978,0.574594,10.848283,-99.15704,1493.0009,-4367.222,659.481,-38.95893,-10867.644,-78.67984,227.64204,364.8737,-103.84984,2695.9343,1946.6051,0.0,-90.98229,-0.8807629,-21.891874,-120.10434,-921.5647,-13.387401,-21.695349,2.9574988,-35.37107,-21.44944,-0.59813553
8.532173,2191.2065,2017.6608,-121.158066,49.96062,349.39993,291.32657,-29.612717,0.0,32.71717,-92.55143,279.0988,3.672888,-56.28511,38.742245,51.410225,15.21414,-9.761345,220.27203,11101.189,701.6411,-609.3823,36233.496,1187.5177,290.2165,2322.6675,42.571033,15651.856,12318.797,0.0,-41.55729,-51.100044,-31.595825,-100.32361,-502.32922,-42.321007,-144.74052,3.036444,112.48273,-17.946371,-2.1267002
98.821014,-1034.3401,-2124.758,245.19823,45.847424,-605.8012,-1685.7914,-17.983095,0.0,-526.1125,4.3114524,-60.9806,-0.95828784,26.37229,-1605.0227,-0.5502356,36.15893,6.5401506,2775.8176,8107.987,753.1912,-170.4336,25800.357,1026.4352,564.07294,453.58365,233.02217,15893.293,9610.07,0.0,-69.71623,-0.8343421,-35.29082,-153.63016,-780.27734,-40.33912,-108.98861,7.757229,-17.040524,-21.721214,-0.59813553
272.50986,2107.582,1754.5892,-6059.1484,212.26651,206.77628,420.53412,-37.037422,0.0,-51.12768,91.09867,236.45143,48.91079,-9.105219,388.81567,96.78303,13.929439,-1.9974065,819.9409,15158.309,121.25589,-996.2321,91216.02,1240.1952,838.9816,4379.6104,325.29773,19735.42,32318.277,0.0,-130.97157,-8.651477,-138.22733,-56.87622,-470.73596,-177.07248,-204.64441,1.2762887,194.5034,-23.544065,-2.1267002
238.73106,3178.524,3391.196,-4927.407,216.79681,282.83093,618.4449,-30.916916,0.0,-880.4899,-38.307957,-62.038963,-31.867525,124.035904,523.29236,91.51142,41.46601,34.220776,1429.2552,24662.562,1506.792,-58.81786,113153.44,3587.203,320.45972,8275.184,537.72595,27801.78,39308.453,0.0,-43.114647,-8.4802885,19.547398,-27.86847,763.8031,-73.187744,305.7761,1.4159393,214.75793,-26.896145,-2.1267002
34.520344,-272.823,626.32544,641.20966,4.840411,345.4814,228.6804,-11.4748745,0.0,-2796.1602,0.98607516,17.090096,-0.5737082,388.8369,-2880.272,-4.5144625,-323.04074,-36.257664,1284.6676,-21266.035,248.48904,-364.4249,24980.133,-241.27083,130.05301,-2065.697,229.27022,-2515.8606,-1385.899,0.0,57.75641,-0.08759248,-27.523058,87.79853,-390.58408,-11.2723465,-177.35086,-94.46218,-26.008263,-4.8872447,2.3576992
-4.2982945,-818.5767,-2026.7267,217.22119,23.206354,-639.5981,-1457.8837,-12.050343,0.0,-545.48035,-59.79037,78.5777,-0.716673,-29.867382,260.11346,1.0328503,10.082967,-84.5008,1424.3864,-3638.1099,-178.36191,-44.64395,-11859.063,-64.58452,173.51434,-2058.957,307.667,-74.05079,-72.9417,0.0,-94.09016,-0.8666832,-22.688353,-115.02676,-893.47095,-13.028172,-82.81882,8.469787,-20.534124,-19.565084,-0.59813553
9.48205,-175.47308,459.79657,544.22034,-0.69526,273.93317,147.01123,-11.453609,0.0,90.67074,-32.83557,132.00194,-0.70038366,-120.24658,366.72006,0.13951153,11.796816,-233.98389,1257.366,-4635.4165,-163.10712,-79.95429,-12369.837,-144.93237,234.62659,-1618.7655,79.36548,-356.52408,676.5993,0.0,72.685974,-0.8666832,-22.585379,208.10776,-472.56696,-12.839656,-44.62318,2.6740437,-28.100151,-4.950191,-0.9027102
115.3635,-271.023,538.7046,420.37045,-21.657108,458.78232,225.39862,81.04613,0.0,-623.5054,32.7541,412.71808,-0.92282414,-97.842834,293.10678,-2.89086,22.479574,-280.43747,2381.0742,2481.634,913.9673,231.37758,-2034.4813,621.7334,806.72595,3780.0208,-931.61694,13679.026,15329.151,0.0,59.346027,-5.8443623,-6.9562836,542.91266,481.01868,-70.66432,59.403942,1.6606331,6.4397044,-4.008689,-0.9027102
5.4600124,2598.3174,2017.5206,-347.26395,1.3230138,308.91818,124.19014,-12.390364,0.0,-446.92862,5.054761,-327.85315,1.7093849,66.29179,496.52878,-10.571582,-23.672659,336.96426,536.2421,-7639.6484,-354.3575,-36.207237,-15273.291,-705.8805,253.07573,-1269.5964,65.4479,-9166.035,-10963.46,0.0,119.439125,-8.965463,-6.487648,-121.745964,-515.95844,-11.230974,-104.85097,2.0591662,42.86426,90.256386,5.554518
16.089415,-256.17734,424.7461,428.10162,-12.901212,269.48578,119.319046,-12.132781,0.0,30.202772,2.1880236,287.06967,2.427565,71.78144,348.22775,1.1290902,1.2644273,-144.48763,1394.3987,-10228.124,-276.72104,-207.24165,-20474.514,-1365.8839,147.81996,-1375.7756,112.03636,-15901.105,-14168.768,0.0,-78.80461,-1.2816889,-5.0379906,-102.70985,499.58658,-11.405976,153.03117,1.5469886,-25.539734,-4.091562,-0.9027102
-88.73847,2777.2104,2284.2861,724.85675,-2.215853,243.58913,211.09897,-15.395363,0.0,-755.4795,-38.125793,128.12277,-0.112072766,-97.719536,-1549.8306,-3.4798048,-141.1325,-184.33905,-251.68782,1443.767,95.434364,-171.29181,-4795.6787,99.97291,40.7424,-775.2467,233.29092,5497.245,6397.2534,0.0,60.196114,-61.16849,-25.621838,209.03288,-583.3867,-24.16642,-51.53181,5.295444,-46.931705,-4.6220274,1.590288
5.282712,2375.2703,2147.0728,-580.75696,227.46394,269.27634,144.3103,-28.449331,0.0,-195.54385,-89.99441,-50.442425,0.30849415,-115.852844,269.33118,4.376119,10.681833,-97.51141,154.1753,-3800.8374,-248.34784,20.929518,-14694.588,73.24673,233.76416,-947.32263,39.468525,-4837.771,-4123.156,0.0,-61.394276,-8.965463,-22.45188,-54.653378,-614.2487,-11.8899355,-102.50225,2.539096,66.05566,-10.528812,-2.1267002
17.614254,2722.546,1453.8351,-5353.1226,-12.517606,335.75735,240.97318,-21.610607,0.0,-1085.0303,-64.277054,286.4376,3.6705303,107.50279,557.7024,-12.326471,-75.55556,-52.45392,1497.1771,10499.422,654.1816,159.98863,39535.27,1192.534,455.7169,-422.18015,8.523795,12951.35,9326.263,0.0,-80.64673,-65.85067,-77.01585,-21.88888,565.2232,-43.278305,151.1142,1.4010057,-445.6027,-52.5105,2.90065
-24.693268,-773.49274,-1825.688,576.358,159.55467,-435.8994,-1361.6929,-13.01542,0.0,-1428.8429,6.5163445,188.56424,1.2420942,120.00178,397.58493,-6.103261,-30.976952,-240.15938,3043.2747,3786.0789,818.75116,-252.71933,20845.027,448.18466,367.01562,-747.2088,386.26395,7187.485,6921.8677,0.0,127.52529,-5.8443623,-1.532832,403.73892,1147.3198,-35.776783,57.957367,-17.600578,-28.88444,-7.104851,1.5622113
2.6620045,-134.80585,378.87183,449.95468,12.912765,269.30984,137.21631,-11.765795,0.0,-86.5273,2.3682847,164.59088,-1.4882054,-29.821117,-26.062134,0.48433405,1.8520318,-108.18946,927.14575,-12452.296,-549.832,-430.65424,-22481.182,-1653.1672,136.45085,-3285.5684,119.75045,-24750.033,-17637.111,0.0,-58.802258,-0.52102625,-5.2335935,-73.28303,-360.0039,-11.666889,-119.9469,3.1027102,-29.503347,-4.3701715,-0.9027102
1.5509752,2488.2295,1978.1832,-598.78827,222.97281,213.46349,147.69835,-17.9679,0.0,-344.0389,-78.59126,-35.279,0.04421115,-120.12569,295.5263,4.737646,9.957654,-87.33163,219.38318,-5765.4604,-334.49268,32.561123,-15941.608,-628.3106,71.04775,-1223.024,34.80373,-8988.816,-10795.778,0.0,-63.691376,-8.965463,-9.809584,-64.981636,-639.92126,-11.539218,-103.78398,1.8440232,74.418655,-10.406623,-2.1267002
-1.0492411,-374.06857,259.9235,621.41425,-61.020714,295.75745,111.53254,-13.260106,0.0,-1886.7198,-58.053207,157.46481,-0.85666764,75.54454,-1164.6237,-3.0099382,14.414873,-100.41689,1671.9689,-5879.98,-397.09787,-198.7012,-7286.982,-39.47225,184.93492,-873.14496,270.2863,-5329.202,-3716.7234,0.0,62.986988,1.3651179,-25.397345,233.44853,423.94458,-12.058231,120.42561,14.085243,73.53468,-3.423611,1.590288
0.3167634,2302.6035,1845.142,656.7979,-5.606209,222.93825,135.14893,-14.571797,0.0,273.06317,23.600767,285.4423,-0.42635036,37.30664,283.64615,-3.4771962,39.14622,-47.410942,344.31616,-7504.1143,-215.09792,-74.78154,-18547.848,-502.05997,300.27417,-960.2217,143.94672,-9920.629,-11215.629,0.0,68.549515,-8.825316,-6.387357,145.84274,-517.20264,-11.323871,-111.02481,1.4491571,41.310658,-4.933593,1.590288
22.155746,3234.9182,1799.67,-286.31937,11.205518,298.60303,102.262344,-30.154764,0.0,-1064.2393,-14.167447,-334.0279,-0.39644402,-23.18914,-1618.4045,5.2647448,19.905724,-68.343,904.4773,-4233.955,-477.499,-48.496475,-6490.751,82.58181,362.92126,-1502.7937,119.22357,-3080.9646,-3475.4324,0.0,-53.92832,-8.434527,-22.487204,-61.87073,602.4675,-12.342637,128.98798,4.810938,80.0854,-9.239682,-2.1267002
7.7923875,-791.57166,-1687.037,76.59671,94.748314,-748.7257,-675.9529,-15.774373,0.0,-1216.3575,22.297848,31.574478,-0.27444324,46.708588,-68.118416,0.46717125,4.0716085,-202.51244,1728.6909,-1835.4501,955.1482,-138.69946,-9098.822,253.67047,312.61523,422.31683,225.40453,3625.1907,4390.2993,0.0,103.03854,-2.7029204,-9.417078,351.64154,939.558,-13.424921,46.983406,8.620713,-15.539585,-6.916217,-0.59813553
53.70343,-616.7022,-2162.0554,223.65448,33.326653,-643.29706,-1639.4089,-12.102069,0.0,-813.53656,-60.193005,203.32196,2.0763135,61.54971,341.02786,0.7831909,11.620235,-95.15632,1433.4119,-4180.8994,835.53265,-75.57243,-10123.052,205.0117,228.69662,-94.27454,285.544,2765.5369,1957.9353,0.0,-93.68157,-2.748479,-23.151812,-147.56238,-943.0267,-13.591937,-79.69461,3.2806375,-28.201696,0.7083746,-0.59813553
-52.051056,2051.2173,1916.4193,-80.20857,272.444,195.22397,285.8554,-14.203,0.0,-289.68158,-80.72957,-108.61127,1.6412121,-57.348877,-1215.7313,27.445755,48.046535,-20.254759,1423.3257,5584.0757,979.35754,9.538206,22034.887,561.8319,527.7289,-1187.1886,-109.29128,11141.4375,7116.35,0.0,-51.088825,-63.009502,-38.07778,-127.624405,-609.41974,-30.808832,-74.11239,3.1657965,150.72447,-18.880743,-2.1267002
-25.528612,-745.96234,-2035.2863,286.6768,42.658173,-798.9228,-1117.5533,-12.522883,0.0,-94.61137,-57.425495,-901.1681,-0.7696501,-34.56324,-1469.2935,-3.1930456,25.983479,50.780815,1387.3038,-4793.6885,-83.09076,-82.993546,-12110.684,-84.9542,163.46846,-1735.6958,269.4309,-372.89014,-34.31815,0.0,-97.21606,1.7801236,-20.251284,-119.978874,-733.17316,-13.061964,-40.806427,6.09237,-21.136261,233.08435,1.5622113
-48.10009,-222.26576,513.0472,775.7531,-0.12723562,327.62112,232.15886,-11.605839,0.0,-1283.7788,11.777841,-162.73071,0.3125571,157.29784,555.21564,-4.0626535,31.626362,608.1715,2782.994,3617.783,854.46295,259.82538,24334.81,599.7957,167.81541,-603.1035,264.1958,10251.336,6620.8384,0.0,120.12313,-5.8302827,-5.948176,893.89136,579.0552,-22.623915,104.09448,2.6088982,61.23336,-3.8157427,1.590288
11.776088,2344.3782,1596.7407,503.68726,16.031816,237.38129,134.80309,-14.943941,0.0,-28.577616,-11.61786,-94.22268,-0.5826342,15.966238,-1399.8597,0.7546137,5.484166,-161.41763,343.67932,-8736.221,-695.7266,-145.32991,-17370.861,-1099.5822,371.1819,-1547.1046,150.78215,-12861.86,-12233.072,0.0,55.41875,-6.17851,-5.431056,134.04474,-489.65503,-11.380247,-101.244804,4.7830396,-17.28548,-6.0581756,-0.9027102
-31.719336,-219.75368,592.29456,224.48907,1.1975665,537.54645,233.40526,-13.353649,0.0,-352.76242,12.188132,-890.4012,-1.4403098,127.14539,605.6824,-14.9308605,19.99248,-45.82849,1345.5458,8657.012,819.04614,-776.21954,30879.326,976.7026,239.50111,4522.9395,-1472.4663,16109.793,11070.493,0.0,-44.782665,-1.5604216,17.261248,-18.673407,-464.65955,-42.171524,-112.04799,2.016725,-14.987869,-5.027858,-0.9027102
-2.4082417,-200.95483,442.90826,433.3537,-64.17657,348.00174,95.03547,-11.856581,0.0,-282.23322,0.027353972,83.37301,2.5500746,95.297455,479.13712,-2.5870044,-32.82286,521.81744,1360.8457,-5997.578,-134.82974,-54.303516,-16239.307,-195.87169,88.10129,87.65265,197.70517,-7435.9565,-6638.459,0.0,132.24869,-1.2816889,-5.6107616,384.86588,443.05215,-11.434784,164.74182,1.7538451,-28.742403,35.97566,2.3576992
10.211202,-185.71967,487.99796,496.71695,6.873019,346.99228,137.75502,-10.204794,0.0,138.68323,31.74394,-579.3585,-1.7725766,-131.63495,-93.45797,-2.6758347,9.652671,-99.174576,1077.7079,-6654.494,-27.872623,-34.061794,-17225.572,-212.77989,108.1804,546.33167,168.36649,-8602.853,-9622.376,0.0,-52.51263,-0.40611887,-5.699104,-72.651146,-338.1679,-11.419279,-110.92186,2.415924,-36.1761,-4.903242,-0.9027102
-0.24002327,2434.6987,1286.6593,-597.85754,203.29805,225.54692,134.07233,-12.396452,0.0,-261.9132,2.2234023,-88.91514,-0.9750045,-19.763466,520.20557,112.531975,37.15742,-32.393642,381.77502,-11325.701,-652.3121,-508.28406,-19784.604,-1620.515,315.4556,-3003.7566,188.43355,-22180.072,-16885.494,0.0,-82.54371,-9.006445,-5.552178,-67.5709,-690.6916,-13.531232,-116.78997,2.7900608,-192.24626,-9.390371,2.90065
-16.134941,-226.8493,721.9583,505.66653,6.2386017,351.45828,212.11949,-11.708298,0.0,-193.60776,-33.054916,93.365234,1.8714089,88.2833,330.68634,-0.41320744,13.242494,-243.76797,1319.5371,-3340.1365,800.8751,-20.65648,-11962.584,319.32428,205.5634,516.60504,230.89566,3481.1572,2063.862,0.0,77.06388,-2.734399,-21.412218,310.3445,-465.46375,-13.412134,-100.82535,2.8687966,-29.855644,-4.4816637,-0.9027102
70.131424,-226.84444,607.8495,560.5959,40.459396,390.38593,239.44337,-10.931795,0.0,-471.03387,10.49801,76.049805,-1.2693526,-59.064438,231.93561,0.5665947,11.837236,-97.845955,1463.4323,-972.2198,1210.3029,280.82404,-5062.5127,713.1194,197.6177,922.58344,304.6491,6738.6323,8942.685,0.0,-61.831482,-3.296193,-6.191189,-171.56221,-514.6597,-27.245176,-69.58781,1.8656588,-18.780577,-5.3641224,-0.9027102
-40.707386,-2685.913,-1790.2987,170.219,76.49367,-1098.482,-1693.5735,-60.58374,0.0,-634.47766,-110.324165,746.64764,28.03238,23.415842,204.69711,4.96522,21.438915,-136.41823,2613.45,12122.481,626.333,-1064.6198,46139.266,2045.8417,123.41472,2129.49,-1623.0876,19361.807,15672.68,0.0,73.4984,-0.36761153,17.52195,361.66345,662.50476,-52.594444,142.6901,2.2393374,-24.677998,-6.711502,-0.59813553
39.168285,2344.9434,2401.5925,-4491.406,244.6477,370.1836,140.14908,-29.35928,0.0,788.34796,-26.310589,193.39105,-0.13919765,32.925354,-982.4855,-1.9106841,23.681099,-92.43047,-9.326073,-3338.8394,-497.77533,-91.20227,-16579.03,66.886375,216.53078,-1891.2533,2.4751654,1420.2499,565.86475,0.0,-74.16248,-8.019522,-45.981846,-40.71961,-824.6419,-12.472548,-215.46109,4.378512,51.45317,-44.20076,-2.1267002
40.844456,-277.22858,376.2807,549.2395,8.932916,276.49774,134.80484,-14.629124,0.0,-152.0313,31.709986,618.97205,-1.8279817,1.6661755,-970.34717,0.10564417,6.094923,-127.426254,1051.3668,-7259.1226,-62.86883,-94.84242,-17464.787,-656.33405,218.16914,-253.05753,52.872017,-9371.604,-11027.911,0.0,54.0358,1.7801236,-6.2363334,169.66455,-382.22382,-11.443497,-41.731,3.4862437,-31.45765,-3.6135795,-0.9027102
123.99527,-299.06314,566.41583,227.06424,0.3408726,437.28656,235.60226,-14.10611,0.0,-367.35263,9.239467,255.77202,-1.6276264,106.76606,429.1799,-2.4922953,28.410042,-244.088,2360.7698,4937.178,813.65845,-449.114,23224.258,731.5767,443.7734,-12.593484,-1869.8326,11664.054,8486.085,0.0,57.031296,-3.5306513,2.3948765,501.02853,466.4985,-39.93579,59.58312,1.5348747,-23.41002,-3.9477296,-0.9027102
36.37223,-274.7522,471.10168,562.74506,-11.3609705,330.42767,155.45981,-11.501408,0.0,-2325.5283,3.086886,-306.52554,-1.0100851,-41.562057,-1911.8892,2.6606913,165.72774,-27.492054,1652.0947,-9564.525,511.77142,184.01187,21011.207,17.166573,207.9982,-2336.767,313.114,-2829.8882,-1066.2986,0.0,-57.887455,-0.687554,-24.565168,-107.50764,429.25522,-24.226463,113.0218,5.0279684,-26.475069,-3.4464133,-0.9027102
-37.119423,3176.5435,2108.6675,-4291.171,91.254776,250.35895,172.1239,-14.064913,0.0,-581.83844,-38.628754,87.497406,3.6366088,81.968056,401.37137,0.62609327,23.457903,-79.19027,317.71777,3240.2202,740.3201,-162.98076,-5879.9634,328.3236,600.3837,-425.09283,141.81548,9229.53,7626.24,0.0,-96.91576,-66.31866,-60.15782,-74.425804,719.6899,-50.95743,145.80396,1.7291644,137.11127,-67.966354,-2.1267002
-1.3256567,-256.11935,471.55698,440.9412,-24.325285,337.8189,127.210594,-12.170004,0.0,12.48286,-0.14973924,-109.8269,3.052423,70.5935,403.4786,1.2585449,1.6940986,-152.73381,1277.7179,-8690.096,-80.7358,-93.90985,-19083.13,-777.7063,29.206078,-1675.5374,211.657,-11664.712,-12348.677,0.0,74.6084,-1.2816889,-2.850618,-127.52178,444.78683,-11.466673,157.49135,0.65229225,-35.575977,-3.8803887,-0.9027102
57.82326,2149.9941,2116.8174,705.6507,-47.850822,355.61218,259.3771,-50.41477,0.0,346.47092,-39.860317,-66.75643,-2.6873777,-434.15338,332.3878,-30.554794,-20.183798,33.102184,1164.3708,13585.472,693.4626,-696.0336,68763.42,1405.4413,418.0252,7972.1206,130.97499,21201.283,32787.164,0.0,-45.412746,-8.340142,-53.16701,-104.7336,555.313,-182.45259,154.56898,1.5224764,-322.81122,-5.0989285,1.590288
365.9585,-1524.9303,-1774.7177,314.10385,99.09294,-921.5278,-1673.9824,-70.03873,0.0,-1057.7678,35.433266,400.35718,-0.15068448,71.65262,469.25406,-11.460292,158.51584,369.92053,2668.0513,12909.051,687.8062,-1074.9719,46311.08,2175.0112,-17.173994,3162.7886,-960.26556,20562.402,16558.133,0.0,86.084465,-1.209032,-22.453642,411.93677,768.9136,-56.074562,193.285,2.3458745,83.32958,-3.9840872,1.1701571
51.63012,-199.54822,435.6897,425.86014,-14.16751,290.0799,110.49957,-13.87806,0.0,-167.92683,2.084857,475.27072,-1.3272291,36.439262,-594.1216,0.3628505,3.5990744,-89.34509,1262.6434,-12164.004,-471.28482,-274.02036,-21333.885,-1482.5679,221.05487,-2554.9731,68.80579,-22445.1,-17056.139,0.0,-50.54608,-0.32800817,-4.8193917,-92.975494,536.91815,-11.414689,126.88024,3.8267536,-30.567522,-3.6615677,-0.9027102
34.000816,-776.26465,-2136.0205,250.01115,60.394066,-578.12665,-1430.6135,-11.648444,0.0,-90.67179,-30.195322,-454.61972,1.3592725,77.228806,446.49496,-1.7219105,-39.294643,-217.65439,248.73578,-3676.6946,-27.67387,-153.87216,-13077.927,-105.08345,281.98563,-2605.3945,344.1399,1231.1432,-420.83078,0.0,97.75859,-0.8807629,-2.250464,248.8683,-825.1788,-13.334986,-54.61727,-69.12667,-22.7717,-19.387259,1.5622113
-15.632155,-634.2526,-1661.9303,248.26582,33.54535,-441.03683,-1406.5714,-11.821101,0.0,-190.2014,2.9024785,176.62358,3.0835156,60.274124,362.08078,-2.9872637,-16.950266,290.24698,1105.8422,-9091.052,-306.06277,-499.85413,-19664.172,-1412.6973,94.43405,-2270.548,237.19301,-16582.592,-14714.927,0.0,-153.65736,-0.98159057,-3.944279,-151.82404,-774.8917,-11.614589,-123.35074,2.6879935,70.73602,-13.321559,1.1701571
-24.708143,-193.21016,345.2024,348.60696,-29.610651,374.52432,103.68945,-10.985423,0.0,14.296918,3.4345572,-198.2402,4.4243264,72.22639,458.9089,-1.5579457,4.1743603,323.8642,1209.178,-10869.422,-455.30017,-183.48799,-21026.414,-1412.392,100.82769,-2592.6077,127.58468,-20062.986,-16154.93,0.0,-142.08829,-1.2816889,-3.1403835,-149.41647,576.33496,-11.644307,184.8208,2.399676,-34.690956,34.995296,2.3576992
-32.86632,-89.5429,506.78995,606.92004,-16.045008,390.42926,324.477,-39.462242,0.0,-202.40878,18.587645,548.95953,-2.2812188,138.885,482.98956,-9.126148,-62.789467,161.92442,1820.9604,12534.973,856.1577,-723.7749,38126.08,2023.3877,603.4934,5591.7407,-60.37722,19691.354,16865.549,0.0,47.10932,-0.13315308,-2.1643414,548.0092,-441.85474,-42.668777,-185.15761,2.5826507,-28.699331,-4.573342,1.590288
26.540558,-707.17896,-2159.6572,289.30215,105.7304,-838.238,-899.7699,-14.700052,0.0,-692.9743,21.2213,-656.1813,-2.2033868,38.984337,-1235.2672,-0.8057909,49.258343,205.05605,1871.8983,2221.9524,886.56177,-197.0832,-8298.485,269.9773,396.77432,2144.75,256.06952,7904.577,8638.162,0.0,-106.0281,-3.3684316,-7.2192674,-199.8994,1004.15924,-22.375105,68.28198,10.122017,29.82736,-4.0207396,1.1701571
32.6753,2736.7705,1730.5837,587.71783,17.141245,268.32358,252.25674,-11.842886,0.0,-975.6113,-77.45051,45.439064,1.7400019,1.0250359,477.40735,-4.797621,-58.90362,-90.1683,551.09644,4898.201,334.93396,80.80178,24275.18,593.8355,338.82693,-2017.4312,265.58466,3189.7517,4855.4087,0.0,-57.16016,-63.722763,-10.846447,-145.94667,-694.58826,-25.955576,-42.020718,2.552462,-50.36425,-5.282559,1.590288
-29.561039,-242.94725,448.34293,469.0361,32.77127,408.93744,226.99843,-12.646021,0.0,-774.0233,31.965155,194.24854,0.07978204,-62.248375,279.51788,1.3467433,17.29097,-79.49516,2431.4807,1533.4131,929.7337,399.19952,12894.307,474.1626,636.95245,488.02,254.1011,10988.8545,8462.43,0.0,-59.967644,-5.8443623,-7.179602,-254.35777,445.69623,-71.93423,61.475304,2.9426525,-6.569848,-4.3334613,-0.9027102
3.6339543,-905.2333,-1381.7186,513.77136,92.29605,-331.10794,-820.15485,-20.420815,0.0,-181.23187,-2.8310175,111.51685,2.0658796,65.40435,366.3356,0.9254803,-4.596319,-95.67078,1382.719,-7163.6807,-62.10371,-65.974434,-18770.09,-1489.2162,122.723915,-1607.9607,257.44836,-11205.36,-12402.396,0.0,-92.838356,-1.2816889,-5.456021,-140.90706,830.87225,-11.614589,159.44214,6.549007,-23.64682,-5.311734,-0.59813553
-20.715225,-565.8317,-1793.5112,-11.852175,56.78386,-1035.3323,-1359.894,-23.312832,0.0,-292.803,4.8423333,556.7287,3.0876446,-40.76855,-1166.3231,1.4680339,47.69575,-17.755922,2967.516,6770.482,703.0349,-548.05396,23419.855,663.0365,534.7092,411.4411,-2262.9402,13428.788,9263.983,0.0,-84.28516,-1.0688006,-30.992739,-170.59299,682.63416,-44.39368,51.707947,3.3493521,-32.49046,-6.849209,-0.59813553
-126.73258,2159.0063,2081.3992,-4839.3223,162.64163,195.53937,142.55708,-30.192366,0.0,-38.42232,-67.26276,270.83276,-0.705531,67.69097,374.54105,-5.0264106,32.022232,8.859153,-226.72809,-3902.4875,-459.82166,-72.02227,-12930.574,99.12529,628.8716,-2318.0571,213.96698,-1287.4368,-2782.9978,0.0,-119.43225,-8.979543,-86.795815,-65.12416,-606.48846,-15.191365,-125.72623,2.9070573,-281.4339,-61.303772,2.90065
2.9967496,-285.6395,387.47992,524.72296,-27.037457,316.39996,113.385315,-11.950156,0.0,-795.6412,0.7468822,272.76733,-0.55385506,-38.525295,354.40915,-3.153839,9.001103,391.67267,1502.1422,-6763.9404,-31.901232,64.417786,-14208.356,-154.31497,162.97499,-149.36229,-284.415,-7751.485,-6569.2866,0.0,133.22417,-1.2816889,14.070206,-141.67168,481.63416,-11.480141,46.58953,0.94564044,23.925047,-3.90257,1.590288
26.380156,-273.4084,441.6641,446.7712,14.544169,521.21124,161.2669,-11.061028,0.0,-870.9877,15.305848,-13.333616,0.9825832,88.13632,379.20114,-0.003658235,18.271927,-106.0322,1988.8597,-1338.5765,1191.8082,259.32574,-5195.6333,446.79724,392.91873,1178.5172,229.16148,6338.4478,7971.995,0.0,-65.01172,-5.8302827,-6.8503184,-205.6187,529.10455,-16.36886,66.297,2.288145,-24.796913,-4.1726465,-0.9027102
7.2486706,-635.7738,-2251.8523,336.28534,94.975365,-643.0657,-573.59076,-16.09699,0.0,-1125.093,18.560633,123.90701,-1.3132682,79.85343,362.50238,-2.5420313,9.171294,-3.6427426,2077.4778,-1026.3441,1005.8721,-29.008492,-5426.216,-69.580055,356.5534,239.22351,-181.68521,5376.129,6131.283,0.0,93.20282,-5.8443623,3.9762933,-280.12875,916.32684,-22.5134,64.295265,8.1866455,-34.907425,71.12522,1.5622113
-49.77364,-878.99,-1765.2369,484.2381,72.71622,-448.68393,-707.23474,-14.720109,0.0,-1005.72375,-57.5124,-198.4212,-0.716673,19.726536,357.26877,0.9926385,-2.8302007,-90.29903,1891.8816,-2928.3518,894.1859,82.97422,-9672.349,246.01367,320.63663,71.01764,370.57617,3524.724,3687.1487,0.0,-129.60632,-3.1494048,-5.892312,-127.961845,969.81866,-13.673395,116.00953,2.3217814,-20.689499,-6.014003,-0.59813553
-5.4905353,-274.94464,590.3774,526.4271,25.147617,305.5263,218.91522,-10.381086,0.0,-655.49554,22.397999,92.07902,-0.70038366,-40.84075,193.95605,0.9460698,13.383442,-105.90204,1407.646,-3362.545,888.71326,8.338362,-9101.087,350.17953,275.99655,911.65765,71.08499,3420.987,4331.353,0.0,-70.50078,-2.734399,-23.351753,-121.8809,-317.47302,-13.644239,-45.55081,2.861082,-27.235653,-4.6261773,-0.9027102
63.098347,-271.52216,511.94858,524.1422,62.343025,354.9055,260.99374,-11.487256,0.0,-1116.325,29.335749,155.06137,-1.5610592,-33.632805,300.13126,1.5503533,20.334373,-114.58265,2132.9253,-210.37373,1082.7128,324.39072,12413.268,724.0055,230.88126,-731.9982,217.72937,4622.8906,9113.38,0.0,65.4816,-3.296193,3.7490602,-191.96527,-547.9326,-51.505833,-64.553085,1.7358478,-7.79258,-4.3633637,-0.9027102
1.5168232,-606.921,-1678.9834,386.05817,45.972843,-438.4473,-1367.5363,-16.829165,0.0,-600.7601,-0.30499122,82.87389,-0.39941302,34.461426,169.80829,0.8234026,8.6436405,-84.030106,1483.4216,-5072.26,7.5986676,-136.75175,-14159.569,-380.52396,187.54114,-132.63594,244.97319,-6330.4043,-8779.28,0.0,-76.3435,-1.0068295,-8.258524,-131.0067,-722.5006,-11.061401,-104.93372,7.4706626,-21.984442,-13.342955,-0.59813553
26.194548,-221.28226,505.54947,514.2487,14.672383,242.93758,171.78915,-11.624047,0.0,167.79782,0.15101317,-95.78825,-2.0898366,42.863186,269.99652,0.6654854,3.1626453,-108.72001,1011.847,-8948.741,-99.9874,-198.62819,-18876.898,-701.9825,99.91905,-1539.7227,204.59654,-11680.987,-12273.308,0.0,-64.46808,-0.8666832,-5.201354,-91.76812,-330.4014,-11.673939,-105.18026,1.0784986,-33.430096,-5.1202717,-0.9027102
-25.322943,-278.8387,297.38046,564.6268,-17.586248,384.30493,123.274086,-12.445689,0.0,-1588.5953,-155.81587,816.75854,-0.5923847,-14.129728,-1229.3926,-4.657139,3.6173606,268.429,1690.1486,-6052.527,-294.73303,-43.597523,-7933.275,-185.5976,182.67238,-464.89236,248.43327,-7658.5195,-6711.8315,0.0,91.86193,1.7801236,-7.4042134,248.07797,-438.6625,-11.723968,-93.90092,14.150385,-28.567726,38.976696,2.3576992
26.890898,-290.21103,477.39795,503.5369,5.806157,404.5573,190.58278,-11.913345,0.0,-1260.7052,29.769289,260.6551,3.9115148,125.02093,379.8217,-5.0737686,-73.0267,-311.59418,2515.5186,2391.7883,1032.3312,73.97812,12314.811,625.9968,311.6677,179.7778,298.10828,6058.9077,9170.914,0.0,67.5375,-5.8302827,-2.4236164,388.6084,505.45712,-60.1909,60.603386,-13.436815,-18.396702,-4.4275413,2.3576992
1.8942493,-230.06076,486.22046,505.7311,12.010003,294.0799,170.94237,-12.675645,0.0,159.84782,-0.14964983,119.78906,2.5500746,72.0639,363.64734,0.81984997,3.0906906,-110.52888,1006.84314,-8584.257,-119.41621,-221.12212,-19650.406,-1440.9216,22.346577,-1819.5452,202.74593,-11708.211,-12476.569,0.0,-80.52815,-0.8666832,-4.797098,-97.90582,-373.40778,-11.405976,-105.37264,1.2423005,-28.762539,-4.739962,-0.9027102
-9.445111,-774.69684,-1932.2751,432.07883,101.40619,-467.5014,-1327.3551,-11.431614,0.0,-426.6428,-55.39647,-111.2619,-0.51878476,3.209659,341.11398,-4.28756,-40.93544,-39.349674,185.93526,-3803.2222,-77.31179,-133.71039,-11866.071,-96.53004,267.17444,-2333.654,299.7399,-1803.3,-706.4944,0.0,97.86241,-0.8807629,-7.293238,278.7121,-685.92676,-12.859492,-62.51917,7.999855,50.301666,-13.20142,1.1701571
9.303522,-498.27222,458.4823,-35.719894,39.964294,795.44696,153.42453,-7.895751,0.0,-695.0191,36.50385,-225.02838,-0.28643146,-15.873707,-475.99448,-1.8587677,92.21128,293.58453,2155.5066,-3090.145,994.1005,200.55264,-968.8429,413.08505,748.5134,2188.5356,-4264.899,7682.763,13280.476,0.0,-103.24635,-3.084167,-17.449766,-326.52423,308.34943,-51.459885,69.38228,2.9132185,212.19258,-3.5052311,1.590288
-4.1368213,-805.7723,-1364.0493,471.1841,179.39792,-394.6537,-689.8257,-16.29226,0.0,-11.003509,30.112368,106.82864,-0.88991594,-76.833115,301.0127,-5.2930946,30.805285,470.39435,1392.4465,-7301.3228,-67.88443,-76.319885,-18768.422,-796.3034,66.84273,-386.72818,-9.28907,-9185.664,-10990.757,0.0,170.43597,-1.2957685,-10.110863,347.98947,927.34216,-11.281987,56.410572,6.755863,48.75428,-6.23008,1.1701571
3.348367,-305.59317,468.5345,267.19806,-33.247684,424.8371,104.54513,-10.739778,0.0,-216.8283,-6.0295563,-489.382,2.7280245,74.989494,483.41458,-2.0638065,-37.87122,-129.8482,1603.9224,-5354.184,-190.74051,-21.98408,-14806.273,269.1529,203.40413,-1866.5496,-44.761196,-3244.6665,-947.46875,0.0,-69.53849,-1.2816889,-21.946333,-109.96018,555.2977,-11.951761,54.44576,2.286544,-31.832441,35.325974,2.3576992
26.430574,3527.738,1874.8029,602.3892,35.609577,358.34485,257.52725,-10.925764,0.0,-664.30133,41.909096,-177.22836,1.89508,-3.618041,575.13025,-2.952552,4.891798,351.40967,674.6856,4372.1816,1069.7893,199.19904,13649.945,723.335,335.93628,-1382.772,289.4823,5137.7803,6991.476,0.0,101.86474,-63.64442,7.485279,-195.89462,-663.40594,-44.61313,-44.810684,3.1150632,-49.12041,-6.6772523,1.590288
27.397745,-649.3507,-2403.3164,147.14175,41.341393,-702.116,-1579.7283,-12.145286,0.0,-897.43555,15.460565,160.00642,-0.27444324,16.365631,299.96542,0.73473185,24.861652,-87.39935,1800.1168,-1712.7874,1023.8027,-65.01347,-5934.311,101.98313,447.2129,228.85956,227.18896,5122.397,6133.3354,0.0,-86.96616,-3.3102727,-10.68518,-152.96121,-909.54156,-15.483124,-63.548504,3.3569863,-38.44677,-22.445496,-0.59813553
27.79046,-281.75882,358.68665,598.4702,7.808947,333.07507,148.91096,-12.089429,0.0,-230.71298,3.1476786,153.4825,-1.1179681,35.828938,257.35297,-2.624848,-2.4171085,305.76166,1012.0594,-7786.6436,6.530515,-12.549451,-17364.418,-550.69434,114.8553,-293.6556,160.49274,-9230.988,-11058.106,0.0,-97.23518,-0.8666832,-8.79543,-155.95488,-367.26117,-11.414689,-108.1367,2.0867014,65.49736,-4.6312733,1.590288
106.97999,-700.1156,-1999.7428,618.28815,73.4377,-397.98975,-2037.2786,-15.527368,0.0,-603.2862,4.017898,445.7045,1.0128435,153.67879,509.46948,-3.9857721,71.92593,525.6746,2747.3586,6437.5513,793.8908,-30.214975,24783.117,979.84985,785.1588,-308.78336,355.261,13892.118,9073.048,0.0,88.98867,-3.3102727,-16.76084,823.6687,-967.7086,-35.509876,-72.362564,-17.877232,-30.118727,-22.335108,1.5622113
29.154654,2116.6418,2028.7786,-651.02234,216.36069,264.58487,144.4396,-13.914481,0.0,-674.22504,-77.92876,-81.21142,-0.042271852,32.37887,209.80945,-26.461187,9.35536,-99.921844,-106.28465,-5251.6787,-354.94855,-88.46344,-13714.044,-398.6777,-90.46635,-604.6874,72.0357,-6794.4844,-8835.083,0.0,-61.447968,-8.979543,-12.97064,-67.63186,-680.86804,-13.1289,-119.726326,2.3752942,76.229774,-10.443007,-2.1267002
-32.85005,-787.3137,-1235.7216,462.2332,171.37755,-436.949,-615.43396,-16.908417,0.0,-1078.4727,0.089405745,101.201065,1.7848678,84.124985,467.391,-2.5807395,-7.6672945,54.13475,1780.8127,-4949.97,-103.69941,3.9518719,-13334.549,-212.6001,231.72157,-291.93353,297.73813,-5801.0205,-6210.26,0.0,116.20678,-1.2957685,-9.7735195,389.1211,824.33466,-11.4459095,164.64061,2.0979853,-20.375761,62.640495,1.5622113
-5.5364895,2404.8557,1798.8835,-4564.6274,-17.285238,272.18637,81.11089,-28.119534,0.0,-746.9598,-2.4202735,154.3137,0.00096821785,81.496704,466.3557,-2.5772624,-27.30213,90.495255,525.4728,-5166.4937,-493.60318,-173.71252,-14254.515,-147.26262,96.05503,-287.9032,508.4538,-7048.1016,-6071.64,0.0,118.31259,-9.380468,-53.788757,181.68454,902.57697,-13.709687,203.97539,1.7621318,-194.73581,-69.29535,2.90065
36.635998,-765.21704,-1758.044,194.06134,39.34252,-480.8959,-1411.8588,-16.506855,0.0,-9.547165,32.662884,-101.62366,-1.771927,-101.101555,333.09006,0.9441795,1.5234327,-80.21714,1178.6908,-7225.4585,33.736263,-74.59822,-17982.799,-651.3062,138.05972,-411.78317,156.81879,-9634.054,-11176.06,0.0,-101.58317,-0.8666832,-7.6285453,-106.53691,-743.0717,-11.696045,-107.11401,1.5864404,-18.44028,-5.6935477,-0.59813553
27.564594,2602.6938,2148.7815,763.41345,1.5984092,283.03064,190.85616,-14.489791,0.0,433.03012,-80.53739,-160.16078,-0.5574201,-51.70204,-1021.9478,-3.5841634,-166.05144,136.70447,-372.47412,-571.7979,-280.8098,-100.86624,-12359.531,171.60757,437.4168,-1295.6776,216.46178,3383.9285,1398.3859,0.0,-112.11052,-60.42174,-24.0228,-141.4487,-589.86536,-15.227523,-74.94277,3.588529,9.209746,-5.018471,1.590288
-8.846635,-859.61285,-1706.5593,205.70172,25.393948,-469.92337,-1388.6647,-11.428969,0.0,78.81788,0.81107914,-237.46548,-0.5701444,-14.668727,181.75111,-1.1537473,2.1878138,-120.73663,1217.3413,-8661.847,-129.54985,-467.09518,-19866.975,-1533.3015,123.65943,-1526.8214,131.36133,-12880.03,-12654.908,0.0,146.77007,-0.98159057,-5.5046053,-76.449776,-791.10956,-11.722546,-70.18789,7.6069293,-24.663866,-20.5258,-0.59813553
32.956535,-1461.3142,-2381.8362,144.92091,116.58544,-811.2288,-1004.9183,-15.439193,0.0,-2138.259,-62.867935,333.91333,-0.57120746,1.0138521,-1720.0111,-5.2074237,-181.94334,-221.09448,2275.2617,-4901.7114,868.13324,-568.0555,22151.29,578.9263,377.42865,-1427.3557,-236.18323,2899.5889,5348.737,0.0,-87.504166,-3.3684316,-6.462097,-146.81473,920.9503,-15.633578,107.27073,5.333982,-23.22449,75.87167,1.5622113
-22.253351,-211.46556,493.0725,591.6705,10.352181,352.9075,207.99141,-13.733795,0.0,-836.1667,22.284346,470.30048,-0.5923847,1.7656484,-1166.678,0.10564417,37.826607,-137.26956,1472.362,-1763.8988,1047.826,41.10161,-7394.2725,413.73865,176.66748,880.9792,246.4624,5004.75,5184.6504,0.0,57.342678,-0.6493863,-7.097533,283.7249,-509.68442,-13.2163105,-60.956486,13.8201475,-54.65561,-5.3326797,-0.9027102
19.415907,2819.0935,2233.9028,-577.7386,332.02444,222.03938,241.14403,-13.043442,0.0,-815.03815,-150.43784,-84.77188,0.6095011,107.32997,420.2711,-29.262543,22.944338,-260.91766,256.69293,2423.6365,575.1995,172.70839,22798.848,928.51263,313.1537,-1638.196,103.925575,3151.8438,5240.828,0.0,67.87074,-63.784565,-7.085488,226.1717,-747.82275,-25.884954,-58.187523,2.4439368,110.85762,-19.097717,-2.1267002
-140.28484,2934.932,2163.275,-4964.5063,221.71945,231.09444,207.14551,-29.08998,0.0,-540.25946,-13.504291,-48.247665,-0.32446027,65.24535,464.70084,-4.786625,-40.6087,-125.88299,-11.303116,-2704.838,-844.3637,-148.5322,-10048.147,-104.58059,233.02907,-1924.4498,46.74215,2876.8887,1530.2262,0.0,76.83817,-8.965463,188.26471,-37.357014,-792.60803,-15.631398,-206.03879,-17.739168,56.030674,-35.230698,5.554518
9.442337,-545.4506,-2383.0,87.37404,43.633648,-799.37665,-1549.224,-14.444525,0.0,-765.26166,15.286412,407.2692,0.20259911,-158.88135,-659.65027,-3.649505,-99.34912,-59.286873,1665.148,-889.89923,1088.5778,16.596334,-5251.888,112.57701,533.68634,860.70264,-454.3612,6014.204,8827.583,0.0,-77.73383,-0.8343421,-9.886187,-154.08331,-908.5989,-19.047209,-55.580456,13.98822,102.25668,-21.909058,1.1701571
25.861689,-601.2493,-1746.144,90.467125,31.687235,-813.3898,-1823.9369,-19.448965,0.0,-802.3538,4.9556375,890.182,3.4550955,-45.249832,-1156.0742,-2.38312,40.935917,-43.64956,1670.554,7547.426,806.3054,-366.09625,31993.781,1073.8457,390.087,4140.665,-1953.8678,15325.969,10259.331,0.0,72.09605,-0.7547195,-35.50711,460.25406,-792.2622,-37.68446,-99.498795,2.8526871,-35.135525,-22.779516,-0.59813553
-67.175674,1764.9658,1584.406,-187.6075,244.93794,218.16306,119.00054,-13.510324,0.0,24.056454,-11.791069,281.18616,-0.1826052,-36.14451,125.06682,-32.72829,1.0086344,-126.811264,331.08258,-17777.305,-835.0514,-1436.5342,-27415.723,-3070.8027,209.11844,-4847.875,-6.230483,-30242.969,-20250.04,0.0,-59.264328,-9.006445,-4.015876,-82.97948,-713.8711,-11.539218,-119.60192,2.539096,56.668022,-10.019391,-2.1267002
11.506965,-288.31467,275.1713,676.3283,-3.3460329,318.78027,141.3191,-12.147237,0.0,-935.5828,-149.68013,-464.23926,-1.1554865,-134.59644,-1208.0148,-3.7261047,-41.22372,141.90778,1508.0646,-6592.535,-120.6321,-27.413332,-11150.231,-301.87415,176.62007,-493.46243,233.39214,-6687.9116,-7035.639,0.0,96.67672,1.7801236,26.276064,-134.45845,-328.92682,-12.311707,-99.972435,3.6356406,85.025635,-4.453833,1.590288
30.417557,-667.4464,-2627.042,155.72626,68.89816,-709.70807,-1924.3801,-12.378891,0.0,-757.3763,10.460914,176.3836,4.9396486,78.72449,302.76202,0.03466326,13.18526,-72.46593,1865.1345,-601.63495,1072.1405,-237.95753,-5299.61,466.61725,664.7288,884.27405,265.50684,6630.429,8755.708,0.0,-87.65223,-3.3102727,-7.953074,-198.22652,-977.7145,-21.596317,-60.20225,2.2672343,-29.045221,-22.333876,-0.59813553
1.3299122,-613.57587,-2704.4895,253.67569,68.468124,-587.91626,-1793.5555,-12.459522,0.0,-1224.3295,10.64388,165.07147,-0.58903044,-111.16037,-1282.3451,-3.7261047,-57.837284,19.892012,2001.2559,-788.6808,992.13275,-232.23412,-256.83218,169.91476,288.71936,416.5172,452.9445,4445.6753,6398.9487,0.0,-80.216286,-0.8343421,-8.814887,-194.68939,-952.12854,-28.622082,-68.78429,-46.3148,-20.30569,-15.064665,1.5622113
-5.077911,-236.26129,346.54526,442.5779,-35.248528,341.97614,104.83565,-11.56477,0.0,-367.18597,0.02287075,107.26665,2.5500746,80.18872,424.9696,-1.8252125,-7.3393464,309.95102,1633.405,-5799.6416,-53.417877,19.798836,-15440.452,-127.71601,102.21474,56.049995,182.25922,-7243.088,-6886.2993,0.0,-122.64763,-1.2816889,-5.5655317,-182.98749,448.18567,-11.610513,155.35905,2.3913894,-28.200659,35.742725,2.3576992
-35.54456,-174.67046,564.885,767.83044,46.916416,370.37244,258.07318,-13.576275,0.0,-1214.0116,-60.253853,-330.00287,-1.312031,81.16993,-998.164,-4.9082894,-142.26082,52.854935,2290.7275,1275.3333,926.78186,602.3474,21876.436,698.6333,269.77344,-874.98895,411.70505,6229.9116,6398.3145,0.0,-93.52553,-0.6493863,-5.688273,-292.9121,-447.22574,-27.82094,-70.91588,4.244543,42.340237,-4.836761,1.590288
25.505259,2776.6108,1705.0966,490.03735,15.671194,408.4184,222.84251,-16.862022,0.0,-580.0473,-82.49768,251.10551,-3.8094697,103.959625,390.59387,0.49170613,19.62557,-32.963127,423.48975,9385.409,951.91144,-683.5739,39360.855,575.5818,272.774,941.15405,463.07568,14797.292,9851.178,0.0,-49.24906,-64.85503,10.559778,-117.817444,548.2088,-38.906086,146.67198,2.6525197,21.985409,-12.5515785,-0.9027102
354.5356,-166.65906,329.49014,396.18628,-47.072464,371.30966,219.48706,-42.915,0.0,-746.35846,64.702736,516.07837,1.5476918,9.015885,-840.1181,23.45786,45.95132,-10.61785,2725.224,12171.15,1207.6423,-1049.2489,93154.766,2410.4094,205.5778,5234.888,-1986.6716,24119.533,35607.766,0.0,83.63392,13.763033,-52.35331,-109.92391,383.61963,-131.92938,153.248,2.8780582,27.455515,-3.271895,-0.9027102
4.739129,-110.91034,772.8762,626.40564,41.293983,337.93823,317.93896,-12.940031,0.0,-216.93541,7.9814157,-196.9613,-0.0039007068,50.256325,-6.7019444,1.269566,11.104988,-27.82189,2282.154,5031.9243,799.4843,355.77863,23457.523,883.4958,113.20248,-598.1583,435.83322,12522.625,8593.018,0.0,-53.182392,-2.8356285,-2.6432986,-293.26385,-478.2823,-33.858982,-72.14735,2.2670128,-15.676941,-5.1174145,-0.9027102
1.6167501,-189.04436,462.50198,592.2691,-49.685154,345.51685,107.7419,-11.676851,0.0,-87.89592,30.230822,133.98555,2.5500746,92.96487,426.5893,-1.7208538,8.572214,541.0672,1314.6733,-7141.2056,-78.255714,-95.95695,-17886.29,-252.90747,63.33941,17.42756,196.16829,-8998.205,-10751.88,0.0,137.5818,-1.2816889,-6.3360257,372.8276,462.70663,-11.434784,167.05884,1.0587723,65.51308,-3.9538472,1.590288
-26.869743,-132.30006,403.19717,440.44046,16.325304,230.41362,148.54509,-12.693233,0.0,-18.30041,2.055018,-159.69249,-2.4102461,34.332455,-125.44999,0.47849616,2.39884,-110.747696,928.63855,-13880.729,-544.316,-455.1537,-24381.453,-1697.3512,140.5917,-3449.1187,118.66631,-25950.861,-18436.146,0.0,-49.940395,-0.52102625,-5.1976814,-100.75972,-346.22952,-11.673939,-120.52955,2.3371856,-30.606169,-3.3923147,-0.9027102
10.828794,-281.62592,659.1125,399.0458,-37.83384,402.8892,129.75261,-11.31846,0.0,-728.84314,-59.79146,88.99723,2.4379988,72.36356,411.7143,-2.8547049,-13.4274025,-13.696256,1359.0153,-4303.0625,161.4591,-219.98105,-10342.144,259.64163,257.5901,-51.40071,207.30597,2777.0393,2106.2717,0.0,-74.61192,-3.1494048,-21.085949,-171.17754,426.74402,-13.587863,104.7628,3.0736322,0.06468499,29.543837,2.3576992
6.21748,-244.71721,370.48428,590.999,-0.46729967,272.48077,149.76875,-10.859453,0.0,-86.410126,0.81111646,313.6162,-1.1709452,-127.91346,282.55347,-2.531352,38.85148,-50.409176,1065.5593,-8315.431,-213.86342,-154.32324,-18919.645,-1408.7794,57.389137,-1847.0997,77.49949,-11710.536,-12315.623,0.0,71.471,-0.8666832,-5.588701,209.25636,-428.46017,-11.277911,-94.80758,2.0508797,81.22763,-5.0691595,1.590288
46.662777,-266.27875,510.90894,452.3056,-4.1617413,429.11517,190.73593,-11.833342,0.0,-818.3191,29.769289,176.8048,3.9115148,135.91759,383.352,-4.3365316,63.237232,84.26416,2197.5188,1805.8383,1058.3176,126.31212,-3217.7595,591.25836,681.87305,2624.2832,266.62537,11370.549,14400.918,0.0,67.6428,-5.8302827,-1.452754,583.03656,501.09903,-66.19417,62.40991,-19.89917,-23.588047,-4.4275413,2.3576992
-15.457445,-227.4536,345.19855,444.7118,8.957101,337.30307,146.00548,-11.569475,0.0,-212.7367,3.2363641,-328.93906,5.1134257,62.77645,477.11664,-1.1773815,-31.498125,-100.10175,796.60645,-10183.603,-584.0834,-232.15996,-18162.064,-1276.3031,42.984486,-2512.6506,-285.93353,-18713.799,-15233.263,0.0,-62.350143,-0.8666832,-3.3233352,-74.83986,-407.62027,-11.644307,-51.70535,-19.320911,-31.50007,-4.077065,2.3576992
8.75655,2429.6304,1864.0756,479.75418,-29.196085,326.03992,90.42706,-13.471849,0.0,130.32025,-79.29878,-156.17087,0.45316398,90.38217,451.16666,-3.4771962,7.210313,-12.997495,167.63622,-5654.662,-178.7833,-126.736946,-17606.99,-45.68981,290.7452,511.88052,92.077896,-7538.8193,-9252.942,0.0,76.645226,-9.240322,-5.9331393,250.93042,629.6358,-11.330922,159.68326,1.5900433,-20.471052,46.44202,2.3576992
-43.3782,2402.4192,1874.5343,70.74893,1.8000515,274.66086,190.6658,-16.014585,0.0,-125.459145,-5.845708,-454.75012,2.9930315,109.87511,-1675.9155,131.51306,29.867594,335.73856,1378.9579,6582.516,960.7306,267.8857,25382.22,832.83484,559.11285,-869.7677,106.54713,13933.098,8893.422,0.0,57.276745,-65.54359,-34.352882,184.39969,602.00354,-37.63311,103.01743,4.692287,-320.61298,-10.262614,2.90065
-571.0195,2493.7263,1872.5544,72.48264,85.613686,303.8257,148.08923,-29.49918,0.0,-233.2102,-31.850803,-60.289314,-0.042271852,37.06065,418.40872,-30.157516,10.496593,-114.118324,34.70433,-3429.5322,-306.29102,68.29054,-12190.932,112.87307,774.3844,-1662.7024,-58.070576,-3141.6614,-4150.2876,0.0,-57.730095,-8.979543,-14.107355,-37.405266,-398.23175,-13.654073,-109.806366,2.6694536,64.17256,-10.194058,-2.1267002
-0.5429994,-744.80994,-2247.615,545.5064,41.911316,-466.3556,-1531.2113,-11.927072,0.0,-1308.6436,-115.124725,206.17458,0.04281676,-74.58211,268.3902,-0.050829485,18.670248,-205.55197,1611.0499,-3792.2957,347.65533,-59.62083,-4766.4634,-317.7612,257.10672,-999.47363,18.177074,2468.384,2075.8704,0.0,103.50904,-0.8807629,-23.085205,240.5639,-1062.9045,-21.567047,-27.483532,2.858847,-37.6477,-20.1345,-0.59813553
28.016966,-753.9754,-2030.8555,243.87016,42.627266,-713.02057,-1584.2913,-11.551919,0.0,-737.2963,-57.5124,-427.8497,-0.716673,-115.73358,301.5399,-2.7929473,10.011984,-89.463646,1346.804,-4302.142,403.92853,-79.98125,-10438.769,-75.542595,202.7623,-1870.6744,297.51276,1210.7772,1224.3308,0.0,-105.36616,-0.8666832,-20.619822,-82.268555,-981.2048,-13.596527,-81.973724,8.073404,-21.977129,-14.022356,-0.59813553
6.785787,-1040.4062,-1689.9052,97.37386,94.83714,-1056.8005,-365.2281,-15.062215,0.0,-917.9986,25.648495,-268.04825,-0.3112931,-70.5188,544.91376,0.905858,20.335197,-88.55278,1657.2278,-3126.6711,856.2847,184.1819,-7873.561,203.40283,254.0907,1106.0177,-1152.2087,3787.2063,4528.856,0.0,-122.88332,-2.8162963,-7.830561,-133.2924,982.0925,-13.673395,42.450016,2.2086496,-17.915936,-6.848315,-0.59813553
4.3710675,-348.5211,236.50285,366.45062,-16.86631,404.81464,99.578316,-11.405425,0.0,-823.2567,-30.81117,-298.00357,2.7280245,71.759125,514.1148,-3.1293871,10.169881,-122.168015,1707.1915,-5754.584,-220.9306,-12.479509,-11967.848,71.76858,173.70673,-618.9799,-96.7603,-5780.653,-4427.1187,0.0,-67.81457,-1.2816889,-22.691265,-69.84296,496.77722,-12.144023,48.020107,2.1665711,-32.606556,-3.8665295,-0.9027102
23.449472,-800.91656,-1339.0862,207.30957,204.10234,-630.84033,-651.00415,-12.377395,0.0,-765.2434,-6.7260695,251.01764,0.49208707,74.177704,417.00827,-2.5807395,61.19517,517.82544,1615.9945,-5043.1167,-159.75334,-52.640076,-14559.414,-178.20392,50.466373,-283.21115,90.02314,-5616.723,-5067.1826,0.0,174.74425,-1.2816889,-8.770102,413.93756,959.3296,-11.43886,60.405685,2.261787,47.260483,-6.382235,1.1701571
-75.1128,-225.51823,468.18665,474.32712,7.1288066,227.5347,147.13077,123.20386,0.0,-6.2788634,2.062869,409.08865,-1.2669764,28.2555,-829.1066,2.024822,7.1318846,-85.18296,1201.2069,-9807.951,-332.05264,-116.65409,-18462.572,-1294.7458,272.4105,-1531.0745,36.6093,-16553.49,-13947.489,0.0,-65.629654,1.7801236,-5.0291095,-105.44211,-375.06216,-11.737912,-36.01532,4.2171383,-25.61975,-3.9431305,-0.9027102
-22.48381,-623.6924,-1657.4811,324.93613,7.073848,-378.47452,-1305.9141,-12.132698,0.0,-88.2998,2.0197802,-151.0582,-0.38188788,45.179665,122.52671,-0.1642484,-0.7563853,-95.231575,1082.501,-12203.622,-501.60678,-586.6148,-23373.492,-2047.5715,88.81923,-3438.5837,136.90486,-24833.842,-17770.14,0.0,-72.6032,-1.0478115,-2.966095,-136.20134,-668.32434,-11.061401,-106.76212,7.6344643,-53.290283,-13.245299,-0.59813553
-49.78004,1933.8768,1442.979,-515.47675,236.62712,180.61253,129.70558,-14.488139,0.0,142.21538,-12.207502,-199.93266,-1.6656511,26.265276,-107.03146,3.587952,1.7989825,-101.93941,173.52095,-12907.108,-686.0299,-458.52686,-23870.736,-1881.8861,253.7825,-3445.7075,-26.491749,-25192.547,-18152.396,0.0,-51.370327,-8.545881,-5.0781865,-74.17601,-583.252,-11.55498,-118.970024,2.9389083,54.09486,-8.968276,-2.1267002
72.47214,-248.80481,617.70905,526.83374,15.287709,470.98105,148.3252,-10.987635,0.0,-770.25745,20.476198,-150.31775,5.9340334,81.95393,436.19165,-3.3206732,-10.823038,-68.430954,1813.7262,-1589.202,1205.9009,105.50727,-4542.127,731.87103,210.06178,898.6488,-335.35843,7062.3423,9740.071,0.0,-62.68317,-5.8443623,-10.366431,-184.51062,483.0724,-27.25533,63.685753,1.8587545,35.162373,-3.6762304,1.590288
-13.732762,2784.4587,1917.2108,530.60254,11.342646,340.48502,121.060394,-13.90202,0.0,-1159.2809,-131.42369,8.83994,0.36916578,78.53312,374.94235,-0.068399,11.079617,-270.3222,-193.59348,-2257.9001,-442.266,-75.76778,-4546.865,-103.61656,222.0314,-1601.4194,121.326164,3712.933,2950.871,0.0,75.990845,-63.48355,-20.223856,150.08406,614.83636,-14.873672,55.485073,2.7323022,-6.5455484,-4.9313674,-0.9027102
-47.96828,-220.6864,490.46133,236.23514,-46.136845,478.85156,270.904,-42.479282,0.0,-8.88295,14.819764,762.6026,0.84976935,61.405174,237.71484,2.9666085,21.396034,-117.03919,1767.6605,12727.731,743.23773,-835.8893,38032.74,1682.0568,-11.793254,5777.5034,-1228.2695,19261.385,16225.128,0.0,49.97229,-0.35353184,25.480492,389.70856,446.9867,-43.679054,176.57729,2.4937732,-2.570991,-3.7821562,-0.9027102
-40.774406,-338.1659,490.91437,437.06876,40.797325,445.58258,191.42131,-11.081593,0.0,-1236.8949,33.097702,195.46881,-1.1521082,-58.702465,480.55206,-4.9478316,-62.58917,228.9431,2570.127,1603.7617,1024.7855,104.238464,11921.668,679.2339,446.5138,293.48227,-248.19923,5227.7974,9449.362,0.0,-123.3285,-5.8302827,-3.8351812,-379.51932,443.6971,-51.500835,64.84947,-22.181988,-4.2490797,-4.367697,2.3576992
-2.007914,-406.1599,428.04886,670.063,23.513166,384.85382,156.3594,-10.921774,0.0,-2058.149,-111.015755,-351.98932,1.7413576,288.49396,677.15247,-4.2579813,19.69546,242.99158,1359.1309,-11048.371,-375.39786,-186.16014,12898.163,-1248.4124,129.70575,-3004.8284,194.34601,-5975.0674,-2552.976,0.0,-139.87135,-0.8666832,-23.312168,-158.47067,-577.78735,-17.02587,-95.014,3.4825068,75.73593,-4.5789804,1.590288
-114.76016,-1523.468,-1878.5422,523.9581,54.128258,-762.1237,-1563.2832,-24.520716,0.0,-983.0384,13.130715,557.17975,0.3376654,-13.253375,233.8257,-8.217944,-187.05208,-442.84512,367.56662,9005.92,629.2016,-133.3689,38488.004,1103.945,264.5181,3033.5784,-1.872225,15779.23,11686.583,0.0,-55.89485,-2.0008693,39.455517,-177.45377,-595.5307,-41.302624,-152.8474,11.482859,34.74068,-15.37016,1.1701571
2.439898,2510.1973,2164.0771,-552.84705,228.48523,268.03244,151.91376,-30.102724,0.0,387.5035,-81.66624,39.279713,0.36147118,33.266537,-64.354546,4.6166024,11.342854,-90.09898,-43.558914,-3705.425,-305.89993,-52.978912,-12708.698,12.5184355,71.66838,-2258.665,36.74273,-1510.1117,-2721.3252,0.0,-47.857533,-8.504899,-26.576769,-82.113014,-697.02136,-14.259612,-80.45866,3.829716,78.00642,-10.436272,-2.1267002
-20.870403,-649.3963,-2295.187,118.964294,95.50244,-766.25024,-1107.5773,-16.435326,0.0,-968.18353,10.53,359.8161,4.9396486,79.302956,329.7413,0.03466326,-0.44987085,-63.802326,2138.133,1266.7019,908.57263,-244.45576,-6417.699,414.61578,587.1604,1250.9147,353.2127,7189.3994,8691.505,0.0,-102.37562,-5.8443623,-7.051111,-210.30022,1020.6985,-19.95072,58.87249,2.2371063,-28.803837,-7.0706153,-0.59813553
46.85159,-780.1756,-1377.4287,441.1389,55.95583,-493.1755,-611.66345,-15.550839,0.0,56.769733,33.419174,-261.20328,-1.771927,-92.024864,336.11072,-2.5888243,-12.946,291.93396,1258.5247,-8336.389,45.02013,-104.64593,-19116.236,-1367.8013,141.64438,-1503.0836,51.00342,-11370.346,-11486.416,0.0,-147.6915,-1.2957685,-6.980594,-149.54848,896.307,-11.696045,85.41384,6.7999716,31.351843,-4.177921,1.1701571
-4.865466,-857.02734,-2124.562,40.350494,46.96578,-595.4405,-1635.3904,-11.858201,0.0,-636.5871,-57.717693,-222.4614,0.46414572,61.746773,387.168,-3.0910656,11.897069,-90.12983,1540.0342,-3319.1472,874.6742,-86.16707,-10600.363,-20.590664,203.15976,-278.9595,138.04608,2933.5352,1648.8986,0.0,-104.56785,-0.8807629,-10.667594,-72.52192,-954.6587,-13.421195,-45.67872,2.4378903,-23.611528,-20.238792,-0.59813553
-21.265018,2397.7441,2023.1368,685.6398,-15.540544,273.751,149.5644,-32.295506,0.0,-39.742348,-73.96923,458.9052,0.04421115,51.002045,-673.89307,-4.5384517,36.61792,-28.867077,85.75807,-3973.3389,-573.72534,-88.83751,-11207.127,-57.47093,310.8211,-1980.7072,141.61023,-337.21118,236.51054,0.0,-48.15007,-6.17851,-25.375792,-80.61133,-642.1614,-14.793069,-77.57117,14.0180435,-5.542691,-4.7082715,1.590288
8.296801,3114.4878,1903.131,-573.6612,215.15616,251.61227,146.52419,-13.471471,0.0,-939.4712,-16.723396,-53.749393,-0.24016005,32.77194,226.75433,4.0895033,8.820886,-101.28632,229.85594,-5535.0195,-351.66226,135.49545,-10545.101,-684.58887,45.693157,-782.27277,96.60467,-7592.3154,-9489.079,0.0,-68.188354,-8.965463,-11.013342,-68.61971,-650.02045,-13.750686,-104.58954,2.2685735,77.27733,-10.443007,-2.1267002
136.49063,-314.7263,573.2399,476.4555,-12.276594,424.04303,161.23895,-11.038595,0.0,-604.17114,22.410875,37.158756,-1.1316,-51.57584,421.33676,0.9926385,17.999561,-97.52156,1871.7672,-820.26917,1080.1803,335.4132,-9388.613,430.6121,391.10986,1989.3815,307.2303,5557.7954,6370.112,0.0,-65.85759,-5.8302827,-6.8570333,-150.53683,482.48022,-13.695736,78.394104,2.9073029,27.250452,-3.8661065,-0.9027102
-3.219761,2507.1875,1722.3107,-591.61554,232.09456,196.2761,160.40456,-13.626699,0.0,-349.4153,-10.74005,-141.20381,-1.3452418,-16.464968,310.2323,4.7678494,2.9091432,-103.901474,521.99677,-8618.78,-614.77057,-78.34227,-15990.805,-1232.6946,256.14673,-1590.675,26.829374,-12727.081,-12388.422,0.0,-63.991817,-8.965463,-4.727428,-73.78625,-608.86316,-11.546269,-101.53882,2.3752942,69.725426,-10.593467,-2.1267002
182.40495,3265.996,1705.2614,-3946.3545,69.72717,332.63425,130.46965,-11.928101,0.0,-2027.6272,-94.40037,383.63257,-1.9147857,106.40271,865.20886,-6.668126,-121.57555,227.25362,453.32864,-4823.6455,-35.512085,362.5715,22821.418,364.2108,143.25246,-1835.2708,243.87772,662.16254,1654.478,0.0,-167.9168,-66.30458,-44.60707,-156.61505,873.7648,-15.276338,241.86223,-25.248692,87.70407,-51.210327,5.554518
22.3095,2871.348,1813.9672,591.37976,16.67972,346.49905,222.59232,-11.009178,0.0,-861.09973,-16.51007,-982.34863,1.1383706,-162.59283,-265.62817,-3.3787465,23.250431,16.879272,858.995,3431.094,712.5557,173.27469,24046.936,715.03687,385.77197,-1630.898,211.20955,3589.8909,6556.112,0.0,-58.66358,-63.183857,-9.313927,-257.94302,-680.2573,-19.800768,-51.095615,3.9639153,-60.404907,-6.7005243,1.590288
163.16579,-219.42137,801.83655,535.59705,8.758712,345.79965,223.02733,-16.885542,0.0,-170.40486,13.511277,-370.7381,-1.8672163,15.784092,414.1649,1.4675579,19.921974,-51.409096,1575.7925,5416.732,797.056,-608.68286,27314.008,866.62415,371.48172,3603.66,-238.03209,15359.656,10322.476,0.0,57.213947,-5.8302827,-40.39527,-180.64038,465.30328,-42.120014,87.92144,1.2549229,-24.125572,-3.8753548,-0.9027102
9.256348,2370.428,1610.4547,-5467.011,234.10876,63.651356,281.74405,-14.182684,0.0,-560.6738,-66.08845,204.37814,3.6458478,113.7445,-1092.419,-5.9541216,14.372246,-228.78801,1386.604,5755.9897,765.95154,-35.30838,25581.441,455.6055,668.23816,-1115.4783,146.13121,10984.486,8028.2944,0.0,-98.32558,-63.009502,-96.27357,-112.18318,-545.67535,-24.402163,-133.69785,2.5729887,-587.6927,-61.225895,2.90065
235.31197,-226.1973,44.43922,609.5087,-57.22034,405.7835,305.09674,-58.267197,0.0,-4295.468,22.706594,491.05313,-1.7381641,282.51035,342.76147,-28.539833,-1.8465219,-594.06793,3234.0962,8770.297,503.6357,-707.7656,92473.25,1254.5981,927.18933,1831.9174,486.99484,20339.99,17786.857,0.0,-89.636665,-0.38150918,-53.517334,-205.60193,461.79193,-42.403294,181.5742,2.278264,-33.885677,-3.2162783,1.590288
-1.5344275,-547.34424,-2732.7087,529.2111,109.53715,-513.42236,-1702.458,-11.332935,0.0,-1207.6086,12.274901,253.93011,-0.1550715,44.70584,329.13666,-5.9462166,14.200773,41.586857,531.9468,-1129.8048,1078.7961,-112.88304,-5430.25,87.74523,217.51453,-281.94403,289.48148,5112.0283,6215.8467,0.0,76.22089,-3.3102727,-1.5596105,445.86624,-929.9513,-22.311169,-78.74801,8.113746,59.483418,-14.873805,1.1701571
-36.91391,-925.73175,-2495.2175,-125.04632,65.70007,-1131.8715,-1617.3268,-13.530537,0.0,-820.57245,30.63169,-114.89264,0.66373914,-36.594658,-1375.3568,1.0980997,74.33128,-8.53595,1596.1892,-2535.383,1036.0496,-65.54389,-1359.5798,-100.19531,641.6342,1636.2847,-4161.92,5547.6777,11897.614,0.0,86.79571,-0.40797436,25.530659,-190.18689,-859.6878,-34.39678,-57.996746,10.284447,-61.25633,-22.025833,-0.59813553
22.867878,2317.0457,2023.6486,-4823.1494,322.96036,224.42154,276.25485,-10.996527,0.0,-749.3698,-17.051468,-368.41644,3.0990953,-201.17165,-471.00296,-13.194508,25.64628,-34.67195,1811.5538,5064.4204,1000.68494,-65.30475,23585.184,677.17554,929.43115,-1009.46954,1.3981234,10062.645,7066.7856,0.0,-52.134426,-63.324,-84.2807,42.99721,-697.6979,-25.014967,-38.55407,2.7481642,133.59285,-50.546177,-2.1267002
117.21726,2559.9753,2054.8286,23.953735,2.9861522,323.5388,226.46492,-48.89741,0.0,-1196.5233,-208.2705,803.022,3.9412553,-240.1609,-526.36426,26.05912,41.243378,-9.74206,1623.8342,13482.135,873.09436,-621.0197,57743.652,1758.9509,306.98016,2074.1296,221.94395,19998.295,16120.918,0.0,-38.515114,-8.02902,-12.64879,-30.661808,506.23587,-67.33461,144.85362,3.6104176,154.50475,-13.153453,-2.1267002
32.060566,3006.9385,2361.7546,-417.57712,89.01234,253.212,150.6971,-14.435822,0.0,-857.8207,-38.741093,-128.5702,0.051769912,-150.90529,-1732.8323,3.9911788,100.55573,-67.63311,46.10501,1670.1484,-7.275361,172.41931,3722.566,228.94405,218.69225,-204.6101,249.32867,5092.106,4511.939,0.0,61.99608,-65.35863,-22.460865,210.63744,805.4159,-24.238783,15.859894,3.9053755,88.72923,-9.107323,-2.1267002
-43.27181,-206.39355,580.808,594.84094,-54.252655,458.79385,148.68372,-9.546146,0.0,-572.7011,26.488766,-127.8672,-1.690747,106.51318,522.57074,-2.5807395,-79.666695,55.205784,1813.2103,-1544.8495,874.68085,333.24997,-9356.868,492.45346,354.9807,1839.2283,260.66284,5215.004,6293.9883,0.0,68.76916,-5.8443623,-11.183043,558.67694,505.54636,-13.370596,70.42246,2.3618255,123.883255,-3.6450334,1.590288
-7.3264313,-674.7207,-1456.9895,371.21744,2.6745992,-286.10736,-1352.335,-11.78731,0.0,-201.56831,2.0695653,209.48506,-0.942893,-108.7174,315.5704,1.1651311,2.1620226,-87.37406,1096.6401,-9353.761,-472.46664,-548.2332,-18889.785,-1365.6456,151.3303,-2104.6545,198.01796,-17770.635,-15072.607,0.0,-95.430244,-1.0478115,-3.4081511,-106.18341,-737.69183,-11.429939,-103.38104,7.6344643,-36.828568,-13.53745,-0.59813553
-17.18345,-652.095,-2049.3062,290.99826,76.37453,-645.71967,-2381.21,-13.093926,0.0,-794.523,33.96811,481.14468,0.9156387,61.14259,164.39859,-0.007920325,13.093788,-50.45755,2913.0374,3896.3662,859.6886,-61.379955,-4341.464,512.6479,702.757,3184.2192,258.89856,14469.849,14933.713,0.0,-81.41039,-3.296193,-5.0171323,-280.15817,-1118.1724,-72.68572,-69.49917,2.265284,-30.24429,-22.32683,-0.59813553
-11.356088,2555.7725,2098.5027,-637.1742,160.92436,280.4193,131.43622,-14.605524,0.0,-684.8657,-78.67856,34.60959,1.6253867,70.90225,375.55054,16.066902,-30.585009,-26.44573,312.7788,-5764.717,-28.355982,-58.470486,-13752.584,-647.52856,250.02966,-759.72015,-74.674835,-7955.044,-9229.322,0.0,74.94504,-8.965463,3.020264,-92.710266,-604.7567,-11.401717,-117.13088,2.0508797,57.871918,96.32638,5.554518
2.4211018,2301.2727,1940.3499,744.39374,-6.3562355,251.71234,149.67508,-28.837835,0.0,508.68924,-88.62783,222.03215,0.04421115,-43.61685,-109.84665,-3.5841634,-36.45749,-14.5931225,101.7321,-3238.9553,-246.36351,-82.33029,-17773.344,146.43759,473.36887,-764.992,151.13557,-3130.55,-5108.0693,0.0,-48.597984,-8.364753,-25.747766,-97.29298,-651.808,-14.0694475,-75.060905,2.7436657,-12.656191,-4.9478045,1.590288
-68.148315,-423.55255,530.07336,221.61572,41.181377,592.9495,250.38077,-5.8800592,0.0,-558.5268,30.960104,195.96202,0.3962713,-30.211655,450.43076,-0.0790239,20.87638,-134.27127,1817.4995,-2954.047,1030.3401,195.81044,-4128.495,397.45737,557.8118,1968.1323,-2526.928,8172.518,14445.647,0.0,63.733475,-2.8698251,23.668558,-123.68432,-399.8724,-51.53685,-64.22206,1.6606406,-34.468597,-5.0144525,-0.9027102
2.3750198,-973.943,-1692.9873,147.66985,117.93596,-903.0333,-545.1587,-12.068563,0.0,-613.07947,-54.40844,-373.04697,3.8516355,44.88891,417.08472,-1.8339496,31.17712,164.24107,1802.5837,-2031.6564,716.7616,-155.02824,-10901.293,29.393377,-158.87405,-403.28134,24.456966,3477.6982,1596.8142,0.0,175.72627,-1.3741121,22.953508,-186.3303,1150.543,-13.701965,85.7919,2.2673917,57.46903,-6.1174383,1.1701571
25.593277,-633.6387,-2188.3652,400.87656,40.598778,-507.21393,-1549.8966,-11.806671,0.0,-1097.225,15.3150625,185.84723,-0.27444324,-127.05654,213.95377,0.9460698,24.943897,-70.725204,1600.2267,-1875.3456,1059.2169,-66.16771,-5869.345,272.56876,474.67633,196.87648,139.29999,4130.6025,5243.691,0.0,-72.35412,-2.748479,-9.493598,-124.490135,-902.90027,-15.491837,-46.772705,8.222997,-37.645157,-22.249195,-0.59813553
-9.082872,3055.3335,2123.0046,617.1344,39.722576,321.06998,223.40456,-12.798879,0.0,-261.5236,-39.891335,73.7306,-0.5247575,-86.12198,311.38516,-3.355589,18.399431,-258.07684,-235.41716,66.26235,1369.8456,247.46326,-5626.132,630.03436,139.10442,236.57779,204.98064,6438.106,7270.9595,0.0,66.63879,-63.63034,-6.400878,191.376,-701.5129,-16.939764,-52.207825,1.767007,-21.147774,-13.3784275,-0.9027102
70.32817,-656.5457,-2511.3296,212.14581,57.809753,-656.3646,-1902.5471,-12.494117,0.0,-692.4056,10.271626,105.86866,-1.8365241,-39.84495,211.36577,0.33278155,5.1760917,-59.214924,1725.8564,629.41077,961.9845,-293.519,-5443.533,389.16544,532.03955,680.3191,450.99023,8455.483,8719.395,0.0,-90.02561,-3.296193,-5.7656875,-213.43481,-989.1588,-49.14849,-72.79614,7.56275,-12.179553,-15.125847,-0.59813553
67.123375,2294.32,1900.1376,-5767.9355,195.24098,179.19212,141.2929,-13.581608,0.0,-562.4089,-63.441677,-36.4719,0.51541066,36.767532,236.77135,-4.419333,-15.201633,309.11578,98.841415,-5138.7207,-396.65594,57.122147,-15566.666,-214.55423,-30.324081,-656.1825,69.62491,-8270.998,-9129.189,0.0,-171.94641,-8.965463,-69.83079,-112.04602,-752.65295,-13.780871,-132.20676,1.4849787,-320.695,-79.23335,2.90065
15.548798,-842.8797,-1613.5927,134.81987,99.7408,-785.3047,-543.17993,-12.122625,0.0,-216.90134,-30.83013,-499.76822,1.7848678,64.1491,487.3954,-2.2068734,-13.3704195,-113.100746,1686.8523,-3893.675,-8.523389,20.687235,-13101.447,132.78323,181.06651,-1942.0836,81.090805,-1361.6683,-317.0806,0.0,-117.05517,-1.2957685,-23.63484,-140.30179,941.8499,-13.313042,37.118008,2.4237852,-20.519121,62.96869,1.5622113
-46.246708,-571.0777,-1682.7034,187.07637,15.898416,-369.4044,-1307.1992,-12.196587,0.0,-248.51178,2.1182127,-140.94995,-0.69914794,-36.433704,104.40914,-30.94114,-0.2039051,-122.452225,1050.6327,-16834.63,-868.8521,-1501.8983,-26800.934,-3133.704,122.07934,-4973.966,147.05417,-29619.326,-19819.574,0.0,-84.82015,-0.98159057,-2.7678487,-119.03839,-836.5851,-11.662252,-106.26108,2.4453154,-48.52445,-13.389894,-0.59813553
20.187544,-1095.2246,-1647.8052,-141.1452,41.10327,-817.1551,-529.8809,-19.35292,0.0,-294.4063,-33.446312,-684.5683,2.3118327,18.259418,-1741.2115,-2.5620766,8.10392,-65.084114,1326.4458,-6927.1167,2226.7769,-5.6628547,-9797.095,-52.81446,-419.05026,230.19595,-1007.6522,53.82852,1438.6162,0.0,-103.66867,0.83341694,-10.094241,-52.857594,837.8964,-12.273576,32.239773,4.9406853,-19.034697,-6.544216,-0.59813553
-5.2877574,-715.4642,-1242.6082,474.7456,89.41832,-373.4668,-536.6978,-12.295737,0.0,-202.72498,2.2298405,-16.2702,0.98690164,69.711105,343.82242,-1.2835481,39.6233,130.08128,1277.4889,-11833.384,-439.8867,-580.2208,-22545.113,-1535.8583,213.67192,-3335.8416,120.991,-24099.463,-17344.441,0.0,-150.10971,-1.3965962,-2.427674,-194.78827,881.58496,-11.410052,152.44815,2.013985,-36.469246,61.039574,1.5622113
-6.454608,2175.3877,1753.4741,707.91,-21.366056,227.99637,125.17942,-14.882727,0.0,266.46378,-47.690647,-5.2145443,0.04421115,-16.419611,-1030.9216,-3.594577,24.61924,-56.897686,-48.71147,-5721.097,-151.18855,-163.89317,-17543.773,-110.6645,266.37784,92.25385,202.15402,-7717.837,-9313.52,0.0,58.6428,-6.17851,-9.201097,177.06142,-501.44073,-13.543002,-104.46664,4.423995,-4.6586466,-5.0529833,1.590288
22.661415,-711.48395,-2671.887,171.94095,49.82643,-699.83,-2106.0054,-11.542812,0.0,-727.88116,10.533042,-32.24215,-0.716673,-50.79174,209.86128,0.9460698,5.6786337,-58.016693,1851.1906,-497.75433,1062.1434,-223.75107,-5742.2515,302.36942,526.597,1043.7885,253.84915,6456.2188,8792.3125,0.0,-87.89652,-3.296193,-7.104364,-165.66096,-1092.3649,-20.014147,-59.850555,7.2773867,-13.390002,-22.358631,-0.59813553
-76.92592,-937.95306,-1630.5765,131.10092,156.98785,-669.13104,-746.62646,-12.426293,0.0,-1064.4424,-56.585693,408.19513,1.387214,69.89144,406.6534,-2.4376726,-21.249691,450.81305,1612.9918,-2746.2366,335.3979,-137.16916,-9346.3125,-50.915344,252.09221,107.16246,-897.16785,2879.3562,1891.0573,0.0,157.34007,-1.2816889,-19.488962,378.47717,1034.8931,-13.416208,50.518723,2.921147,-20.62712,66.427475,1.5622113
15.68786,-763.5801,-2279.902,196.13344,112.62188,-933.48114,-1594.3457,-14.441014,0.0,-1051.771,30.355799,263.13892,-1.1144829,-60.204796,15.321161,0.6512836,21.11717,-44.555458,2625.9773,2195.4446,956.33813,-156.37988,7128.0835,562.5059,804.6874,1422.9851,-935.6791,6168.6514,10252.365,0.0,-68.852715,-2.9898548,-7.2280755,-200.66393,-737.7564,-59.85791,-57.43377,8.211445,-28.182608,-22.145733,-0.59813553
21.148375,2308.2476,1998.3625,39.47646,92.89595,262.7999,224.00327,-13.821087,0.0,-657.14484,-78.4293,403.74295,3.7040477,-48.59427,-1050.5465,-8.446395,62.601074,-48.785355,1577.6245,6068.151,973.0033,-38.746765,24516.318,572.89136,478.287,-963.31836,-43.867455,11038.011,7259.076,0.0,53.943638,-65.54359,-38.474434,109.60431,728.7995,-24.255737,17.848827,3.9426274,146.29515,-16.958664,-2.1267002
-57.354652,2107.3152,2275.425,-98.622025,232.19695,201.61661,285.71527,-14.49136,0.0,-173.19762,-80.83407,31.93339,2.212647,-185.39374,454.62268,27.21184,19.266636,-30.203959,1097.3225,5774.2505,947.23535,270.23996,24416.406,978.72644,813.9748,-1160.0046,-118.86892,13447.876,8766.504,0.0,-51.0534,-63.784565,-28.382376,-154.38643,-762.4931,-38.25267,-68.18532,2.2710276,105.57106,-19.101196,-2.1267002
5.591809,2513.5017,1544.4263,586.96216,2.2423522,273.05536,142.4733,-15.603853,0.0,-814.6211,29.57099,-130.38167,1.6253867,61.767696,468.45123,-3.382864,-27.866442,-72.026054,410.78586,-9632.295,-735.4297,-217.05103,-7489.718,-1220.6919,240.24355,-2069.7937,187.20686,-17531.605,-13394.02,0.0,72.85665,-8.825316,1.5116981,-71.59808,-513.0198,-16.135746,-104.637184,3.472958,38.026447,-5.3234463,1.590288
22.619686,-316.03418,362.23743,411.25836,-14.269493,331.75003,111.78387,-12.40257,0.0,-496.14255,-8.435489,216.26717,0.8537726,72.274345,343.96057,1.2681695,9.995336,-125.56564,1846.3317,-5462.29,-119.00074,46.18976,-13722.439,222.4281,226.4655,-407.06204,-106.58437,-6297.2876,-4286.388,0.0,-62.457066,-1.2816889,-23.281948,-106.46951,476.65317,-11.405976,43.37839,1.4338568,-9.647881,-3.9289262,-0.9027102
19.961594,-770.94196,-1691.3407,264.74857,53.78773,-523.8348,-1392.3062,-11.421046,0.0,-40.028027,33.485443,-159.62367,-1.771927,-95.76777,260.82852,-3.067049,15.3415,-46.975685,1169.2313,-8117.235,46.861877,-156.2226,-18614.03,-1362.6602,99.009926,-885.20166,167.74736,-11063.893,-11427.529,0.0,-102.88854,-0.8666832,-6.0053296,-100.266975,-738.01874,-11.696045,-103.999306,1.8291186,51.33924,-5.791565,1.1701571
65.92513,2721.2656,2407.7646,-602.40497,218.40129,251.97621,198.52925,-30.908419,0.0,-514.2164,-74.71354,596.00934,0.20518726,19.911526,-919.30316,-5.234888,41.420216,-71.47259,-46.19638,-2264.2258,-752.98486,-184.8338,-6807.667,-194.01015,144.97986,-2075.4556,33.413338,2065.8167,1795.0624,0.0,-48.3203,-8.019522,-23.45358,-65.63396,-816.25635,-14.639352,-88.148,14.377089,77.65453,-10.165518,-2.1267002
-1.3202766,-224.34996,524.2743,502.90933,23.872538,333.00174,232.74467,-10.172071,0.0,-588.9265,15.414535,4.6309204,-0.45381403,-62.245594,308.5884,1.1496797,16.65028,-95.5254,1735.497,-3039.2507,1229.448,207.40996,-6056.4033,519.56714,412.31134,220.27719,103.200554,5567.0522,6326.9966,0.0,-70.382355,-3.296193,-8.963587,-133.22682,-455.8948,-15.555021,-61.920563,1.6908882,-25.331964,-5.0990434,-0.9027102
39.015022,2246.5542,2146.9448,-152.38855,69.75235,248.9098,284.7818,-29.969446,0.0,-54.9883,-78.8193,-108.19154,0.30320352,41.99684,-1639.2131,27.07271,30.004574,-1.9163761,555.10394,10642.102,981.3859,-665.1825,29570.627,1230.9054,263.5826,267.212,131.84096,16110.952,10041.427,0.0,-41.550415,-50.785545,-31.794548,-63.950996,-596.8222,-45.437363,-115.03467,3.88995,120.637955,-17.705229,-2.1267002
1.0990872,2206.2432,1784.2881,618.77246,-66.62357,357.1796,211.55522,-26.77928,0.0,39.7112,-19.62028,-165.99301,3.0712569,-129.61557,231.34938,16.933432,74.187,109.0704,1092.2368,11536.178,678.946,-380.4434,25504.99,1713.592,453.85892,6004.1772,487.87784,19491.479,15377.069,0.0,49.724915,-10.625876,-8.744325,278.85052,519.9677,-58.6061,145.33847,2.3434842,-88.15456,-5.1572437,1.590288
-3.383578,2254.5632,2136.499,566.49677,5.735551,272.53278,156.95616,-29.171707,0.0,-516.54974,-75.95804,61.273727,-0.008765876,-104.12904,342.56073,0.14104863,12.08485,-232.3264,212.90842,-3990.3445,-774.21265,-159.56659,-7423.23,-231.05417,316.73758,-2226.3352,114.07516,842.3068,1276.5618,0.0,69.702095,-8.825316,-21.653416,139.61429,-604.22577,-13.077812,-81.095,3.2757664,-19.231064,-5.7869334,-0.9027102
-10.132452,-735.1677,-2155.9429,225.33862,61.183464,-601.7119,-1677.3486,-11.834314,0.0,-1276.7847,-59.457222,364.9674,0.9616186,75.069275,357.58795,-2.5807395,-45.488678,-207.42696,1741.4368,-1888.065,739.89606,-110.87463,-7425.222,268.45404,171.4307,-424.92682,269.7383,3586.859,3800.7146,0.0,90.03624,-2.748479,-22.454859,273.15445,-1025.005,-13.416208,-99.22401,-24.78456,-37.944866,-22.02484,1.5622113
-4.5413423,-226.16916,483.51926,550.11334,2.9454095,324.07364,120.2331,-10.600519,0.0,-76.68427,-32.845192,96.80153,-0.38312376,7.1141396,405.8802,-3.4665127,-16.391909,314.3634,1323.0631,-4048.0786,-209.4626,1.3368512,-12396.905,-104.17124,239.7445,-1628.1143,228.41011,319.2026,699.6216,0.0,-146.38712,-0.8666832,-22.988424,-192.91228,-504.59375,-13.635527,-81.915474,2.608404,-26.812716,44.507908,2.3576992
200.64854,3308.5352,2268.678,-3624.5146,77.867065,310.1643,115.79365,-12.433176,0.0,-452.34805,-18.197084,570.8886,0.00096821785,72.35901,446.71786,-2.3854842,9.108635,-107.10246,118.17555,-103.810524,482.13394,-52.20573,-9890.937,160.40562,242.96982,-960.36786,277.00812,4244.0273,3927.445,0.0,-68.24552,-63.6237,-45.341232,-36.033688,805.6227,-15.400361,269.24933,2.1576126,61.666557,-28.665903,-2.1267002
8.758472,-670.0545,-1740.3729,480.4176,183.27481,-554.16986,-768.5802,-12.341513,0.0,-843.3524,17.679441,224.47934,-0.27444324,42.284115,421.1386,-2.5807395,28.788338,522.19745,2060.819,-669.25775,774.2435,-128.4338,-9900.566,124.10318,362.5165,1137.023,272.1244,4641.5566,4347.2407,0.0,166.22072,-5.8443623,-6.9130034,521.1157,1101.118,-13.416208,72.50558,-23.413054,-36.45051,-6.539359,1.5622113
-71.64565,-312.3004,422.04688,455.33905,-20.999292,226.51396,115.714355,-14.079432,0.0,-84.56938,2.0650158,463.45078,-1.5915123,36.675995,-997.004,1.1987625,5.7679234,-175.02386,1414.8844,-9695.196,-289.23093,-166.51326,-18554.465,-1258.9061,269.20197,-1711.7029,186.48964,-13585.201,-12705.198,0.0,60.208656,1.3651179,-5.9439735,196.1154,446.94583,-11.49116,122.40797,3.7909322,-26.214443,-3.942659,-0.9027102
15.616104,-667.3248,-1297.3829,482.03394,83.792816,-413.71716,-678.50256,-15.74848,0.0,-405.73465,-8.5691,228.05931,-0.1550715,16.132034,199.92325,1.1407822,-1.7283126,-200.9927,263.59238,-3743.3833,-157.92458,-3.7815297,-15166.475,166.36368,328.88315,-1489.8347,289.06558,-2895.3674,-3912.9988,0.0,96.88123,-1.2816889,-2.773821,233.14465,788.7403,-11.699229,74.55515,7.2082577,-28.898075,-5.527396,-0.59813553
49.60766,-1554.4083,-1909.9417,246.35612,18.10092,-976.4154,-2225.1753,-55.55261,0.0,-803.50037,30.625242,241.50551,0.3376654,-75.41149,316.8107,6.210112,63.359196,-12.111175,2158.4211,11729.603,796.61523,-615.5431,37871.652,1288.1913,492.02844,5230.2686,-331.93604,16513.508,15491.845,0.0,-67.692406,-2.0008693,6.711998,-169.07759,-573.4921,-43.18831,-131.95871,2.3655667,-22.955046,-22.454792,-0.59813553
-14.364624,-637.1905,-1176.9431,178.62753,41.714485,-469.97418,-651.16907,-17.910858,0.0,-196.37978,2.0006871,133.60063,-1.4164371,-11.127768,-1173.3594,-0.11684418,-8.829691,-88.043755,1212.1836,-12502.33,-510.93753,-389.6425,-22978.283,-1741.5985,133.74892,-3443.2197,202.00174,-24833.188,-17718.69,0.0,-89.288574,-0.32800817,-3.718058,-118.8289,761.84125,-11.6233,159.16661,4.334696,-39.80099,-4.965562,-0.59813553
7.9224935,-419.0532,510.55127,267.9775,32.14371,475.83038,185.77954,-11.936557,0.0,-491.63312,16.328142,209.49841,-0.23017114,148.93993,379.42334,0.66665846,18.29328,-113.576935,1381.6316,-2812.8513,1191.9066,-30.435848,-4616.345,292.07095,237.85617,-83.40341,-614.13745,4436.3164,6482.513,0.0,-65.46939,-2.611071,-6.787193,-114.851166,-366.84048,-21.691042,-42.442448,2.2593594,-8.972812,-5.2091722,-0.9027102
28.561544,-791.7478,-2259.0085,457.8166,57.99642,-555.3398,-1598.6288,-11.940206,0.0,-1440.1709,17.502363,-434.41983,1.3592725,68.05925,377.45215,-3.0426066,12.112896,-79.44341,1671.2817,-2971.1924,1107.9722,-23.78581,-4657.249,213.99971,203.8925,-621.2021,376.20618,4385.317,4504.325,0.0,-109.97538,-2.748479,-8.206514,-101.576385,-976.46155,-17.114853,-97.62053,2.8842547,-21.319014,-14.779742,-0.59813553
8.383054,2874.0723,2292.79,-702.84955,221.02582,205.75287,200.21799,-28.00623,0.0,-260.23157,-74.75718,-21.801891,0.36147118,-52.22091,-59.114647,-26.559511,11.392987,-189.39192,5.2652435,-2380.671,-746.3835,-155.24161,-9473.647,-136.50186,117.822365,-2087.5403,71.24069,982.2263,1004.3375,0.0,65.744316,-8.504899,-23.714449,167.61281,-792.37384,-14.7070875,-94.46699,3.8393807,77.07368,-10.13685,-2.1267002
3.3783822,-742.8312,-1665.6104,462.25238,66.205376,-408.13684,-1438.422,-16.77084,0.0,-890.7359,0.04091999,93.65429,0.0074539185,69.191376,369.72308,-4.009968,-36.68624,-116.691086,305.74915,-5360.062,-3.0892723,-92.43222,-14772.065,-437.10718,98.30556,-1062.0143,240.56659,-7458.681,-9222.742,0.0,85.93312,-0.8666832,-10.645481,-122.47678,-680.0129,-11.6410885,-58.18346,-62.86568,-26.135595,-13.163638,1.5622113
-70.260254,-253.02489,487.55743,419.01654,14.472862,235.62933,156.62662,-11.249984,0.0,33.947826,2.3630772,-39.465485,-0.9272001,-42.547356,216.94551,1.6903214,7.42581,-107.77121,997.0754,-10146.097,-299.8204,-214.56277,-18429.26,-1363.4537,148.24942,-1365.7485,-335.13614,-16481.225,-13899.531,0.0,-78.156525,-0.8666832,-4.523445,-82.41122,-359.52838,-11.658176,-37.55932,1.6142346,-10.390242,-5.125447,-0.9027102
-6.738756,-662.85956,-1901.6049,374.19168,97.32471,-462.9306,-751.7655,-16.137249,0.0,-550.9747,-33.088882,289.2727,0.06649178,77.05453,370.81165,0.21306759,4.062769,-218.7312,315.9252,-1684.1406,555.78156,-116.650635,-13229.265,25.948557,313.52197,-2006.6976,318.58698,2860.7642,549.982,0.0,86.47931,-3.1634846,-2.548905,349.0399,850.3654,-13.211672,69.28859,7.382452,-31.039766,-5.6406846,-0.59813553
27.279045,2618.2942,1715.961,-4978.2305,236.09326,199.80249,156.93265,-18.081568,0.0,-26.470036,2.4047298,-168.2137,-0.4824326,25.585714,261.98288,1.3880146,2.2973382,-113.92011,279.7999,-7490.518,-269.05173,-79.17182,-18782.44,-1194.8208,102.56659,-1755.5037,-35.470554,-11149.913,-12298.28,0.0,-140.67632,-8.965463,-22.825516,-43.91565,-627.12274,-11.820991,-129.35802,1.0784986,59.007576,-84.06888,-2.1267002
48.12217,-266.42667,565.008,475.87506,13.147355,389.96786,148.18248,-14.2663965,0.0,-652.135,-56.59344,243.16296,-0.91950345,-73.250305,-1204.9225,1.3675383,28.51282,-106.89944,1181.7661,-4213.393,458.5955,-86.522736,-8073.903,288.68744,148.92346,-53.115723,-673.7597,2743.0046,2522.5715,0.0,58.134995,-0.08759248,79.03575,-126.505745,-412.01596,-13.640529,-24.112246,13.353576,-11.846406,-3.2807264,-0.9027102
31.490278,-275.8713,386.6208,510.54825,7.2684546,309.5775,157.82268,-11.492383,0.0,-664.18274,-57.570553,-228.83337,-1.3020151,-63.336437,168.17719,-1.6235437,11.443297,-104.06204,1292.6449,-4332.079,-244.3439,-23.334522,-10390.469,-6.84034,189.05757,-2277.948,219.5607,-2106.8867,556.6497,0.0,-66.23158,-0.40611887,-25.148806,-59.296,-389.64194,-12.880499,-93.155334,2.7678385,-31.175032,-4.6298933,-0.9027102
-4.5818224,-270.28668,435.09283,500.37534,-26.20154,298.54648,114.9444,-12.134715,0.0,-512.66864,23.642473,16.8594,2.9220574,77.575134,446.9112,-3.408182,9.186864,387.4467,1319.6328,-6940.715,78.58684,52.63062,-15103.582,-188.10626,155.46725,120.35288,-1551.5096,-7734.036,-9054.531,0.0,134.23694,-1.2816889,12.044052,-161.27376,432.89813,-11.637013,80.48442,0.78183854,20.742054,-3.7355337,1.590288
51.239418,-267.72836,561.3926,581.2937,44.469864,399.25308,263.04785,-11.564202,0.0,-496.05875,10.828511,3.0455134,-1.8180068,-91.67997,338.34457,0.29256982,17.616013,-80.21023,1447.6722,317.7488,1102.2264,338.88977,-5304.672,702.3752,451.95087,955.2249,285.54886,8580.297,9982.358,0.0,-61.72284,-3.296193,-5.9704833,-175.26323,-587.12537,-43.278244,-74.311165,2.4673815,-10.796109,-5.269445,-0.9027102
23.22379,-834.61743,-2170.017,433.51196,70.444336,-454.6487,-600.32855,-16.636993,0.0,-1591.2974,18.006292,-136.31708,-0.7596301,-7.149149,-1263.0542,1.824697,19.18028,-32.982224,496.7039,-1619.8184,1145.8651,-52.50366,-4876.675,75.214355,337.9713,-771.1605,330.5748,5371.8003,4466.977,0.0,-96.98475,-3.3684316,-2.1106448,-122.69149,856.4947,-22.550325,60.36084,10.565025,-28.381659,-5.7874184,-0.59813553
43.657066,-276.55225,390.08246,500.40042,-10.83704,327.9789,119.62659,-10.6633625,0.0,-232.98752,1.5181111,-194.59691,-2.357269,-102.10373,339.5833,-2.5888243,0.8539885,305.9729,1227.3295,-8680.535,-328.15402,-192.80466,-18701.44,-1282.8478,125.87199,-1439.8634,-6.214959,-13098.9795,-12239.775,0.0,-124.98597,-1.2816889,-6.294927,-138.04982,454.77686,-11.691971,85.22727,2.399676,68.073265,-3.7355456,1.590288
-56.840107,-294.6208,397.736,345.5555,-37.405502,432.14487,111.725685,-11.4037695,0.0,-140.27574,-30.693344,-221.68309,-1.3020151,36.00291,65.31752,-2.4664655,-14.683326,0.54045075,1537.0281,-6092.94,-107.06744,-53.15155,-13128.408,-0.61362386,204.60594,-2091.6023,20.282885,-1835.9036,-73.873436,0.0,-72.43871,-0.82112455,-23.791864,-139.64783,459.40207,-12.424304,49.150642,-25.686909,-32.577744,-3.843337,2.3576992
-35.49691,-705.27167,-2114.8293,-72.707535,89.542046,-1481.9161,-366.74567,-19.48105,0.0,-828.43646,13.026675,141.5773,0.36219758,-44.84493,-1458.3456,1.923034,44.498306,-66.8947,1989.2028,-1538.152,1060.9702,202.6617,-4729.097,212.87515,-586.6348,774.48975,-1687.3273,6690.46,8430.008,0.0,-94.50396,-1.4155457,-9.2918,-145.28328,808.3372,-21.652693,56.787266,4.6814165,-35.8636,-6.869951,-0.59813553
-15.062719,3170.9365,2025.5535,234.85416,29.189573,363.3175,304.59183,-16.01802,0.0,-577.88684,-19.850616,-663.0115,-3.0605154,119.953606,679.1754,-9.419647,18.505697,-34.0398,454.7257,5846.288,1050.3276,-601.57605,37703.996,958.8018,439.466,1048.6987,366.4835,14961.953,9683.098,0.0,-48.108288,-63.77049,10.993162,-21.9743,-720.00635,-36.765984,-155.74594,3.3042593,71.54894,-13.385547,-2.1267002
3.8173223,-795.7158,-1353.3429,240.00706,57.999237,-713.2833,-1224.5814,-17.659126,0.0,-1129.6298,-150.3268,-657.2474,-0.8729569,-89.552376,-1709.74,-3.24788,-36.311485,193.64578,1582.5321,-5429.595,-132.74939,-77.43333,-10531.773,-458.06247,160.61258,-470.46127,345.2747,-6126.417,-6281.9844,0.0,-75.231415,1.7801236,-9.496011,-117.26667,-730.59235,-12.319492,-102.5084,-49.652378,-18.738256,-13.02136,1.5622113
-6.422094,-281.77304,532.9781,559.5841,-20.926365,463.2791,160.97725,-10.853947,0.0,-513.491,24.358536,-25.095934,0.90381116,87.80199,430.9162,-2.5420313,-61.865055,-0.033422947,1879.252,-1720.4097,1027.3429,328.49243,-9006.765,504.6684,289.9641,1587.9955,90.309654,5077.9287,6350.341,0.0,-67.68515,-5.8302827,-7.2219906,-246.87788,490.19177,-13.678575,66.58354,2.5308232,61.691265,-3.8750799,1.590288
-2.7399201,-661.8154,-1591.6636,254.03264,65.832855,-545.6945,-1399.9299,-16.573269,0.0,-394.33923,2.0570493,-232.51712,3.3586602,69.14758,396.99155,-3.0426066,8.266778,-84.30542,1282.1741,-6612.2993,87.54062,-95.60928,-17334.21,-676.17786,88.81871,-1066.7854,245.50418,-8885.776,-10907.926,0.0,-98.2954,-0.8807629,-8.741002,-101.16189,-724.84784,-11.648381,-107.05976,1.758529,-21.687675,-13.276702,-0.59813553
27.545992,-179.53207,531.62054,361.25342,-20.380804,346.37808,132.06401,-14.479737,0.0,-791.1272,25.372532,99.2451,0.20364732,51.544548,-1648.02,1.4673308,34.407856,-79.08767,1162.9348,-5095.4995,939.05396,-1.5540687,-6971.79,272.12387,252.94427,48.128555,-736.5053,3376.9722,4397.614,0.0,-56.285347,-0.687554,-10.615846,-126.99786,261.33453,-13.475699,24.776867,13.049541,-10.039366,-3.5151649,-0.9027102
-20.12521,2436.551,1858.5394,428.0265,-8.09994,454.56995,291.89447,-43.766743,0.0,-38.896076,-149.2939,-2101.75,-2.8303447,183.13568,563.7582,-7.2270694,-76.37808,-35.055683,406.8219,11519.7,661.1446,-543.45026,46638.523,1641.5862,-14.405497,1641.7803,267.97586,18842.43,14694.394,0.0,-43.169098,-8.077706,37.437077,-66.43259,-468.37845,-57.148182,-200.94046,-33.07315,16.513834,-13.045462,2.3576992
31.332325,3261.569,1955.6646,558.81104,-5.4862766,406.63916,126.27575,-12.21335,0.0,-1305.1248,-67.82069,-38.440865,-0.24016005,6.8606396,411.6348,-2.6164896,37.21287,18.983015,55.210373,-561.1041,-649.17914,-141.3134,-4151.132,-41.99791,130.22159,-1332.7415,249.14503,4290.721,2938.0715,0.0,-64.20131,-63.48355,-22.431078,-84.632324,728.0331,-17.942888,55.000053,3.342034,-7.6575313,-3.942877,1.590288
1.9763161,-181.02853,354.44864,460.44662,9.225369,342.87015,142.42432,-11.095304,0.0,10.884299,3.370475,-313.40964,-1.7725766,30.605244,277.54385,-1.3280888,-21.389862,282.7143,979.33234,-10728.266,-507.76453,-234.30318,-20475.0,-1444.9799,102.04516,-2602.6658,133.75536,-20074.287,-16079.951,0.0,-138.76105,-0.8666832,-3.642507,-121.644264,-444.22955,-11.439771,-122.649,-22.8364,-34.316486,-4.8246264,2.3576992
45.660336,-152.59184,334.7365,676.30536,-17.809462,437.3582,307.35397,-32.190346,0.0,-3218.842,28.463287,51.4253,-4.982908,-54.275475,485.27103,-25.810076,62.133194,-291.45303,2407.6143,10133.726,509.60742,-666.1162,86006.36,1726.0828,839.9627,2986.3403,517.28375,19774.654,21034.855,0.0,-74.07727,0.28872335,-52.13334,-207.93306,-485.90283,-122.10443,-146.44713,2.4310877,-10.84371,-4.3093257,1.590288
16.774954,-725.8342,-1345.0209,155.82796,197.91286,-567.58105,-636.05023,-12.348332,0.0,-609.9024,-0.11390999,120.56543,0.49208707,83.13729,473.04303,-2.7503462,-9.951493,498.3293,1738.7253,-4820.746,-106.69445,-45.81024,-15207.526,-210.69308,203.94333,45.74865,403.67294,-6529.8745,-6173.676,0.0,176.35373,-1.2816889,-6.6704106,434.63608,853.7882,-11.43886,165.39932,2.261787,-35.094173,51.916187,1.5622113
-8.40257,-290.72983,347.27878,371.46365,-30.145184,418.8426,112.523506,-10.249834,0.0,-813.0565,2.4422605,-141.09195,-1.7725766,-124.89786,416.65573,-2.1243467,-32.945988,311.06335,1490.2844,-6339.6914,32.451107,46.488083,-14253.651,-237.27444,93.50503,-90.40298,-161.29198,-7701.697,-9061.581,0.0,-126.62397,-1.2816889,-5.2633805,-148.60637,445.80588,-11.691971,82.08794,1.4193828,-15.416873,35.702408,2.3576992
193.76878,3306.9556,2134.1895,-1.1862755,31.182554,320.59344,252.35541,-16.207966,0.0,-143.74323,-13.709544,-241.93298,-1.1762177,15.492151,380.86243,32.165756,19.158783,-22.135908,615.80237,8795.866,786.6112,-817.96625,38530.12,854.88165,392.51056,863.46643,151.16313,14660.134,9914.695,0.0,59.22652,-66.30458,-49.29306,-82.018654,659.2496,-40.247574,145.87119,2.486777,121.77307,-16.286196,-2.1267002
-4.139118,-240.04927,475.07663,455.5145,-1.7532454,451.77048,169.93127,-11.820456,0.0,-700.202,10.71754,34.464104,-1.2693526,50.728897,342.10638,-0.32686386,10.5140085,-106.5631,1796.0438,-881.1383,1055.407,241.10158,-7681.7456,559.01404,130.51308,1130.3945,234.23682,5990.21,7236.443,0.0,-68.9115,-5.8302827,-5.26923,-193.45016,468.83212,-13.671523,65.58379,2.330887,-21.398312,-4.328076,-0.9027102
8.198522,-860.39813,-1326.6603,486.66113,138.11937,-271.01456,-728.48987,-12.276032,0.0,7.2679567,0.25214908,270.96875,2.0658796,74.58478,408.827,-3.9655495,-10.510849,509.60507,104.38564,-8424.998,-290.43423,-385.84653,-21677.332,-1491.6981,82.70613,-2364.6467,229.52344,-16178.086,-15206.474,0.0,150.63496,-1.3965962,0.74589586,380.67264,890.05457,-11.2343235,116.92868,7.4509363,43.93127,-5.3230586,1.1701571
7.59952,-299.96487,620.56055,497.94617,18.253212,324.46185,222.97104,-10.139964,0.0,-934.55066,-59.73644,26.670973,-1.0377321,-43.069588,239.59116,0.874933,13.247964,-102.55731,1466.5941,-2901.3933,721.5527,-63.82171,-7440.873,341.60748,145.28683,-296.15717,225.02457,3850.9778,3768.3938,0.0,-69.56229,-2.734399,-22.58468,-124.98112,-352.87473,-13.439703,-97.23424,2.3657258,-27.760527,-4.5594163,-0.9027102
3.9893875,-685.9086,-1657.7396,214.68414,11.029175,-364.8484,-1380.8574,-12.272913,0.0,-96.15371,-0.28717634,14.236687,-1.4515177,-100.19432,173.31442,1.6138344,1.4459867,-94.462074,1131.7927,-8459.358,-314.8078,-499.42596,-19404.588,-1484.755,119.25491,-2179.2297,237.51242,-15541.958,-14723.478,0.0,-108.08585,-0.98159057,-4.9630723,-105.25131,-722.5052,-11.500624,-104.65193,7.4706626,-22.138422,-6.4831004,-0.59813553
-55.85996,4052.539,-2249.5796,-145.12338,1397.1208,-727.83215,5.920743,1217.2164,0.0,-1053.07,-165.69983,-93.84447,0.8326082,-197.54776,90.849174,0.940848,39.57139,-237.0413,-465.46198,-844.8891,-580.1615,-282.66205,-3045.516,51.696217,-757.51086,-1842.7056,-318.02374,3105.7007,2227.9011,0.0,93.99436,-9.244418,-23.80077,86.81238,800.83307,-10.108022,-6.959385,2.7906427,-12.880044,-3.37086,-0.47048986
17.117947,-214.75555,554.30304,499.21533,-14.998757,544.34753,145.5646,-14.628072,0.0,-387.81412,29.469059,-538.8151,-3.097424,48.31258,-1152.2637,-1.6719415,37.37443,244.14117,1542.8202,-796.37585,1078.4382,297.1715,-7931.726,511.25436,521.7866,2110.1418,-302.53174,6083.854,8910.509,0.0,-112.71022,-3.183476,-7.433267,-208.52444,405.94522,-18.06119,65.15581,14.589283,86.700714,-3.222387,1.590288
-11.457227,-218.8104,320.74442,649.673,10.089822,295.5896,160.06273,-12.831571,0.0,-375.11435,2.794041,284.91693,-1.4882054,43.822742,253.00237,-3.46155,-19.577488,169.72415,1107.278,-9775.91,-597.34064,-216.03029,-18367.645,-1188.6401,66.811424,-2522.5134,168.16006,-18945.162,-15672.393,0.0,-118.132706,-0.8666832,-5.423034,-130.4963,-358.331,-11.433122,-90.803345,2.4565313,70.6617,-4.940755,1.590288
3.2223306,3059.9949,1738.1875,636.4359,10.130165,392.56805,244.60356,-13.728559,0.0,-856.2231,-88.86145,-518.05725,-0.24766707,37.78542,-1880.3539,-2.9727979,-17.37442,-30.160986,613.48584,1919.2268,1101.7349,162.31836,21821.781,682.93884,83.93421,-1607.5474,322.24832,3003.814,6376.8438,0.0,-54.42514,-60.983536,-6.2518773,8.10203,-660.61707,-25.032412,-50.753956,14.252223,-53.056313,-6.5767407,1.590288
-4.302262,-226.05186,448.86453,683.1307,31.297422,343.8643,222.86168,-11.467619,0.0,-769.71075,20.320927,279.95258,0.46507722,108.05727,355.42493,-4.47828,-64.497086,-259.6449,1335.5221,-1786.0387,846.7848,233.9649,-5054.3413,473.37222,212.3689,92.019966,-393.93796,4437.8433,6529.4775,0.0,59.37288,-2.734399,-8.053626,274.56113,-415.29742,-16.984915,-45.68279,2.838779,95.17836,-4.810859,1.590288
-4.637369,-604.7203,-2281.4192,103.90436,107.86512,-630.39056,-1565.3201,-11.108654,0.0,-1110.6558,15.470965,84.01381,0.20259911,-98.91696,277.04547,-3.0556967,16.945396,26.320536,1843.5004,-1299.9739,745.0352,-144.45462,-5148.459,49.575043,468.35672,289.8655,104.12748,5294.1777,6213.0337,0.0,92.0179,-3.3102727,-10.067093,444.4875,-992.04016,-16.16992,-63.295326,-24.479404,-35.97062,-22.427141,1.5622113
-18.915577,-260.12735,259.9759,540.111,-28.866642,348.85815,131.29985,-10.293826,0.0,-1216.2344,-155.81587,79.25266,-0.6099402,-92.03517,-1.2447242,-5.4766803,-1.2174015,351.97574,1637.6101,-7192.3267,-123.69334,-83.96413,-9920.282,-215.20183,112.03331,-511.18768,262.78815,-7949.0674,-9918.262,0.0,116.087006,-0.40611887,-5.636854,279.56287,-349.3284,-11.723968,-95.905075,3.4819036,-29.65357,40.502968,2.3576992
47.992977,-239.6535,559.4503,536.2634,26.467768,339.72702,232.82974,-10.366771,0.0,-466.4579,22.758612,-193.92769,-1.8180068,-154.68752,287.01782,0.48793247,19.920055,-93.71111,1750.67,-1365.2286,1193.0659,288.95618,-7605.0146,664.05084,418.846,1224.5046,250.55339,6001.7915,7169.9316,0.0,-63.060013,-3.296193,-7.6742725,-142.12973,-433.68973,-13.702787,-61.450314,1.8736032,-33.565987,-5.2667456,-0.9027102
-13.052673,2364.5579,1942.1166,680.8656,-42.95365,294.5785,121.72547,-13.063489,0.0,151.50153,-32.250923,61.396,1.2257817,88.27482,511.6181,-2.3507164,-45.14976,663.40045,-401.59848,585.2579,-102.08295,112.66834,-15754.474,206.1474,152.12454,338.1705,313.15097,4119.79,2490.276,0.0,145.45746,-63.48355,-22.226877,399.29282,697.7702,-14.380685,62.06324,1.4827849,-23.659004,-4.0260115,1.590288
10.2530155,2440.9946,2069.5183,747.0124,6.4542875,293.2839,159.75485,-28.240732,0.0,479.72098,-80.89112,-24.666168,-0.29313707,-63.970997,-90.05162,-3.6989357,-35.087936,179.67732,79.034195,-3820.0913,-482.129,-70.346146,-13284.254,-39.542007,259.2169,-2300.3137,212.89406,229.56981,-395.55612,0.0,-117.26581,-8.364753,-24.12999,-155.083,-604.0563,-14.840732,-79.31455,2.7526827,47.524647,-5.051669,1.590288
-44.71558,2675.7488,1727.8799,-5395.6636,202.60107,191.95454,126.46198,-14.389201,0.0,-1179.1859,-29.871927,50.381546,0.04186672,-39.81412,-1482.8402,-5.4162307,-19.39674,37.696754,462.63794,-5906.914,-222.57924,-150.33525,-8378.403,-405.79813,362.5274,-411.27942,63.51016,-6794.0483,-9349.598,0.0,137.49463,-8.019522,-59.514126,157.3624,-648.65466,-14.667878,-131.93037,-95.408936,106.10162,-57.346634,5.554518
71.94108,-1700.8663,-2442.9585,443.19168,74.25444,-666.11456,-1929.9662,-12.690052,0.0,-2176.0447,-68.33652,-474.53113,5.6713576,111.76115,488.9663,-3.8956366,-77.690926,-46.35272,279.38852,-2992.1155,934.8754,-626.4087,23868.654,820.9917,305.4004,-1532.2437,395.3129,2017.3137,1948.395,0.0,-79.186226,-3.3102727,-3.5651555,0.51882744,-999.57086,-16.780249,-113.06512,-76.54306,-9.340983,-14.981463,1.5622113
23.215794,-313.96588,375.50238,604.10803,5.874437,244.10872,147.0754,-13.05295,0.0,-1046.2195,-34.829357,62.561287,1.9429319,60.35261,456.53168,-2.6850982,-27.772871,-65.468834,1386.8085,-9941.86,-537.41785,-225.66676,-10642.391,-1333.9694,123.314064,-1101.8528,45.970882,-16129.471,-13005.007,0.0,74.33312,-0.8666832,4.923337,-99.58277,-372.12262,-12.251748,-54.565712,3.472958,75.87614,-4.9419575,1.590288
23.414022,2974.8418,1976.1504,-4713.6323,84.98668,255.41626,127.09761,-12.616578,0.0,-1203.703,-38.764847,153.84346,0.51541066,-41.68599,-75.48265,2.047393,9.491378,-104.34198,165.85536,-400.78934,-599.7076,-72.07794,-4614.6597,-84.062965,104.97443,-750.6096,220.95642,5087.8496,4609.4873,0.0,-126.57573,-63.163136,-53.927616,-59.36571,838.33356,-22.998224,171.91231,2.8691943,80.29779,-45.125595,-2.1267002
-33.030746,2758.58,2173.3516,674.1526,-12.957847,353.86517,121.83534,-14.155927,0.0,-644.2827,-73.92076,180.51744,0.36916578,89.8199,435.67886,-1.4123108,16.328123,640.9329,-306.89948,-929.5524,-219.97728,-28.795897,-9340.288,42.23416,243.09924,-1209.1793,169.6116,3564.79,2562.6128,0.0,137.17413,-63.48355,-20.942562,350.88742,658.583,-14.988368,60.749516,3.0513291,33.12992,-4.1612716,1.590288
-124.22343,-3257.6006,-2005.2974,57.344093,63.354458,-857.50824,-1537.5851,-92.10126,0.0,-1665.3115,88.527306,261.95834,-32.660965,-85.91483,292.67493,9.338259,-1.0786239,-10.2032585,2986.9512,14307.493,895.8553,-255.17563,60954.254,2079.3796,1097.8469,6076.004,-663.40906,20503.186,21840.35,0.0,-57.82427,-3.5086632,-20.487185,-102.62974,774.82025,-150.35603,188.68658,14.625228,23.570995,-6.2409654,-0.47048986
68.87182,-154.44696,599.65314,487.05096,43.384346,312.70593,278.1887,-15.298923,0.0,-387.37207,-61.22638,191.50081,0.41018608,-6.73545,-1372.1329,2.0774522,87.30121,-55.33631,2003.0939,496.18713,717.4219,270.7955,23860.314,769.1141,413.13748,-280.26923,-103.02204,11021.876,7797.3984,0.0,-48.683964,-0.8343421,-7.666329,-227.14372,-482.99655,-21.792688,-57.052197,3.048518,-10.12823,-5.1314526,-0.9027102
-77.36732,-242.25943,483.4946,431.89554,-46.756855,406.01562,110.0864,103.61263,0.0,-167.83699,-7.94808,653.6553,-0.5797272,-131.63853,-803.68054,-3.168495,8.430048,237.94568,1715.2205,-4201.1494,-209.62244,-100.97847,-15049.194,196.6099,227.22318,-1956.0905,-108.442795,-3482.3286,-954.01154,0.0,112.84947,1.3651179,77.15631,-130.21506,465.0036,-12.367787,37.984947,3.8622756,-28.027462,36.16753,2.3576992
21.900236,2641.7312,2362.4407,528.99805,-35.8497,320.30966,180.55138,-13.735361,0.0,-959.4141,-73.03936,-75.64111,-0.094940305,78.63622,491.2637,-0.16701794,-20.421083,7.4079747,-393.93176,-342.8998,-773.9604,-215.41048,-7173.541,184.14235,83.69882,-1740.5428,100.15235,3909.958,2104.085,0.0,61.40624,-63.082626,-26.693995,177.56242,-666.3965,-14.817624,-45.055264,3.148313,-6.8108325,-5.050486,1.590288
-0.7036234,-304.46634,294.93335,682.0026,-30.21049,263.59686,142.16826,-11.845028,0.0,-1291.4664,-155.33545,140.46286,-1.1179681,64.500626,322.2699,-4.3866835,-10.977586,-33.58902,1478.4462,-7113.358,-130.3558,-68.46395,-9552.831,-257.45367,130.9431,-280.1438,254.71603,-6806.116,-9823.938,0.0,73.35828,-0.8666832,-8.954578,237.49968,-379.55756,-11.667591,-124.51601,3.472958,70.29286,-4.751162,1.590288
5.1408477,3170.2798,2043.6644,-5082.6343,319.95935,188.26204,245.53381,-14.344443,0.0,-228.03534,-38.628754,-50.40271,2.2379906,84.69229,417.17892,0.7402446,26.081972,-81.06375,408.6192,2927.2056,550.54956,180.68935,-5941.287,487.57782,458.3207,-391.8845,185.63678,9143.899,8235.053,0.0,-101.01549,-63.77049,-34.554832,-84.14872,-781.4231,-46.808205,-164.5018,1.8656588,140.76552,-43.645306,-2.1267002
59.906883,-257.8771,652.624,616.7524,-32.37539,378.22922,149.16478,-11.934059,0.0,-600.9073,27.531668,58.98092,0.46507722,-87.77699,-43.153847,-4.1752234,-92.3406,565.7088,1507.5363,-621.44525,1055.8204,421.4676,-9098.594,485.48904,192.29884,1935.4296,-632.0882,5567.0356,6362.3276,0.0,109.8305,-5.369718,-8.482638,618.8279,433.3026,-13.324183,66.75039,2.9625344,92.91278,-3.9321964,1.590288
8.87731,-277.25665,586.3514,342.304,-7.837494,428.10583,130.98373,-12.509921,0.0,-665.1498,-56.657814,321.22574,-0.38312376,-36.212044,-89.433,1.4731686,11.303148,-108.99104,1252.786,-4713.1875,655.9506,-176.67274,-9066.22,272.76202,283.19943,882.8279,-763.491,3129.0159,3706.8525,0.0,-68.23842,-2.6888404,-22.68404,-137.87189,318.69287,-13.644239,22.626543,3.343882,-8.929172,-3.6973488,-0.9027102
-18.623013,-639.84326,-1685.2245,524.3531,57.992546,-617.2254,-1440.101,-21.077572,0.0,-1119.6707,4.091657,621.08246,-2.8382244,117.27648,413.8725,0.4946334,-3.1314795,-12.113472,2109.6055,7281.3667,788.2028,-89.92583,32174.248,985.91614,798.0883,3179.298,216.29713,15986.773,10075.249,0.0,-77.36115,-5.9227057,-2.6568537,-183.24364,865.3731,-38.524094,92.20888,6.9211173,-23.692598,-7.2855926,-0.59813553
8.502633,-812.4728,-1389.9469,465.56723,94.48198,-324.17435,-813.8823,-20.499779,0.0,-163.38217,-0.31798288,-10.048548,2.109266,58.85139,380.29324,1.252089,-11.7685995,-120.86225,1399.0256,-7359.0938,-72.65596,-69.21227,-19155.764,-1406.0924,178.30966,-1540.4849,245.74013,-11440.479,-12369.8545,0.0,99.75436,-1.2816889,-9.204739,-146.27885,865.591,-11.470748,154.64241,6.3493834,-25.40648,-5.3121057,-0.59813553
-14.6027,2755.2437,1907.7329,-524.87506,-3.247663,242.76372,102.818214,-13.088912,0.0,-197.63676,-77.20296,-47.101948,-0.7084163,-32.98165,330.324,-10.617406,7.184197,338.5572,473.56766,-5928.5728,-28.960464,-38.96658,-15602.598,-122.94869,285.80627,-954.9598,220.4407,-8590.014,-9108.018,0.0,121.54083,-9.380468,14.843191,-112.40091,652.92206,-11.54422,146.82425,1.660495,-178.60664,-8.459565,2.90065
3.361915,-247.21698,374.31595,510.7365,6.07522,313.93494,164.73874,-10.629907,0.0,-703.0132,-59.709206,78.07579,-0.4361008,-116.62866,292.34964,0.38333312,12.480667,-236.95454,1390.4957,-4180.392,-23.51945,-49.944542,-8530.225,-161.69992,168.00093,-1737.8474,132.75313,1022.522,1601.024,0.0,76.11765,-0.8666832,-22.275215,218.86217,-503.1695,-13.459798,-30.658182,2.1607077,-28.538038,-4.8894396,-0.9027102
-3.5374465,3239.9966,1814.6187,-160.66505,5.95658,322.13416,104.92674,-29.28665,0.0,-574.14246,-75.39846,335.79404,-0.6484703,69.3489,357.35837,4.78548,9.659124,-113.97339,597.8108,-4049.6042,-552.1507,-17.04148,-9753.395,168.9682,340.2998,-1900.2561,78.15594,-3653.135,-1940.1715,0.0,-64.39824,-9.380468,-22.848742,-55.259544,634.9127,-12.13613,94.64047,2.875717,69.02925,-9.593134,-2.1267002
9.00906,-704.0489,-2055.0667,545.9223,60.103146,-389.1502,-1743.9958,-11.192718,0.0,-714.55414,-59.754425,395.6074,0.49208707,74.27276,344.0914,-2.5807395,-39.43264,-224.3888,1581.2959,-3011.9863,698.6129,-74.75092,-10307.297,272.87967,295.48572,218.28458,160.11612,3335.111,3055.7966,0.0,105.05325,-2.734399,-20.702667,306.8202,-1035.9359,-13.211672,-47.137833,-21.667929,-37.67516,-21.56007,1.5622113
-51.360924,2843.8853,2000.4901,-461.7359,49.64475,240.86377,210.64099,-12.867967,0.0,-794.73834,-78.282486,203.69156,-3.7579112,114.436386,445.43237,27.24601,14.008271,-49.798435,1331.5721,4670.5596,744.2154,-137.96014,23420.367,471.66873,279.38263,-847.9702,372.2347,8816.034,6695.9585,0.0,-51.348717,-66.31866,-37.12398,-102.779396,762.2012,-22.29761,-22.595001,2.2876003,108.2452,-16.598928,-2.1267002
-28.006388,-247.1594,526.59454,408.42297,-42.828686,490.56638,267.9864,-46.29428,0.0,-407.53445,2.4194956,775.415,1.1491016,45.3842,-83.735344,25.801012,17.35466,-32.9466,2034.9146,12488.332,733.741,-895.30023,43133.49,1684.6628,247.92477,3276.7964,-305.28485,17863.992,15897.943,0.0,49.92383,8.721956,-156.44997,-172.44601,421.15372,-43.636986,128.82684,2.741203,11.023535,-4.1015644,-0.9027102
-6.7527394,-279.69894,418.76886,438.97235,-22.520575,316.98486,110.46015,-14.142176,0.0,-669.06195,-0.23991439,661.16516,-1.1179681,46.321926,-611.0618,1.5056523,13.106435,-86.43839,1654.6661,-6451.66,-111.05653,8.57872,-13512.632,-3.959085,283.034,-139.8276,-117.78144,-6647.7847,-6585.225,0.0,-50.020332,1.3651179,-8.171117,-108.72226,422.80023,-11.6192255,45.632412,3.7136216,-27.457258,-3.9465854,-0.9027102
-58.095848,-315.21393,402.2777,395.73566,-21.535845,391.51334,101.51002,-11.635271,0.0,-179.54686,-30.540367,-287.1636,-0.73790205,-124.26917,398.22058,-2.676118,10.907294,-167.87024,1639.495,-4603.8906,-152.90932,42.337498,-13227.747,18.017967,231.71002,-1610.6361,-137.23456,-1770.1993,115.93572,0.0,81.11417,-1.2816889,81.1006,-72.838745,497.79553,-12.960662,46.52213,1.4838793,-33.805332,-3.8650918,-0.9027102
48.400776,-766.19104,-1577.835,350.459,49.929787,-476.42172,-1392.4176,-12.638236,0.0,-59.327606,-8.744294,280.2212,-0.4723315,-36.512486,256.79324,1.4238741,9.787354,-82.529236,1366.9952,-3563.4067,-148.9542,-92.1817,-15040.639,-132.87675,151.33183,-1935.3541,67.684814,-3183.8289,-2500.1816,0.0,-75.4103,-1.0209093,-10.852373,-103.64995,-728.2152,-12.0158615,-39.183273,7.3113256,-26.785711,-20.598936,-0.59813553
5.4469543,2163.8137,1466.8934,-670.6801,231.38258,186.1247,136.29643,-12.741598,0.0,-82.7464,-11.91167,-35.89225,-0.42635036,-102.548164,213.67517,-3.5181956,2.6354616,-112.87529,239.27104,-12346.156,-629.97235,-505.86508,-20798.652,-1484.3506,207.0424,-3104.0603,-66.563934,-23630.01,-17570.982,0.0,-80.1552,-9.006445,-4.902326,-44.75298,-647.3607,-11.3346815,-133.80736,2.539096,57.817192,-9.963175,-2.1267002
0.3551122,-1544.0258,-1825.3964,134.53639,157.18379,-1151.3434,-556.0979,-15.904348,0.0,-1043.2906,-62.842125,-504.86438,-4.33448,107.38196,506.91025,-14.222779,5.479892,-68.81328,2440.979,702.097,791.89496,-112.28836,20069.943,391.60666,365.93353,-472.49796,-1260.757,5236.356,6987.9424,0.0,-119.98941,-3.5447311,-4.845724,92.28452,895.93567,-34.898903,63.99187,2.3912072,-10.756843,-6.7928786,-0.59813553
-17.258434,-183.40346,666.55853,511.9926,-55.628242,446.58713,137.245,-9.74799,0.0,-327.80783,29.582642,-263.89844,-1.690747,105.71499,577.52124,-0.39704084,-39.79028,977.4467,1819.4382,-2202.7803,796.101,332.75342,-10719.031,587.16583,352.8619,1918.4338,279.21906,5077.5723,6586.961,0.0,146.22545,-5.8443623,-8.646633,565.4396,515.3452,-13.325052,72.548965,3.0396163,123.81414,-3.852619,1.590288
-10.80634,-726.0416,-2418.0151,184.23773,77.92126,-726.1223,-1592.293,-10.315211,0.0,-912.95575,12.7361555,-510.05197,-0.20152476,-142.93317,-23.716642,-3.0782733,-44.223644,224.22318,1813.592,-568.2522,1045.7605,-83.809906,-5564.6323,163.09795,432.6996,427.94516,271.77643,5678.665,6344.028,0.0,-147.8558,-2.8497086,-8.710091,-280.61176,-1037.7458,-16.302574,-62.932243,-35.286655,-12.292262,-22.25396,1.5622113
-26.34919,2676.9692,1743.1066,627.7371,-39.23321,425.91858,299.27112,-52.62768,0.0,-1550.3907,-161.22073,-160.08311,1.0882381,69.03205,551.2027,-15.511862,-62.330025,-37.619144,1432.8671,11065.526,761.7009,-534.45966,56766.78,1070.6215,334.24606,1838.4198,422.82764,16282.38,15355.649,0.0,-44.077164,-62.32094,21.091997,-82.95976,-497.3219,-43.381844,-97.777115,3.3042593,-151.21068,-6.61049,1.590288
29.590633,2661.0134,1667.0619,-5198.6616,210.64435,111.116936,295.009,-11.163019,0.0,-813.8895,-65.55438,-375.93634,1.6622008,-254.18309,281.87112,-6.348722,-119.95229,-53.080547,1863.3945,5256.388,921.05225,-35.8154,26809.12,490.15414,750.5416,-852.84033,59.508797,10975.565,7049.598,0.0,-89.640625,-63.784565,-102.33656,-125.03421,-703.1515,-25.900671,-131.28456,1.4255441,-468.03024,-62.155823,2.90065
-8.889105,-689.8537,-2114.8235,432.18594,31.01053,-484.53476,-1246.99,-14.3017435,0.0,-400.74762,-57.965855,442.52332,-0.27444324,47.640736,-826.2264,-6.3101673,43.333347,2.443573,289.16962,-4100.315,42.592033,-163.66632,-10978.236,-113.95147,31.767967,-2199.218,416.0306,-270.19397,197.09134,0.0,-59.82034,1.5951678,-5.2612424,-120.276306,-591.299,-12.980508,-48.92595,19.583462,68.21036,-12.983804,1.1701571
-32.115795,-795.74994,-1928.2935,471.1219,132.47476,-549.5347,-1114.6545,-16.934343,0.0,-1042.585,32.480446,298.55713,-1.8365241,42.906822,275.7359,-2.855462,5.6993766,-213.37607,2757.7202,1914.6929,920.61395,-249.0577,-2712.0222,576.6182,737.4379,2303.7007,-194.22145,8596.601,14674.626,0.0,105.98719,-5.8443623,-5.7873707,438.65808,1068.052,-59.950176,60.773636,2.087768,-23.323156,-7.0965753,-0.59813553
-4.6808233,2365.132,1749.0033,570.315,13.756159,225.22902,138.36813,-20.28197,0.0,301.41452,-81.52665,246.10779,1.8204486,76.33617,307.3613,0.8315939,10.578891,-123.55203,12.376846,-7017.1895,-197.17169,-108.92107,-20820.875,-586.5897,604.94446,-1839.4904,157.92789,-10028.943,-12455.8955,0.0,-77.42903,-8.825316,-8.412546,-57.44054,-558.8524,-13.662356,-108.15354,1.2423005,-5.35893,-5.672703,-0.9027102
24.8358,-855.83746,-2244.0493,137.3435,52.540707,-771.18744,-1409.756,-12.644636,0.0,-1357.6091,19.078598,-758.3528,-0.20152476,68.34547,-1113.6764,-2.3233986,42.408558,25.874695,1682.8457,-2949.68,787.7183,-155.48169,-4690.2075,52.618595,305.11676,-643.21826,-22.03936,3990.5537,4372.362,0.0,-102.01713,-0.27254832,-10.042666,-145.9387,-919.75104,-21.737621,-47.447426,5.080117,43.45085,-21.608192,1.1701571
2.216555,-690.0641,-2017.1273,203.2457,8.146898,-694.8456,-1526.2574,-12.520531,0.0,-836.16986,-60.098827,398.65656,0.04281676,24.249573,202.24832,0.73662215,20.724087,-103.538475,1354.5736,-4402.812,460.7858,-88.888145,-9105.863,-86.10207,182.02759,-366.6264,17.334593,2197.8652,1899.3912,0.0,-91.10908,-0.8807629,-23.866648,-116.48966,-981.70013,-13.396113,-27.279154,2.9574988,-39.120605,-20.0902,-0.59813553
2.5513844,-315.7811,472.47986,483.98373,-4.859206,278.91495,139.58069,102.84151,0.0,-375.15472,-59.889328,164.99545,-0.38312376,-60.054363,-18.861073,0.8712561,12.853115,-213.37639,1275.1414,-6086.707,-151.78381,-202.72765,-11949.418,-50.269775,208.0204,-2051.4612,84.87939,-2150.8699,49.03311,0.0,62.78502,-0.40611887,-25.657639,203.0038,-454.72064,-12.176595,-43.22631,2.914519,-26.58795,-4.84514,-0.9027102
45.69028,-230.88206,497.95917,581.302,44.566544,439.96927,233.76675,-12.199293,0.0,-532.79767,18.92251,253.04137,3.9027157,88.18508,347.05988,0.47603643,21.2445,-95.834145,1657.1818,-1575.5201,1230.8083,280.40356,-4852.23,489.93036,454.4578,1063.9333,-451.06723,6108.568,7930.0977,0.0,-53.628815,-3.3102727,-9.018643,-135.81384,-498.50064,-22.566486,-60.075996,2.9374309,-26.903044,-5.305774,-0.9027102
2.8258686,-855.8301,-1642.8944,243.30597,50.561855,-1032.5876,-1634.5428,-21.008041,0.0,-1635.9926,46.764,131.15192,-2.8382244,118.00525,481.9767,5.854053,58.783657,-10.641046,1827.2338,7319.003,805.5673,-20.91457,43237.742,1003.0854,380.39783,1387.6821,-127.1254,15417.782,11038.401,0.0,-86.515175,-5.8443623,0.81538737,-224.558,578.49927,-39.57686,133.26851,2.4177437,-24.14718,-7.1598525,-0.59813553
31.950459,-836.5066,-1521.094,563.2917,56.41816,-239.66707,-1368.341,-19.273159,0.0,-258.9356,-0.5582676,608.4009,-1.5469524,-1.13242,-913.8768,0.46717125,13.857665,-118.880356,1339.6516,-6397.063,4.5101075,-105.34003,-16462.57,-577.7918,269.98422,-282.77365,84.48126,-8611.113,-10212.213,0.0,82.223114,1.7801236,-7.14866,236.95415,-702.0592,-11.447571,-40.687836,3.9941857,-27.270077,-5.3274083,-0.59813553
7.3206673,3553.3154,2308.2488,-265.06512,291.3276,292.42426,329.45047,-12.3077135,0.0,-888.1265,-20.293465,-389.26642,1.9305472,73.55785,509.13293,11.887872,18.486824,-55.019825,970.1563,5292.57,798.8856,265.7408,38324.938,799.7512,339.9947,-195.25992,-53.92497,12064.869,8726.81,0.0,60.186256,-63.784565,59.199448,80.340935,-909.588,-29.633268,-200.1993,3.2307165,110.54282,-19.202402,-2.1267002
30.471872,-184.44096,631.44745,517.77704,61.20552,388.43466,279.83423,-12.852535,0.0,-1097.9662,-61.925003,-583.1561,-0.5218493,-47.101402,-114.005325,-13.189142,17.591217,-78.886505,2087.0398,-210.4293,969.88904,377.15765,20498.045,832.731,453.0745,-565.74,189.55568,6080.754,6445.2812,0.0,-60.55284,-2.8497086,-6.072295,20.634674,-357.1573,-39.077435,-62.906425,3.0131478,-9.871371,-5.184755,-0.9027102
670.3257,2112.357,469.71628,605.1864,503.59348,366.9954,572.1817,652.06537,0.0,-977.0716,129.9593,-386.4193,51.780636,1249.7987,509.825,47.515354,10.1165695,31.99312,1025.8511,26952.79,1309.5802,-484.3568,114173.16,3629.4043,-574.4044,7674.915,209.30042,36498.453,43012.77,0.0,82.3622,10.568127,74.65474,-11.717069,656.6686,1600.3494,-274.23407,1.3423964,42.452682,-3.481243,-0.9027102
40.386024,2118.1743,667.45325,624.93256,505.54178,265.0977,345.03183,869.98376,0.0,486.8061,37.07592,299.8818,-3.3259704,21.822714,715.1499,53.1,9.555532,-1.7067273,655.2074,16673.688,145.03432,-852.6462,77222.055,1163.6741,183.32874,7911.0093,485.91837,23591.32,33859.332,0.0,86.079315,10.568127,-71.363304,-71.93438,607.48254,2804.7734,-194.57977,1.1500595,38.997562,-3.5875516,-0.9027102
-2.8585825,3040.0024,2252.5942,696.52277,-14.785492,295.92905,236.89732,-14.745579,0.0,-434.94608,-38.218662,124.22733,-0.99067104,95.95257,347.1078,-2.3077235,-113.98325,-61.76573,140.66783,2289.156,682.32477,-167.66197,-6217.1523,480.93686,346.1561,182.53131,156.85168,6407.415,6387.0083,0.0,-59.464355,-63.63034,-22.9246,-92.052,-646.0843,-16.215836,-46.24598,2.108337,-25.36879,-4.924451,1.590288
6.835795,2219.9932,1661.1884,506.291,0.87593466,245.50592,123.489,-16.682842,0.0,-383.06854,-11.345584,-157.86057,-1.1842655,40.78654,-1576.2125,-3.7047,14.675211,395.35092,596.2004,-8759.726,-716.2429,-151.91582,-15455.881,-1099.2585,361.62198,-1631.4583,157.3087,-12699.306,-12389.714,0.0,96.07385,-6.17851,-4.976434,241.9125,-495.93674,-11.53712,-119.03416,3.236456,-16.226723,50.802265,2.3576992
25.988016,2889.6418,2356.4858,-439.39417,284.80792,230.04982,207.90184,-29.408237,0.0,-265.84326,-74.782845,291.52124,-0.99067104,88.003654,325.5267,-7.0689025,10.583651,-198.04984,137.54266,-2311.4824,-756.75507,-150.28546,-9369.794,-100.14201,36.872417,-1903.1093,45.95336,1007.72974,1356.4268,0.0,74.91793,-8.965463,-21.614342,125.397934,-794.44836,-14.534375,-93.11471,3.2757664,77.385185,-10.291279,-2.1267002
-7.2566504,-862.4713,-1659.4493,427.52377,76.90416,-436.3358,-711.3065,-15.782582,0.0,-181.7309,-0.2681081,-237.31615,-0.13102257,47.184853,200.2635,0.8625748,-12.732686,-87.70525,1412.2208,-8403.774,-23.566854,-404.66785,-19132.441,-1321.7737,105.73293,-1527.4652,162.62639,-11726.651,-12179.113,0.0,-90.2268,-1.403249,-6.478743,-127.51439,814.40845,-11.457716,125.552025,6.549007,-26.468801,-6.8274055,-0.59813553
-2.7404423,2134.1526,1714.2711,731.5081,-9.130912,247.18155,140.98389,-12.647485,0.0,441.45276,-81.11105,64.46831,-0.42635036,-65.104614,-106.92654,-5.5829167,-26.418955,197.61638,45.321503,-7270.4277,-219.107,-57.548634,-20269.785,-543.5754,260.65234,-1587.4403,274.81058,-9448.6875,-12251.315,0.0,-114.063156,-8.364753,-7.501323,-127.90377,-499.10834,-11.555977,-121.30564,1.9903901,-13.2770405,-4.98913,1.590288
23.823723,2560.881,1979.52,530.6285,22.170156,371.35718,103.577225,-29.62382,0.0,-262.84964,-90.42525,287.27664,0.30849415,45.700493,325.61752,0.32777736,8.844767,-125.29691,434.12772,-3424.0898,-253.55444,7.69805,-15440.088,248.12216,376.1426,-1412.7756,290.25845,-3313.8906,-4793.232,0.0,-60.32393,-9.240322,-21.44222,-62.115967,658.665,-14.060737,91.59811,2.1487112,-11.289084,-5.4102383,-0.9027102
153.19733,-233.66914,663.92444,460.3358,-7.877681,430.07812,356.5706,-45.61477,0.0,-601.45026,30.05412,347.52863,-2.6943028,-302.9723,293.86426,9.403149,-28.11679,-12.203229,1926.5063,12659.787,568.0009,-653.06635,69303.48,1526.7092,636.5222,9219.662,-287.33804,21207.525,28201.375,0.0,-44.48553,0.28872335,-67.11428,-102.55076,-498.63083,-169.78783,-223.1096,2.4574566,23.05098,-4.6649776,-0.9027102
3.7574344,-749.43176,-2053.876,219.22481,60.644447,-627.4471,-1681.9323,-11.853326,0.0,-1054.2804,-59.74031,256.46957,0.49208707,73.8695,308.0856,0.37955534,16.539032,-229.09895,1528.1862,-1870.1965,664.0572,-167.6861,-9151.411,273.4056,240.70015,109.896614,150.24455,3260.6934,3131.0173,0.0,91.61903,-2.734399,-20.90761,301.88315,-1027.3639,-13.416208,-48.245415,2.9351954,-38.457012,-21.769615,-0.59813553
1.6189727,-212.43219,482.6672,422.3946,13.743691,295.89197,155.67247,-10.663641,0.0,92.51698,3.335847,-207.79396,-1.1554865,-28.50528,185.74359,-0.9501375,3.4323273,-147.2998,1078.7577,-9717.987,-338.66568,-223.51576,-20197.549,-1444.3624,132.5766,-1292.1578,107.71593,-15781.71,-14056.772,0.0,106.50491,-0.8666832,2.9055657,-47.01677,-373.22684,-11.718471,-68.629295,1.9098383,-35.666397,-4.937866,-0.9027102
-36.58416,-733.9267,-1187.3575,126.77623,91.95028,-658.39984,-641.91425,-18.577501,0.0,-667.5882,14.157598,310.02722,-0.7927408,12.323432,-215.39137,0.6382974,-2.3747628,-169.46489,1429.8102,-5231.476,-140.45659,-16.449274,-13707.159,-164.45935,280.63123,-414.65384,-956.22943,-5407.479,-4006.834,0.0,100.290344,-0.82112455,-7.798928,234.5658,831.78735,-11.4952345,47.909,2.4695911,-22.369194,-4.022868,-0.59813553
23.950214,-701.7607,-1739.0493,189.40666,69.50923,-527.0615,-1244.1133,-16.46059,0.0,-379.2628,-0.070994645,120.60155,-0.38188788,48.273293,99.11582,-2.8060873,13.853164,-2.144742,1394.2865,-6417.229,5.3586507,-48.067688,-15264.083,-256.99515,143.73524,-88.39659,228.91646,-8128.9043,-8989.569,0.0,-87.096275,-0.8666832,-3.849518,-139.63585,-645.01306,-11.410052,-39.457733,1.9929205,-38.749752,221.5674,1.5622113
-3.548757,-823.04553,-1628.3104,312.45203,67.67431,-381.10425,-1391.314,-16.459927,0.0,-887.55383,0.58165145,237.85977,2.535411,65.1014,316.17783,-4.725705,39.27715,2.4840016,1631.2223,-6244.6934,-15.701442,-47.65449,-13773.46,-711.30115,76.63128,-404.96616,46.876007,-7276.899,-8899.927,0.0,-73.49828,-1.0209093,-10.760851,-142.66753,-717.1824,-11.265938,-40.966087,6.8589306,61.36493,-20.556116,1.1701571
-57.41082,3135.6357,2441.1426,-513.6467,67.36616,266.85812,155.94357,-13.950196,0.0,-722.78,-38.564026,-105.875854,0.04421115,-73.645905,348.97787,-26.957144,14.12438,-251.15503,-254.49442,1200.9192,262.03415,-133.93402,-5987.922,151.30365,263.24036,-543.7598,143.75574,5597.5757,6302.8916,0.0,71.37692,-66.30458,-21.900526,127.44825,815.6397,-16.746437,22.296518,2.2322352,78.1787,-9.316718,-2.1267002
27.622238,-262.78806,390.512,456.72076,18.108843,318.19934,150.26093,-10.561387,0.0,-391.69952,-1.847446,-661.56274,-1.7725766,-118.43582,-136.39008,-2.4722247,2.4174757,-113.08931,1025.9856,-8179.1807,-302.9611,-243.59525,-16428.5,-1258.2878,94.6948,-1901.7745,175.969,-15219.194,-13207.228,0.0,-52.505096,-0.40611887,-3.8756995,-61.711205,-327.2962,-11.803599,-111.00693,2.509274,-34.82044,-5.1683664,-0.9027102
15.80191,-673.27563,-1865.9594,124.6858,83.92556,-802.13947,-716.10974,-15.894803,0.0,-1025.8418,13.508178,139.92023,0.14988631,85.51073,323.91776,-0.2602772,4.4977255,-241.73094,1992.0334,-1124.7755,845.8549,-57.254726,-7080.5464,103.941414,295.9846,1202.9166,-428.6683,5157.108,6097.591,0.0,103.71536,-5.8443623,-6.3246765,339.27945,1047.1127,-13.211672,62.244926,2.7548177,-27.6784,-7.070646,-0.59813553
30.557783,-886.7504,-1378.9403,465.94693,81.037125,-398.1804,-851.921,-16.12951,0.0,-164.1851,-1.1282725,-184.4314,3.3586602,61.997265,390.26202,-5.8761625,-15.857533,20.517975,332.9743,-7899.637,-21.210087,-9.985621,-18597.582,-1374.9467,221.64648,-1775.2495,247.81776,-10985.518,-12061.271,0.0,-105.09676,-1.2816889,2.070893,-175.34015,779.8873,-11.47099,76.22957,6.627883,-21.820475,39.386898,1.5622113
-1.3479573,2900.69,1793.3035,463.6013,-12.882068,347.39813,96.77948,-30.059246,0.0,-591.163,-79.096756,160.40521,-0.6484703,90.11591,398.0234,-4.007898,8.662839,509.57056,810.6188,-5234.953,-209.57552,-102.45507,-13130.289,56.95346,386.7313,-340.3899,179.24648,-6164.1333,-5984.718,0.0,106.91687,-9.240322,-8.006309,263.60184,686.4522,-13.28209,126.40359,-18.678444,1.3452053,-5.2974906,2.3576992
-1.7218248,-853.91864,-1842.3047,227.94038,53.664948,-504.87952,-1404.935,-16.55013,0.0,36.619896,32.682354,8.059461,-0.64617085,44.89673,260.5855,-2.9211714,-16.465124,-91.428696,1208.3617,-7911.613,-25.86144,-9.534475,-18319.703,-619.01587,-9.492589,-549.92554,55.092964,-9894.475,-11025.429,0.0,-87.848976,-0.8666832,-6.571701,-110.53408,-699.98126,-11.614589,-40.45739,1.7502424,62.404,-20.644068,1.1701571
5.369597,2397.2078,1804.7924,502.1485,3.4119995,292.35596,148.15149,-17.519766,0.0,-6.2253127,-84.098915,223.3398,-0.42635036,-132.45029,235.087,-4.0257487,0.3813922,-80.076584,145.74648,-7361.202,-358.49966,-114.60898,-17496.998,-498.13293,302.1892,-1696.4084,152.98244,-11031.28,-11998.9375,0.0,130.45607,-8.825316,-5.5015554,250.40414,-500.28864,-11.371534,-94.98189,-13.724697,-13.16923,-5.9401226,2.3576992
2.177801,2421.3005,1906.5359,591.2934,9.511517,261.61276,146.01825,-14.512096,0.0,-420.38647,-79.077805,13.465939,-0.6484703,76.66077,408.24622,-4.4123554,-36.250675,-120.26974,338.28168,-5789.33,-363.57468,-73.68269,-14933.219,-305.44543,488.3752,-602.38074,124.49285,-7825.2866,-9307.217,0.0,-60.922215,-8.825316,-8.990199,-68.15874,-500.54288,-11.4996,-102.53891,-9.758083,-5.378016,-5.8828244,2.3576992
34.396694,1916.1494,1684.513,-5841.8374,37.266922,157.82906,230.26524,-15.992747,0.0,-667.8527,-81.64636,-218.83716,-5.563439,144.35228,519.28766,-1.6874582,30.294333,-206.31255,1457.484,6467.424,929.94525,290.1253,23389.648,817.8469,329.44327,-786.1454,22.762201,12888.207,8802.804,0.0,98.4539,-66.31866,-77.81325,224.80511,649.61554,-49.350773,76.976715,1.585561,173.51001,-48.780727,-2.1267002
5.9862065,3518.3496,2654.8604,-594.30963,354.866,250.64651,249.55754,-10.786682,0.0,-133.2006,-19.68941,34.886795,-0.43219554,-76.304855,433.71362,-26.951807,19.060783,-53.623802,254.73607,3646.3835,1287.5616,319.8302,863.00635,771.46606,404.27847,102.99629,135.12076,7533.182,11149.7295,0.0,-63.37419,-63.77049,-5.616779,-107.286125,-792.9433,-53.655323,-55.672623,2.7291746,99.609695,-18.884157,-2.1267002
-52.503246,2759.062,1732.8828,628.60785,13.260551,299.0319,264.7027,-13.139812,0.0,-856.43164,-77.74109,184.11836,-5.626937,127.15008,557.2929,-3.9337487,-83.29726,-83.38887,1643.4929,5333.3726,772.1116,108.307365,25880.264,497.39926,375.9382,-1287.26,307.43036,7292.562,6578.8223,0.0,-49.364555,-63.64442,-44.686752,-87.24501,-689.25354,-21.374695,-51.711235,2.1659966,-80.897385,-6.899068,1.590288
22.83395,-791.6734,-1337.2996,312.6783,80.9684,-471.72736,-708.6113,-23.145144,0.0,-147.92651,52.78031,191.93164,-1.3296973,33.580856,154.10225,-4.3527813,-4.531477,255.80807,1098.6915,-7010.6484,-11.263645,-4.425893,-18063.273,-695.5312,50.24098,-150.37906,-1397.1619,-9002.982,-10448.564,0.0,-133.75908,-1.435915,-10.824528,-168.76132,804.4025,-11.43865,50.873425,6.678553,45.274323,-3.9664342,1.1701571
12.000593,-96.33118,393.92996,465.95078,3.6086373,253.10948,144.09901,-11.267054,0.0,-221.67221,2.5431683,-58.53678,-2.0898366,-133.54836,419.61923,1.1530304,2.7662268,557.99915,930.6298,-16107.791,-763.60315,-876.67487,-26267.705,-2969.7878,67.80967,-4092.8132,183.31836,-29289.14,-19549.357,0.0,129.66257,-0.98159057,-4.3764586,486.32858,-441.80615,-11.489499,-125.08203,-14.257383,-35.225136,-4.3828235,2.3576992
-4.465428,-257.30862,305.84644,471.83246,-1.3134689,355.89734,113.32853,-12.621961,0.0,-266.47012,2.6856105,132.9499,2.2437143,88.02728,327.36975,-1.9860117,11.538044,291.78467,1023.6611,-7356.255,-50.1935,-195.55148,-16703.275,-734.4133,89.67269,-509.9475,-18.970304,-9165.581,-11095.231,0.0,129.97021,-0.8666832,-5.095287,274.76968,-400.04477,-11.434784,-60.995052,1.7256368,-30.493952,46.240448,2.3576992
34.581524,-693.8342,-2468.3242,220.37097,62.06562,-720.0692,-1701.8014,-11.110271,0.0,-990.02057,12.811009,-391.3321,-0.51878476,-34.363457,275.9788,-2.7929473,8.841237,-79.83153,1866.0203,-1368.9718,1057.6996,-91.24769,-5198.324,83.79249,234.11957,185.58636,274.63733,5117.864,6256.091,0.0,-98.35296,-3.3102727,-8.666453,22.091478,-1131.8151,-22.577068,-71.18393,8.398168,-12.341743,-15.032317,-0.59813553
-8.060864,2274.4429,1321.9408,-888.4226,207.85957,135.17882,146.16283,-12.873321,0.0,-30.622736,-10.306358,280.8813,-0.37337333,-104.64011,307.86984,14.606506,37.543755,309.44925,581.75287,-11409.798,-486.3262,-495.76996,-21178.205,-1513.6127,277.78918,-3075.1877,-78.45136,-22298.197,-17208.846,0.0,-123.7686,-9.006445,-6.108419,-86.24017,-712.0705,-11.3346815,-120.58791,2.7817743,-246.87117,-9.727835,2.90065
142.22289,3505.7708,1867.7802,460.72464,52.072983,381.55432,161.69818,-14.508057,0.0,-629.8506,-40.11347,37.717964,-1.7063098,-88.91467,373.19373,-3.641238,22.712215,-232.76974,294.06143,1986.227,1207.2954,203.54643,3374.414,630.7812,272.07397,-472.23056,328.70773,7376.397,5485.7124,0.0,62.40727,-66.16444,-3.5033252,148.74039,745.68445,-44.874836,10.953664,2.3074424,46.64734,-12.142917,-0.9027102
21.549944,-807.6588,-2116.4985,532.2498,106.60645,-476.1819,-1467.5012,-11.066073,0.0,-654.4765,-57.45922,-450.12567,0.889741,75.786865,410.5343,-0.5666475,-38.403984,-113.49813,1334.6755,-4237.755,467.75064,-98.86582,-11185.791,-25.05373,233.88708,-1682.6956,394.54254,1191.1917,1229.6743,0.0,123.2878,-0.8666832,-20.548788,243.4242,-946.75946,-13.245466,-84.66552,3.028281,-23.110418,151.51033,1.5622113
-20.459023,-672.1232,-1620.4929,132.44188,109.12441,-722.09674,-748.9143,-13.080984,0.0,-952.33246,-59.724426,253.43243,0.28966975,27.751612,-25.465094,-2.9446902,-14.064286,-16.316519,1709.6292,-3770.191,25.494438,-43.62712,-10403.997,-24.411844,214.04779,-2045.6826,135.73265,1092.9521,1068.622,0.0,117.50813,-0.83520424,81.18132,-181.93439,1001.9869,-13.596939,30.16822,-26.60351,-40.477325,-6.005999,1.5622113
-2.2116122,2362.9463,2124.1008,-101.69487,328.56857,199.35735,262.00446,-13.173551,0.0,-744.6236,-78.454956,224.36124,-5.626937,139.09357,408.84247,-9.247651,17.601017,-161.5534,1385.7948,5006.7534,770.96375,95.85371,23703.86,782.9465,663.10846,-1085.8832,-61.99122,8947.375,6364.0474,0.0,59.407707,-63.784565,-38.47542,121.85171,-805.24207,-24.188152,-17.63591,2.3505518,99.623856,-19.001024,-2.1267002
-13.49578,-263.00046,539.3262,529.1272,42.299675,447.2764,232.71707,62.4596,0.0,-546.62274,18.624683,209.70586,-1.3126416,95.15882,379.85333,-3.1356483,-76.09035,-103.801956,1732.8641,-1641.846,1302.9908,245.60286,-5182.408,421.16754,391.03964,211.99199,-239.65355,5797.1177,7178.787,0.0,-58.733803,-3.296193,-6.6295915,-137.07132,-477.96136,-16.487545,-58.843517,-17.61943,-25.577002,-5.4426355,2.3576992
-6.5343814,-853.7436,-2601.3928,104.842316,76.70895,-1007.08264,-1263.0693,-12.341656,0.0,-905.60156,11.387818,262.99167,-1.4339375,85.769806,367.08188,0.574594,21.240307,-86.12691,1778.1382,-1114.526,1033.8046,124.38919,-5502.9077,-165.6198,493.48087,188.5606,-858.4238,5259.607,6168.5693,0.0,-82.05523,-3.3102727,-8.854027,-151.9071,-891.8631,-21.695114,-57.545246,2.4574316,-25.276798,-22.300901,-0.59813553
76.07147,2080.159,1370.8203,-4596.286,226.79657,170.95056,142.74109,-14.022607,0.0,-166.80864,-11.797768,-23.338696,-0.120553255,65.38808,440.1948,-6.1193376,-31.617746,345.39822,304.822,-10621.78,-422.51846,-541.70386,-20167.281,-1386.5992,124.78347,-2649.9783,-34.963463,-19486.203,-16545.852,0.0,-207.1108,-9.006445,-20.246225,-106.84501,-665.0171,-11.813941,-146.73038,-15.58003,77.88594,-85.11377,5.554518
-3.565899,-154.70016,385.36136,486.06543,10.617482,288.1446,143.97672,-12.996053,0.0,-85.69797,3.208081,-188.42061,-2.0798168,25.013508,-1162.0806,-2.9446902,25.02009,-30.290285,890.4032,-10205.169,-94.2067,-136.62689,-17951.824,-1270.6285,109.07342,-1383.2092,-287.31857,-15843.829,-13143.213,0.0,-50.355427,1.5951678,-9.66363,-110.26327,-319.31183,-11.673939,-52.670853,3.4191873,91.170074,-4.711618,1.590288
22.717268,-690.53015,-1358.9852,320.8752,7.0812674,-316.58182,-1353.1766,-12.822664,0.0,-63.83769,2.2516115,46.730488,-1.4515177,27.053385,320.04544,-4.7386856,-0.9122348,273.3142,1110.948,-9971.955,-473.1267,-613.79376,-20363.586,-1551.1329,179.13098,-2771.5457,158.44316,-19913.35,-16116.2705,0.0,-137.29166,-1.0478115,-4.142443,-163.99205,-777.4135,-11.095596,-122.426125,-67.818726,-20.106441,-13.512397,1.5622113
-2.5428991,-889.6643,-2301.2505,89.27486,40.898838,-614.13654,-1579.1646,-11.28544,0.0,-1102.1086,-57.717693,-247.32399,-0.20152476,30.733492,303.61353,0.77494353,13.261876,-85.76991,1555.5647,-2722.5312,988.56586,-29.514105,-7568.992,291.9379,376.01743,-361.421,240.44196,3825.398,3254.4578,0.0,-106.07827,-2.748479,-11.129966,-109.96893,-918.63354,-13.421195,-45.845444,2.6839895,-23.859137,-21.870598,-0.59813553
-2.2802114,2363.7183,1735.8414,-5158.3867,236.64226,159.59175,149.30534,-12.62863,0.0,-216.2107,-10.912507,270.8927,0.11919874,-106.049965,88.93532,1.9891925,3.528282,-128.15541,416.51993,-8714.286,-453.8488,-173.53564,-17876.166,-1070.2778,144.39084,-2105.991,14.912626,-15235.012,-13661.713,0.0,-196.21187,-8.965463,-21.961672,-23.681452,-643.20483,-12.182479,-113.99161,1.9373734,78.89941,-111.409996,-2.1267002
-14.375509,3231.9392,1499.274,522.83795,-35.76486,389.18607,97.10678,-29.122776,0.0,-782.64276,31.674234,-88.91046,-0.45215583,-51.70555,522.62024,-3.1579688,-32.03682,-152.30229,930.6016,-5580.9517,-194.62495,-71.40659,-10525.023,-140.23036,392.16373,-469.07285,221.52779,-6585.291,-5984.621,0.0,78.29627,-9.240322,23.364944,-36.06398,648.18225,-14.385047,145.04802,2.0717928,-51.171776,-4.0531507,1.590288
20.189114,-320.75842,551.0294,557.98804,5.613676,394.69608,238.40494,-16.283415,0.0,-924.2771,8.792724,-69.89657,-0.5817874,117.2567,459.36322,0.4946334,20.689936,-34.363285,1386.5309,6579.883,881.43634,-749.829,36887.12,991.5344,269.91486,3558.8684,-289.05777,15453.52,10632.054,0.0,-51.481968,-5.8302827,9.713488,-186.6108,446.41086,-38.83386,131.16019,2.6018333,-6.96311,-4.273067,-0.9027102
-610.9926,-802.1492,-1682.3649,548.8641,28.442923,-294.10626,-1456.5035,-12.107126,0.0,-220.77206,8.135695,205.58308,-0.32580292,36.31099,-41.68961,-6.1357546,1.0414292,312.98553,328.6689,-8115.0635,-35.690067,-117.85739,-18178.334,-1083.7871,29.966135,-1606.3693,255.54442,-11787.375,-12135.677,0.0,113.66445,-0.42019856,-14.972029,-168.03514,-611.99475,-10.625733,-60.510345,7.709862,65.09425,-13.55132,1.1701571
-18.272278,-642.12897,-1674.5824,133.20996,98.56032,-686.4286,-1281.7578,-15.332801,0.0,-942.7744,40.67924,273.33047,3.8524368,78.66302,-57.840046,-4.595616,-25.386948,-43.542896,2725.2104,2464.6719,858.8036,-350.12625,11268.017,579.5475,-829.2383,385.11987,-102.28572,10993.847,9234.5205,0.0,-96.63291,-5.730543,-6.717449,-254.83066,911.946,-65.9048,56.44463,2.6364012,64.28087,-6.5202475,1.1701571
29.643478,2697.095,1885.2559,-4979.8745,106.20097,158.86017,203.56807,-14.504399,0.0,-844.677,-79.32778,-296.96085,-0.3525195,26.813965,-1226.4956,2.3013349,69.311554,-49.027924,1404.3905,4397.1,967.42346,113.57177,21093.85,400.2547,391.66663,-1238.57,3.6985908,8986.008,6569.26,0.0,-122.42942,-65.35863,-33.443844,-119.300446,683.0188,-27.762783,50.12387,3.2838106,197.32819,-47.101334,-2.1267002
51.241455,-2594.2317,-1809.9819,148.82767,58.29312,-957.01953,-2009.2147,-73.18562,0.0,-643.7215,-16.020388,678.0054,10.611949,152.46399,397.50632,6.7318063,19.454147,-32.325172,2189.482,12772.546,546.5799,-971.94965,47857.598,2061.906,402.26352,4134.2686,-1248.5406,20878.0,16320.05,0.0,-62.236393,-0.5482059,-36.80881,-135.33768,-758.20184,-85.90775,-235.12407,2.3655667,-30.77185,-22.123274,-0.59813553
9.109104,-197.05582,513.4432,534.613,12.772259,402.06656,146.16873,-12.279944,0.0,12.404412,-4.3466964,-170.69565,0.45313764,71.34291,449.03552,-2.0638065,12.473264,428.74792,1366.9221,-3908.5273,-218.9629,78.81635,-15076.232,138.83116,201.71243,-1410.9484,-101.44082,-1749.1656,213.53616,0.0,154.05681,-0.8666832,90.917046,-176.15187,-494.2972,-12.208743,-39.623314,2.2863894,34.044815,-4.58649,1.590288
282.44794,-1821.91,-1574.7622,198.49731,91.631386,-1028.4683,-939.5948,-86.258705,0.0,-1352.3291,123.397606,591.03625,31.368532,116.992096,-101.640564,37.01814,21.089521,-19.687614,2798.1892,13054.789,336.27277,-882.28973,90371.6,1707.249,301.36545,4011.0498,-819.80084,22752.834,33804.12,0.0,-86.456955,2.6100926,-41.721066,-161.03154,601.8803,-157.51395,188.59427,2.3748147,87.86451,-6.1292057,-0.47048986
-14.266626,-842.79706,-1740.6941,359.36975,89.74765,-664.9621,-1390.6552,-16.367676,0.0,-737.0958,39.40787,-590.4926,-2.3972201,87.867065,407.9206,-15.270252,2.9666207,-38.472363,2988.0564,3675.6284,829.27295,-161.33887,-6395.2817,362.2309,759.6607,3550.2124,-268.922,14510.886,16076.738,0.0,-97.49363,-5.8443623,-2.4770966,-100.82698,992.43115,-72.71951,60.611458,7.2102466,-11.374392,-6.961962,-0.59813553
31.42393,3462.6426,2167.6418,-444.89624,34.634243,386.61038,154.05637,-11.897395,0.0,-1443.9795,22.65452,-152.02213,0.5737404,-155.64331,253.68524,-50.11558,-65.54684,-30.258698,222.90863,-855.8189,211.26807,322.17844,13726.4,295.1518,89.932884,-1335.0864,240.71756,1674.2562,2878.3655,0.0,-63.843,-66.30458,-20.092764,25.152792,780.7056,-23.570007,12.978555,3.2638066,70.757706,87.198814,5.554518
-2.2933862,3236.2585,2297.7231,533.8121,36.67996,385.52097,126.582344,-14.820967,0.0,-922.827,-40.413795,33.515953,0.32717073,-20.200045,-1034.3187,0.31591883,31.933884,-91.69406,54.50708,-547.27924,321.9922,-130.9695,-1153.4237,109.47291,219.19165,-273.4431,179.62553,5085.9663,5744.5894,0.0,56.256973,-63.51762,-21.020521,189.30869,626.1973,-24.16642,13.836975,5.15895,-24.982111,-4.8244042,-0.9027102
-5.522335,-463.7368,332.18582,-214.73633,-39.65179,647.8625,62.405506,-12.225793,0.0,-518.85596,-0.846447,571.3567,-0.14270186,21.2658,-552.88385,0.94018257,-46.345318,-203.59059,1565.7739,-5773.173,-62.986553,-77.45434,-13568.335,174.41402,176.99892,-40.823112,-3790.4836,-6307.817,-4065.4724,0.0,57.733788,-0.47393644,157.75641,-102.03937,395.76746,-11.5743265,43.647644,1.9616494,-60.725834,-3.6503713,-0.9027102
14.14789,-303.55276,454.05936,503.5379,15.3719015,317.99182,203.50064,-12.5508175,0.0,-1207.9746,-114.90338,-5.5381927,-1.3020151,43.005783,278.21933,1.0270125,13.258931,-116.02263,1463.7054,-4398.237,677.9243,-63.709507,-5507.763,237.53041,198.5442,-1042.6019,197.65793,3238.2974,2706.002,0.0,-70.346085,-2.734399,-23.396183,-128.85321,-332.16653,-15.440099,-79.48628,1.7972544,-25.481533,-4.5580263,-0.9027102
-25.338463,3332.476,1783.293,-4871.4243,24.45536,169.42331,164.47916,-13.424619,0.0,-426.1617,-24.342867,-69.24523,3.217116,96.00443,496.74026,-4.7609034,-19.54776,183.27075,336.83362,3579.1804,1252.9468,163.57959,-5796.37,612.4229,398.07742,-379.8885,98.80565,9486.88,8299.74,0.0,116.02421,-66.30458,-42.611565,423.3557,774.7286,-52.492733,152.97125,1.6941941,-434.70166,-44.032494,2.90065
54.592632,-593.9814,-2713.1355,119.58455,54.34149,-727.9321,-1844.2115,-13.169914,0.0,-925.8747,10.429875,355.89606,-0.5152886,-13.041737,-875.39636,1.5114901,42.85144,-56.29756,1831.5184,-1072.2905,1099.8069,-210.2142,-5109.72,275.3045,553.17224,786.46045,259.9602,6042.0093,7868.083,0.0,-83.99097,-0.8343421,-10.005363,-145.08229,-924.117,-22.543274,-59.939377,4.6715975,-37.183155,-22.215769,-0.59813553
36.026436,-250.99168,302.50043,496.78363,17.024782,300.67014,153.86792,-10.543027,0.0,-77.395424,3.521697,-280.956,-2.0368595,-112.662125,-133.52208,-2.0622387,2.8239365,-100.389404,1015.11365,-8570.486,-207.51486,-217.17584,-17802.043,-676.749,150.511,-1719.6979,221.3355,-11309.6045,-11607.606,0.0,-52.993484,-0.40611887,-5.7014174,-63.864304,-297.2911,-11.700682,-104.55348,1.8142014,-33.35898,-4.95626,-0.9027102
-2.0198705,-910.5051,-1881.4425,53.71602,131.73189,-1233.1335,-586.9636,-14.080123,0.0,-916.4855,32.86617,-462.56854,-1.4775976,-65.78839,-220.93477,-3.3259225,-29.315985,195.91507,2521.6667,113.00812,909.73364,-46.997864,-4740.027,391.14362,654.0665,2564.941,-1118.3656,8502.768,15110.6875,0.0,-144.48781,-5.3837976,-6.6877384,-342.16562,728.28546,-51.32607,66.67512,2.7433696,-11.169302,73.14904,1.5622113
1.3373368,2997.0632,2524.9385,632.8289,24.101027,366.7002,195.75842,-13.891505,0.0,-567.8903,-17.68791,-96.2146,-0.25794297,37.218765,390.15997,-2.0283687,10.610592,413.40216,-117.62598,-659.62164,324.64352,-91.360466,-7384.6616,257.6762,215.41629,-1733.9873,154.99686,4173.4937,3472.5967,0.0,140.39838,-63.068546,81.98643,-160.8015,-662.8576,-15.019855,-77.416954,3.226797,58.314503,-4.866992,1.590288
-25.552174,-222.74092,623.49384,576.7857,55.689373,317.77905,291.3407,-15.335062,0.0,-1110.447,-61.22638,187.93665,0.0757601,15.128396,-1615.7124,2.0774522,50.770397,-50.514023,2269.3708,357.9875,980.72174,284.65503,22499.68,503.84943,376.6724,-565.34814,-235.74144,7830.398,6743.9326,0.0,-52.920124,-0.6493863,-5.5960317,-162.89159,-407.6583,-20.756777,-107.12027,4.64272,-9.632302,-5.1314526,-0.9027102
39.043556,-338.754,459.03244,682.2954,-53.185955,389.699,150.59152,-10.216348,0.0,-1511.6061,17.366598,-154.80482,0.90381116,111.9193,516.9846,-2.5807395,-57.51176,818.82074,2080.5647,-1822.0256,1136.4451,358.13525,-6039.904,484.36407,270.64825,-710.50806,264.00766,5641.644,4454.0815,0.0,148.63876,-5.8302827,-6.9473476,695.78467,520.8168,-15.346369,82.617676,2.4828577,119.87709,-3.9358315,1.590288
-80.56001,-1150.4669,-1456.4465,288.67657,68.158,-699.1835,-1180.155,-22.514238,0.0,-982.90784,-11.308,-0.12495327,-0.45251635,-97.34843,-1077.0714,-2.3532906,26.271751,-48.192608,2076.7268,9642.488,791.9932,-433.04593,35527.53,1356.3335,570.5563,3492.0999,451.90137,16194.048,14412.678,0.0,80.37002,8.855527,-9.604824,352.43686,688.8948,-40.23166,133.04674,16.399656,-21.365122,-6.9713917,-0.59813553
20.966162,-855.70416,-1941.0398,-61.91082,171.52647,-1230.7443,-740.2291,-16.10832,0.0,-988.03986,30.417112,23.398548,1.1479547,-177.03757,380.69043,0.63221484,18.024317,-44.47485,2758.1235,2123.6272,911.4634,-129.8832,628.9666,394.60202,403.56033,2836.5215,-1488.489,7913.933,13189.52,0.0,86.917786,-3.6848774,0.4895643,-120.446,802.01465,-59.875698,56.97641,7.2817783,-30.20284,-6.8645196,-0.59813553
-164.96822,-277.31512,678.45416,104.69816,-68.96452,454.1079,151.35428,331.34232,0.0,-267.81616,4.263022,85.87073,6.965165,91.029526,665.536,5.0282125,8.656093,-35.824436,1687.3702,11805.238,674.1527,-1261.6647,48636.58,1503.0259,411.4906,4694.947,-4323.0435,17135.904,16067.125,0.0,-41.620735,-1.209032,-68.576485,-101.223785,437.34247,-69.49987,179.65216,1.2303464,-25.735477,-3.6178324,-0.64739645
-21.724005,-731.49255,-2095.8994,-87.86809,54.10105,-919.6731,-2198.2124,-11.146234,0.0,-200.35986,7.7249937,98.08225,3.796274,81.96868,-509.59903,1.123898,21.00553,-42.816643,2643.185,4599.8853,731.9828,-489.7101,26442.396,435.051,1059.7129,2570.262,-4712.259,11199.425,9109.843,0.0,81.914925,-2.4233408,80.01572,-282.8963,-616.36694,-23.34173,-63.910343,2.5609517,-43.273285,-21.865776,-0.59813553
-88.36471,-867.07477,-1646.4668,255.26674,137.19684,-782.7303,-590.28784,-13.361798,0.0,-403.07474,-59.77177,389.37692,-0.3125492,-75.99225,-872.6179,-3.688213,48.211243,29.668415,1675.064,-4058.5046,-117.6891,-118.60386,-12249.732,-91.70303,285.55948,-1962.1771,-8.693062,-320.60373,-281.1196,0.0,114.66596,1.3651179,-21.484764,265.8903,789.23846,-12.852443,27.378744,15.464706,-24.80068,62.7526,1.5622113
-100.78175,-2449.8752,-2611.765,77.09631,69.719696,-561.22906,-1130.1531,-120.7973,0.0,-391.85825,92.06495,-226.07175,-32.660965,-1983.0468,-126.32225,11.828399,16.405495,-13.679014,3267.495,12450.358,1378.0452,-601.81024,73683.44,1894.6599,625.30286,6557.793,-17.919441,22686.875,34108.19,0.0,-60.507374,-1.2229297,-17.62116,-82.48207,684.4812,-185.73915,188.59543,14.817565,37.334766,-6.1885996,-0.47048986
-21.681181,-852.53827,-1327.656,458.97754,162.81514,-399.91254,-732.4763,-16.9907,0.0,-694.25916,2.8647187,-61.238937,-0.64617085,0.48119164,324.39276,-5.5973105,10.326168,452.80847,214.6637,-7596.5483,7.8167133,-80.44866,-16151.805,-663.4583,25.624712,-1443.4567,277.43796,-9431.556,-10776.705,0.0,139.13632,-1.2957685,-1.1337229,337.99005,777.8457,-11.309133,81.094574,6.755863,47.203003,-5.33306,1.1701571
17.612429,-295.0479,335.51038,423.03204,-16.334394,397.23074,103.59483,-10.517061,0.0,-722.91364,1.9919167,-542.60614,-1.7725766,-42.822266,269.39304,-2.9470367,7.604105,-120.39916,1557.7408,-5966.072,13.403316,-21.873623,-14677.703,-266.4265,28.506416,-387.07532,188.85567,-7650.112,-9238.143,0.0,-65.39705,-1.2816889,-5.4262905,-82.2758,445.42178,-11.803599,165.36804,0.8602023,-34.753845,-3.9461281,-0.9027102
4.5102143,-753.2221,-1589.6932,583.1231,60.03631,-365.02106,-1411.4269,-17.431597,0.0,-846.6039,-0.15183207,173.1459,2.9610062,69.5727,356.32822,0.7831909,9.323433,-99.45298,1489.4443,-5644.8364,13.852324,-97.15832,-14005.014,-405.40466,195.48082,-354.81625,228.85643,-6988.1455,-9119.428,0.0,-94.42649,-0.8666832,-6.584475,-123.17282,-684.7024,-11.614589,-104.845314,1.7502424,-36.780804,-13.574123,-0.59813553
-2.3065705,-736.3385,-1740.4645,314.93103,54.788467,-554.154,-1457.0388,-11.447728,0.0,121.44208,1.9020803,-347.49362,-0.9363692,38.294067,41.55665,-3.832686,-25.00496,-32.546642,322.92523,-7976.618,28.340199,-63.14213,-19612.691,-1479.1862,153.59372,-2165.9883,172.37456,-10999.7295,-12457.724,0.0,-134.58777,-0.42019856,-0.43082774,-172.29594,-689.57336,-11.500221,-79.89944,4.105711,47.3192,-20.29879,1.1701571
-33.201275,-219.19017,584.21967,515.1217,-11.788959,400.10956,182.64825,-11.371604,0.0,-652.74646,36.587425,322.5087,0.1656403,-97.79663,383.17856,-2.4200363,10.673606,635.3779,1644.5244,263.0237,1097.44,391.71423,-8109.061,541.7389,527.0484,2200.6182,309.7376,8132.9463,13034.147,0.0,142.60045,-5.8302827,-5.117181,694.0878,551.7742,-21.419058,65.84363,-14.266024,-22.17348,-4.560922,2.3576992
-42.538002,-605.5638,-2169.9575,201.70638,121.95134,-778.50085,-2349.9048,-13.225642,0.0,-789.61395,11.038623,342.54956,-3.0560088,120.541504,309.89835,-4.495216,14.626659,-206.7594,2958.4253,5950.028,764.4919,-207.67427,25331.969,682.5786,548.8562,-271.97977,-85.40412,11932.785,9017.444,0.0,-75.501465,-3.3886163,-35.208435,-292.92685,-964.2249,-24.056839,-67.00246,1.9595888,56.511562,-22.083176,1.1701571
-36.232212,-225.30077,321.77713,353.4213,-0.29364055,360.946,103.425835,-13.053443,0.0,-252.24861,-30.504923,-690.3167,-1.8389714,-46.022312,-1578.833,-3.801357,12.635993,123.8123,1486.9658,-7883.7285,-278.5123,-70.309044,-11742.4,14.201464,213.05794,-891.4986,-93.98755,-6356.062,-2133.11,0.0,-81.31021,1.5951678,-26.33002,-126.00594,-280.5599,-12.315416,-37.50877,5.7015324,-30.353243,43.706123,2.3576992
-56.79141,-267.4031,429.7689,407.11157,-10.112069,267.34265,117.51079,-13.3258915,0.0,-98.24408,2.4739158,-124.71479,-1.4882054,-37.144524,-1157.0039,-4.537421,10.015149,-33.133953,1015.3311,-10182.127,-291.01315,-173.4853,-18273.525,-1212.0634,141.84961,-1412.0377,-424.43933,-16688.143,-13982.725,0.0,-51.911873,1.3651179,-5.131184,-109.284004,409.368,-11.666889,79.5032,-29.518911,-27.999329,-4.110809,2.3576992
-32.649677,-739.51526,-2646.5037,585.99524,83.669876,-515.975,-2062.4077,-11.997655,0.0,-777.0082,30.284124,179.41183,-1.8365241,46.577023,255.3604,-5.558797,-49.706295,278.03986,238.25485,1921.3789,999.8533,-192.58617,-5888.273,575.6035,482.05453,496.22003,352.437,7986.089,13153.651,0.0,-142.0796,-3.296193,0.02657032,-389.82413,-937.46295,-48.914726,-63.50951,7.805428,22.496359,-14.681991,1.1701571
-4.6420135,3104.2627,2070.256,531.03815,31.347315,343.86594,131.52304,-13.418856,0.0,-872.19904,-14.416171,3.1226568,-0.6103971,8.254929,431.76624,1.3676503,15.999557,-104.8984,-110.170074,-996.2786,-326.9448,-81.6488,-6815.8955,0.5595007,231.40334,-945.31433,146.29904,3978.7964,3402.1357,0.0,-60.770756,-63.48355,-20.355024,-66.17707,630.2008,-13.287334,54.480904,2.3388314,-22.942192,-5.093879,-0.9027102
-14.34408,-263.0183,419.55466,491.52396,-2.5248148,262.01343,136.06024,103.056114,0.0,-726.9449,-8.31016,288.60098,-0.75336075,-59.97661,127.63143,0.36186102,12.802267,-182.50464,1557.505,-5449.29,-155.99579,-64.36363,-13388.5625,46.915367,184.43748,-322.0268,52.43185,-6149.9956,-5257.399,0.0,69.49399,-0.8666832,-22.420525,158.11276,-433.70068,-11.601134,-39.375748,1.9015518,-27.008984,-4.98219,-0.9027102
40.76618,-678.71515,-2290.1606,71.332855,65.58674,-935.7297,-626.8125,-12.252733,0.0,-718.2214,29.074514,265.92236,-0.27444324,-68.06351,248.60873,-2.9239821,47.58868,259.30273,1964.4631,-1272.4285,964.9961,-44.134094,-6958.1465,285.11145,-212.38156,1815.4315,-296.8699,6065.114,8495.065,0.0,-147.01436,-5.9227057,-12.108417,-288.33505,967.72565,-17.995472,60.88802,2.9351676,91.23758,-6.6689157,1.1701571
333.4021,2061.581,1984.0444,-391.94165,53.349113,263.77917,348.6464,-33.41055,0.0,285.5943,-110.30666,314.61847,-2.13091,-112.724625,81.67604,141.48285,34.026264,8.230275,1531.846,15155.134,290.10406,-962.8672,92767.21,1381.5062,443.36667,3798.194,463.81165,22307.71,33857.08,0.0,-72.772095,2.8948307,-53.362038,-100.299484,557.84045,-153.7034,232.21384,2.7443998,189.41766,-12.8667965,-2.1267002
45.039387,3537.0195,2380.6118,-482.5586,29.239063,340.04065,133.40201,-12.896058,0.0,-545.0302,-38.937317,-51.433228,1.1918893,-37.916527,-124.206856,4.4645233,10.028855,-97.95529,-244.02097,-936.2706,632.706,285.63107,-4654.116,321.68604,137.3443,-242.06926,249.39958,5870.0415,6476.242,0.0,69.35568,-65.84401,8.713147,-124.269936,696.70953,-20.508295,11.63684,2.7958493,69.07954,-9.119661,-2.1267002
15.213995,-151.58383,391.15338,628.0594,11.788014,290.2226,146.33133,-10.874238,0.0,109.565384,2.6598423,83.1311,-1.1709452,-111.502045,-68.045364,-2.7143989,39.400253,-79.330284,973.3043,-11274.394,-513.8459,-476.45987,-20984.973,-1590.1666,24.203333,-2479.8423,131.2662,-20500.227,-16455.213,0.0,-122.25946,-0.52102625,-6.1415215,-145.95732,-350.87555,-11.462353,-120.72312,2.685463,73.235306,-4.8655777,1.590288
29.129679,3508.7483,2019.6034,387.38892,59.048286,301.71628,251.25984,-13.878415,0.0,-283.7299,-39.54612,62.545315,-0.43219554,-69.932846,294.5089,0.7540477,17.43307,-72.574684,308.85745,3027.1086,1260.231,232.79318,-1045.364,700.05536,193.31036,-352.25168,221.32442,7340.2256,7364.239,0.0,-56.318356,-63.77049,-5.8169026,-101.10091,-648.5684,-43.00697,-51.624054,2.4673815,59.932686,-13.33964,-2.1267002
-214.60132,2993.5562,1976.5073,-4173.328,65.82922,226.1485,178.46527,-11.31373,0.0,-592.1833,60.841003,358.29147,1.5176847,88.98082,625.3357,-2.7926059,60.863617,314.38144,1300.252,5224.793,1160.0863,297.3386,-6268.4756,317.7656,774.236,403.55774,334.63596,10160.739,14541.914,0.0,-124.9289,-66.31866,-85.34714,-218.32893,684.14386,-53.83845,134.77377,1.9148368,-429.5619,-34.886703,2.90065
-35.808083,-262.694,555.0702,566.3236,65.72461,442.4965,287.01566,-12.631358,0.0,-274.15875,38.17687,-416.35794,3.634976,103.20858,446.956,-15.662288,16.86684,-60.684822,2248.696,4482.5254,917.59296,136.11795,-3794.9897,571.0801,465.9535,3083.119,-632.4931,15707.894,15557.718,0.0,-56.742012,-3.296193,-3.1416106,-50.3619,-500.94064,-83.31234,-62.270905,2.6148765,-15.606793,-5.2866664,-0.9027102
-70.185715,-396.0711,570.63336,184.26868,6.4447784,478.6443,218.442,-11.1906395,0.0,-945.77954,12.02049,-532.9313,0.6961158,71.25023,510.25955,-14.287939,-2.542275,-53.311268,1928.2115,4230.147,934.09186,-1050.189,37362.785,433.7046,197.84302,1492.0157,-3967.236,13685.186,9277.138,0.0,-48.443207,-3.5306513,-7.3260956,-17.023752,383.38333,-39.79814,130.59541,1.9359107,-35.10346,-3.9855118,-0.9027102
23.374317,-928.0712,-1023.0073,150.36813,133.0631,-688.7371,-643.66724,-17.276182,0.0,-1134.5366,-5.438744,-385.6197,0.889741,39.505756,499.0645,-0.25397444,-6.747344,-276.61682,1732.2979,-5436.059,-109.21608,-94.55822,-11466.559,-435.93185,172.6207,-611.22833,-189.59326,-5915.9478,-5128.9136,0.0,129.77588,-1.2816889,-9.278637,143.00388,893.3482,-12.087387,83.426346,2.0369687,-16.300547,-6.1668906,1.1701571
-17.235243,-820.15186,-2262.2104,159.93109,36.49172,-632.4338,-1698.931,-11.324265,0.0,-1196.7501,-57.65133,-233.44296,-0.39941302,35.910538,265.71802,0.8234026,18.118195,-70.866035,1567.1926,-2417.44,899.3339,-128.80193,-7227.687,278.09375,192.11917,-348.55612,293.95337,3802.8223,3204.6067,0.0,-95.507164,-2.748479,-9.456042,-127.73638,-980.04834,-13.403163,-98.524574,7.977664,-22.327423,-15.054778,-0.59813553
12.335868,-568.0797,-2006.4854,95.96586,188.0755,-930.2353,-692.7274,-12.384807,0.0,-923.20874,13.498784,296.97678,-0.25662014,42.128483,3.8269215,-2.2976775,41.917572,-99.27718,2136.7776,-964.681,1054.4886,-10.858271,-4943.329,545.433,-4.4941854,850.54913,325.13556,6893.2817,8658.796,0.0,109.71953,-5.730543,-9.783036,486.4844,997.5426,-26.043356,61.732967,2.9143484,67.70122,-6.7765913,1.1701571
93.635315,-288.4922,654.66,432.2881,-11.473848,476.11,104.14766,-12.908307,0.0,-569.9722,25.7723,99.20727,-0.26246727,-59.4153,-125.38545,1.3152515,27.601133,-111.18117,1491.4436,-1213.8729,1115.7205,19.677402,-9160.463,397.792,70.56473,1735.8007,-505.39645,5092.841,6342.4756,0.0,63.949574,-5.369718,11.497303,-195.24214,429.5357,-13.435992,64.492874,2.7198563,-31.791855,-4.279215,-0.9027102
55.497887,-1389.2809,-1807.3386,173.60147,110.642296,-712.9305,-1138.4526,-17.697699,0.0,-1221.4375,-66.561935,14.39647,-1.9505508,31.410088,-1000.74115,1.7027161,47.551266,-40.917522,2540.0354,1487.986,817.8313,-21.90971,19763.092,536.2687,383.97565,-595.73486,433.03217,6026.9043,6862.0845,0.0,-96.86493,-3.183476,-2.8919525,-225.09573,983.49884,-36.49952,61.40728,4.0968323,-13.72378,-4.5982885,-0.59813553
31.99602,-1660.5165,-1829.3501,236.62776,26.339268,-728.68427,-1805.9905,-54.925053,0.0,-709.57745,-9.074928,319.91092,1.0610334,96.42559,320.49445,6.3393455,38.624546,-18.986504,2204.2546,11611.291,787.2254,-641.3857,38365.566,1317.7941,425.74963,5422.1816,371.30807,17203.426,15697.235,0.0,-67.82778,-2.0008693,14.379038,-188.34332,-579.3233,-43.164097,-131.54405,2.3655667,-23.820486,-22.445919,-0.59813553
-2.7564871,-723.1547,-1253.5791,413.04593,66.437614,-405.94043,-667.3662,-16.063566,0.0,-186.2724,2.2038739,194.14943,-0.7692594,46.397305,233.16116,2.102096,-15.727654,351.51474,1261.1038,-14787.001,-699.4668,-389.88843,-25434.287,-2753.9795,-111.3498,-3555.2693,40.85912,-27641.697,-18874.154,0.0,157.26125,-1.3965962,-7.934019,-179.59392,915.9157,-11.436552,183.73666,-17.800499,-51.119072,-6.0680466,1.5622113
23.381853,-843.3745,-1326.4869,347.27878,171.6024,-589.9519,-678.75244,-15.737346,0.0,-545.928,-6.8101425,164.34734,0.49208707,72.49113,387.99484,-4.47828,-2.540131,495.94193,1470.2651,-5258.743,-173.6769,-127.30609,-14998.141,-130.39236,116.947296,-739.0452,-123.50906,-4720.563,-4487.131,0.0,156.76102,-1.4218352,-8.719506,376.79834,935.8331,-10.885673,60.40424,7.3378043,45.486847,-6.382235,1.1701571
4.791222,-190.68329,469.60437,545.06537,0.14085034,292.84918,152.60472,-10.902031,0.0,112.47018,0.12542412,231.66379,-1.1709452,-126.68141,197.24889,-2.1918287,9.810516,-88.29627,963.1285,-8903.101,-237.92735,-183.23248,-19196.582,-1480.0858,53.92984,-1468.0657,56.281364,-11764.294,-12268.317,0.0,165.94904,-0.8666832,-4.849757,295.44177,-432.09784,-11.277911,-44.03228,-10.5915,-30.722296,-5.311672,2.3576992
69.006096,-169.49419,515.0374,628.1695,29.537378,312.2208,215.28574,-13.764961,0.0,-2320.6873,-71.209694,468.99127,-1.2506759,96.43129,-1120.7195,-1.5501205,69.373375,-189.1115,1827.2953,-5619.123,835.2297,316.0558,22623.08,1010.56995,149.01128,-1584.7152,283.35413,20.496761,1296.668,0.0,54.528046,-0.6493863,-6.206435,263.29852,-544.9168,-12.009516,-68.922165,14.497077,-45.99987,-5.0237107,-0.9027102
28.17733,2899.1013,2250.0632,-393.96613,43.831497,306.87027,126.650894,-12.680721,0.0,-791.5845,-74.34745,-55.09214,0.78714484,-118.13057,239.12195,113.11022,9.159013,365.1149,105.60419,-2245.6406,-472.2365,11.666541,-7115.542,75.61045,339.9262,-1379.8385,218.0493,3126.763,2572.6619,0.0,143.42264,-63.6237,78.04878,-151.3634,761.0341,-14.821141,73.37634,-22.84853,67.04754,-9.199952,5.554518
0.34460786,-674.3232,-2246.0964,546.3377,95.81405,-451.54675,-2244.1934,-12.504576,0.0,-1344.0839,8.181899,222.49213,0.8432487,121.06421,401.93198,-6.040034,56.30768,186.9891,668.1334,2867.3083,799.8985,-295.71542,21879.84,598.83167,356.0785,-572.24713,292.88638,9232.567,6214.036,0.0,-85.99546,-3.3102727,2.3668926,-329.22705,-894.0284,-25.408564,-57.857864,7.6917953,61.11054,-14.943452,1.1701571
-8.756798,3072.0776,2431.1348,-4463.221,60.06354,205.57559,128.11563,-13.0873375,0.0,-867.1904,-13.223754,-25.955996,0.89609504,82.27596,437.09998,0.60544205,17.468153,-243.11116,-2.215828,-364.49255,-162.82727,-136.69504,-7735.796,13.879985,336.84833,-1484.8732,86.8168,4553.6245,3346.0647,0.0,142.41518,-63.6237,-53.1703,124.59617,765.8008,-15.481891,179.01926,1.7915365,86.80963,-50.253376,-2.1267002
69.25798,3074.911,2132.0964,-223.57724,-12.523849,338.27008,106.92429,-28.40758,0.0,-296.6321,-74.36764,330.35913,-0.6484703,69.673676,446.3894,-11.580508,-42.18991,330.47375,521.7377,-3927.1768,-569.6787,-63.51209,-10159.444,47.69017,130.06564,-2120.767,205.50307,-114.65877,556.2064,0.0,-100.70694,-9.394548,-24.473173,-122.29803,788.051,-14.250901,97.49607,-24.378292,70.77507,-9.092231,5.554518
2.2273724,2459.0742,1888.897,529.6037,11.297576,309.37244,145.18546,-15.220858,0.0,-699.8593,-79.44985,62.467213,0.36916578,71.645775,393.70032,0.7664722,10.7500305,-110.38268,257.22983,-5409.8647,-75.128555,-106.56026,-13122.302,-222.85574,299.51617,-467.12265,169.10841,-6385.376,-8650.685,0.0,-59.62714,-8.825316,-6.931118,-77.839905,-514.947,-11.704137,-102.91677,2.539096,-12.718124,-5.9360433,-0.9027102
19.463144,-747.5089,-1652.0568,217.88138,82.91582,-569.71497,-1350.3904,-12.161262,0.0,-273.06802,0.5647948,61.235054,-1.2298735,70.06213,305.3453,-2.9211714,54.64806,-27.179676,1586.9237,-5254.296,-83.152405,40.485703,-15079.992,-248.35913,20.772966,50.661415,135.09814,-6404.667,-6188.3833,0.0,99.50842,-0.8807629,19.200258,-152.4511,-802.9707,-11.436552,-89.399345,2.6521719,68.99112,-20.301743,1.1701571
-9.656073,-938.66113,-1374.1039,505.15616,103.63951,-365.7927,-794.961,-15.879586,0.0,-223.79822,0.25214908,122.05728,0.68611956,59.686913,425.0497,-5.8761625,-11.521087,332.15753,331.42468,-7983.789,-8.570162,-130.41272,-18842.096,-1368.8688,73.588196,-1749.6266,242.46497,-11147.599,-12202.767,0.0,145.32375,-1.2816889,-26.302263,-182.85727,811.1512,-11.259161,77.7601,6.755863,57.91173,-5.324318,1.1701571
14.488887,4036.2976,-1896.9208,-349.54153,1821.9814,-991.4123,11.525029,938.5379,0.0,-947.99023,-85.21509,-261.60156,-2.5949917,176.64801,281.87933,0.37725645,46.47814,-32.53001,-622.1705,-5425.62,-70.41805,183.06543,-13346.745,-1213.6831,-340.18695,-2011.4574,-371.65887,-11017.095,-11060.588,0.0,-97.94456,-9.486585,-10.798746,-38.481148,730.8734,-0.102495134,63.196247,1.0522159,-17.845005,-3.5215242,-0.47048986
-1.8737217,-209.60934,366.85516,493.31638,6.3885117,334.3388,117.24876,-10.140176,0.0,-135.20383,32.037174,-322.0714,-1.7725766,-42.38526,315.62393,-1.7580223,10.982495,271.58978,998.25073,-6934.953,-28.470253,-47.60914,-17955.494,-750.5494,15.055832,-1021.8834,169.0616,-9655.561,-11118.253,0.0,-122.03461,-0.8666832,-5.0129623,-140.18909,-386.4136,-11.576954,-106.75618,1.4932653,-35.89079,44.842213,2.3576992
-99.285736,-1677.4755,-2232.2925,334.67697,43.511948,-641.4978,-2883.8184,-81.471466,0.0,-1503.7913,29.222502,816.18304,-11.818394,283.11353,-722.7112,-191.92758,115.71083,-226.13213,2942.0498,14009.689,1458.3818,-1039.5625,97996.42,1191.0051,169.51205,4222.859,-469.34402,26455.33,34670.55,0.0,-73.416885,13.679209,-40.37694,-119.70562,-591.167,-94.031944,-269.21198,3.3019273,-43.715424,241.40181,1.5622113
-105.11012,-488.2947,431.37357,273.09915,-48.204777,699.91064,132.23361,76.0849,0.0,-694.2989,16.724764,224.93884,0.48319507,12.428979,-1521.236,0.9618072,82.538124,-197.32176,1871.2872,-1863.1351,791.0186,142.23036,-5259.574,348.02844,364.9068,1172.4264,-1889.6168,5331.546,7297.32,0.0,56.94298,-1.0688006,-9.829487,59.029537,361.88992,-15.466717,60.08936,13.632966,-46.501236,-3.8875108,-0.9027102
-18.14313,1980.861,1869.9988,554.3976,43.565,234.31787,311.62857,-14.038054,0.0,-494.9602,-79.340485,180.99374,0.070825815,129.38808,428.1239,-1.9821911,27.023127,-158.19789,1240.7026,5631.408,977.1167,-26.374813,24085.0,649.75323,294.34888,-783.6554,300.06152,11316.11,6894.978,0.0,57.91878,-63.63034,1.8055892,159.78986,-783.0103,-25.138872,-46.503628,2.1974847,11.970323,-13.466238,-0.9027102
2.0980973,-372.6378,317.39813,617.8731,14.697713,279.99344,139.95915,-10.795993,0.0,-2151.8406,-114.22546,194.17444,-0.34353885,153.79913,417.65704,-5.118157,-38.492638,-73.79456,1459.5181,-11333.6045,-400.4442,-124.99144,14408.176,-1007.1936,131.91954,-2294.832,145.15163,-10225.189,-6372.046,0.0,-61.09036,-0.8666832,-25.621372,-80.72277,-525.1882,-16.708061,-91.67248,3.3311315,66.93387,-4.6936727,1.590288
6.235152,-586.663,-2379.0793,484.49008,46.753994,-388.48965,-1565.8303,-13.895689,0.0,-1019.26337,10.223226,605.65753,-0.19802865,13.325636,-1177.0121,0.46717125,31.52362,-99.20123,1820.6609,-1109.3243,1091.7053,-94.110115,-5344.7646,-12.019916,504.1614,261.3155,270.20804,5173.927,6220.52,0.0,82.28386,-0.8343421,-10.006088,306.46768,-940.76056,-14.476658,-61.939545,5.086282,-37.717716,-22.215769,-0.59813553
-13.299341,-382.00757,373.23785,473.87863,4.869117,357.30414,124.74877,-12.892192,0.0,-1721.7915,-114.70399,-465.12692,-1.418714,208.11443,-2818.1423,-3.4521394,-115.63748,153.04018,1584.5249,-9319.053,-535.7481,-44.868084,1651.5006,-382.7755,106.00873,-897.7094,89.59339,-9740.226,-3860.1543,0.0,92.66434,1.7801236,-24.65073,322.83438,-373.4594,-17.33988,-41.569885,-37.512077,-31.249506,-4.744258,2.3576992
6.9796834,1990.3689,1475.5887,647.64996,-12.565894,256.86804,158.33754,-17.330322,0.0,123.98795,2.7593663,-161.77402,-0.9750045,-29.265799,355.79776,-2.8907015,-5.3305445,-91.04243,54.84082,-8074.925,-449.77042,-175.48932,-19899.629,-1286.2627,70.77127,-2396.1406,284.1352,-15041.81,-14079.87,0.0,-81.352554,-8.825316,-7.988789,-43.67394,-541.99567,-11.5810585,-102.59851,2.188338,9.944768,-4.965172,1.590288
5.657495,-361.11676,731.79205,242.88852,11.836406,586.41516,218.65977,-14.387562,0.0,-160.90834,9.393367,355.91782,1.3769355,64.030106,168.35188,1.6266339,21.51274,-49.990376,2548.9822,5168.1377,749.3979,14.5431185,26446.818,471.33084,370.72073,535.88666,-2144.0144,12571.181,8849.378,0.0,-49.59983,-3.5306513,-2.6640997,-135.39738,405.72888,-31.432491,98.59966,1.4206655,-20.579397,-4.015195,-0.9027102
-91.046295,-150.16899,580.11066,588.93445,26.197636,531.95715,207.70839,-11.736775,0.0,-645.0564,17.254206,156.05542,-0.34700537,76.92857,351.4104,-2.2741587,45.327755,517.10596,1698.5724,-986.6381,1273.7694,412.25287,-5031.4956,845.32605,556.719,1069.5145,147.73607,6502.34,8930.616,0.0,138.95943,-3.3102727,-10.630663,593.89374,-505.00018,-21.370232,-64.16005,2.7562141,79.061325,-5.241545,1.590288
15.873057,-192.69691,419.02704,381.43045,-39.06144,334.13455,92.8314,-12.227108,0.0,-187.10866,2.5323865,245.89621,-1.3145719,44.64787,85.32252,-0.4997567,-0.2844886,388.8821,1265.8317,-12299.069,-525.69965,-522.1495,-23496.451,-1621.6401,80.99801,-3649.0618,66.98509,-24950.936,-17977.195,0.0,128.15483,-1.3965962,-0.3230374,-161.33884,522.73004,-11.663178,151.38202,1.7538451,-29.873655,31.969654,2.3576992
4.8478074,-376.53552,529.8707,195.4619,-34.301437,741.2417,151.47339,79.74541,0.0,-729.66095,16.31755,322.4188,0.7263951,46.692856,404.01602,0.83777845,27.80634,-117.381874,1980.6609,-1744.0356,1110.7402,202.70917,-5577.054,483.2766,307.90024,1262.839,-775.38544,5905.342,7235.0215,0.0,-58.79867,-3.5447311,-8.954705,-151.57521,464.79355,-14.841947,62.206863,2.2548938,-27.041607,-3.9633715,-0.9027102
25.05219,-162.84639,420.9057,578.43787,-1.8982799,272.69357,146.70633,-12.832505,0.0,-167.48465,0.71304584,116.48673,-0.15368247,81.403244,315.23056,-3.3128104,45.29232,-53.8653,1316.4341,-6655.473,-33.590317,58.43507,-15488.068,-237.51355,151.51717,4.382531,31.663437,-7922.213,-6887.3833,0.0,68.20995,-0.8666832,18.631706,-113.561646,-379.40128,-11.432477,-37.26349,1.4491571,69.57492,-4.703589,1.590288
12.758968,-227.73589,506.13028,581.43134,51.38118,323.54642,282.84253,-12.82058,0.0,-741.4141,10.009149,-1291.9677,-0.52587116,-14.502309,-1484.4387,-13.35443,41.015213,-47.51586,2479.5679,3238.6653,822.2149,287.3263,21363.31,593.9906,432.6054,-587.5292,318.13016,11195.4,7182.023,0.0,-56.646107,-0.6493863,-0.11829342,-73.88997,-586.7723,-40.244263,-109.19795,12.78879,-15.010882,-5.2141166,-0.9027102
-13.137456,-681.66266,-1655.0286,575.5462,138.74454,-383.8877,-1160.1964,-12.035107,0.0,-538.9223,-8.412652,205.49782,0.49208707,67.985435,402.44574,-2.5807395,9.281219,250.2369,1405.5018,-5011.734,-147.30063,-135.97955,-14025.25,-252.643,249.33235,-247.75485,192.38145,-5468.3228,-5103.48,0.0,165.85364,-0.8666832,-8.590645,358.36746,-734.32385,-11.2343235,-71.93223,2.0454092,-19.151955,221.44258,1.5622113
11.412716,-291.7982,500.14658,575.2068,12.776692,292.59668,175.8515,-11.791765,0.0,-788.6396,-54.801888,-114.74356,0.5115718,80.99391,328.64365,-2.6737463,-36.10554,-265.31406,1112.6155,-4516.8057,436.69632,-82.010124,-7819.64,276.7994,203.71077,-564.0459,-747.0162,2464.9866,2351.8738,0.0,73.72078,-2.734399,-22.321869,218.20427,-386.07217,-13.207598,-28.43193,2.1607077,7.237295,-4.409477,1.590288
12.4460745,-238.10385,400.18356,416.53516,-52.75759,291.4498,96.85233,-12.914726,0.0,-247.78989,0.2769458,27.91184,4.301817,88.91422,444.99094,-2.5807395,8.473604,-10.531792,1372.7969,-6585.9287,-103.908775,-3.366843,-16235.959,-241.16902,162.1305,88.738625,173.07637,-7803.7144,-6660.478,0.0,75.81255,-1.2816889,-7.0497627,300.85944,469.42712,-11.441835,163.30376,1.5900433,-27.058527,35.92563,2.3576992
19.315786,2613.0237,1997.6787,492.65594,59.58013,338.54483,267.44913,-13.51126,0.0,-256.20657,-17.64487,-1438.9137,1.5879872,-35.91079,-1947.4115,-14.09111,27.145868,-41.210857,1038.9784,4389.918,931.0128,64.3602,24843.404,452.60168,272.81775,-740.9527,349.9012,11227.092,7226.6216,0.0,-51.04691,-60.983536,-8.969778,-2.8552723,-823.9524,-23.964935,-141.8061,12.866649,2.1084511,-13.175005,-0.9027102
-56.92682,-232.9511,93.47908,104.37117,-34.428516,442.9304,391.1466,-50.98726,0.0,-1303.9058,67.84146,-426.47784,5.2018175,-65.343636,-30.783783,96.86763,32.128506,-10.608621,2685.0212,14983.268,1504.5765,-702.0999,101247.04,1919.9905,693.82904,5480.758,-3140.3467,26540.674,36671.688,0.0,-77.91821,11.562711,-35.723503,-91.745636,467.1272,-80.49981,287.39566,1.6633692,14.371672,-3.3401797,-0.9027102
25.611755,-874.2848,-1289.3138,114.697075,117.14941,-1023.72174,-292.77335,-18.037582,0.0,-700.3256,-1.3259964,131.0072,0.81442136,39.770428,232.0369,0.73662215,14.852864,-120.85061,1566.9534,-5421.777,-50.986996,238.52696,-13642.231,-215.46568,74.71017,-423.9867,-1264.7317,-5812.271,-4360.928,0.0,115.55863,-1.2816889,13.312765,-112.57919,832.0715,-11.462717,76.98761,1.905977,-24.785624,-6.1613374,-0.59813553
-36.902435,2791.2424,2246.065,-5099.6094,220.12448,189.0814,198.82507,-29.339975,0.0,-533.56256,-74.54629,-32.475113,-0.083030105,71.8464,366.7383,1.4403133,13.396948,-113.818474,83.35149,-2213.361,-873.3478,-145.90884,-10608.766,-80.96095,292.01157,-2037.046,2.1933181,722.10156,546.8287,0.0,-124.54709,-8.979543,-57.951626,-60.690838,-761.1523,-15.571105,-125.92216,2.7726955,85.26375,-48.415646,-2.1267002
8.982682,-188.17763,364.39432,618.2041,11.265996,241.0646,147.30168,-10.785367,0.0,-445.03897,2.5836694,-83.685234,-1.7725766,-116.44252,-140.73807,-1.980535,-27.56558,276.4209,954.99817,-12258.061,-623.1811,-469.44272,-18276.902,-1434.5668,109.49143,-3199.4321,143.88292,-23466.035,-17122.055,0.0,-90.74321,-0.52102625,-6.107017,-141.88263,-319.0106,-11.496548,-102.65079,3.1815865,85.85408,-4.0256734,1.590288
-23.23722,2403.3145,1874.3314,-5015.859,87.01333,136.89546,239.75609,-12.1525,0.0,-847.6056,-78.164375,-61.26887,0.95158017,-123.8799,519.5187,-1.3638593,30.213923,-224.74965,1534.9706,5257.787,975.5527,61.81151,20932.617,472.1837,430.1847,-991.3632,-11.683763,10625.169,6821.32,0.0,103.297264,-66.31866,-66.40239,262.77603,759.4784,-37.359768,56.467815,1.3670679,143.98364,-49.18972,-2.1267002
-29.467705,-827.2663,-1768.3179,-114.049934,102.691925,-1061.6428,-1224.3135,-12.5671015,0.0,-227.66911,5.390346,434.00943,3.2727165,30.215963,-534.6137,-4.6288304,13.842762,159.38467,2054.584,7521.539,667.1377,-424.42828,28848.613,411.8495,681.17676,4449.2427,-4368.547,14566.499,10018.622,0.0,86.65277,-3.084167,55.084682,-390.07892,611.21844,-38.795544,95.03672,2.012392,-39.946922,71.32092,1.5622113
23.094225,-261.3763,481.2362,624.4074,13.222856,454.30182,201.55959,-9.92637,0.0,-1243.3123,-110.8433,-491.30093,0.90381116,83.30909,272.3771,-2.37648,-34.969086,-98.01833,1353.2775,-3986.5798,697.3889,188.39735,-4850.9165,274.3252,185.32936,-818.04504,191.57123,4155.9697,2994.0117,0.0,-148.30191,-2.748479,-23.671879,-254.8645,-393.07755,-22.523413,-81.57025,2.4885008,77.804825,-4.3665314,1.590288
-81.67842,-233.68863,723.45953,124.9157,30.701628,497.73108,298.8445,-11.034881,0.0,11.226831,11.967168,-233.10529,1.137853,-49.74891,469.9206,-3.5713997,11.48074,186.80046,2281.6172,3330.5374,734.45,-645.7743,24361.684,756.49817,812.0495,865.0404,-1677.6626,11319.724,8906.135,0.0,-106.83101,-2.883905,-3.7001224,-267.40106,-348.23666,-33.571198,-60.86954,-16.56345,-14.054221,-4.849963,2.3576992
-22.749653,-391.90833,358.87982,484.1573,-17.148752,267.59866,123.1443,-10.445566,0.0,-1574.4388,-165.4209,-97.29167,-2.0368595,-32.84173,235.17326,1.0328503,1.3344036,-120.49079,1575.1387,-9884.417,-311.75232,-184.6324,-6938.301,-1264.7181,148.81757,-1028.3656,236.5931,-13405.466,-12839.902,0.0,-65.73383,-1.2816889,-5.288737,-80.64354,444.44193,-17.499847,157.93852,2.6462913,-24.716078,-4.1899414,-0.9027102
17.515219,-251.82004,438.41318,636.68756,2.913448,368.03952,149.11166,-12.059094,0.0,-38.149727,-29.189312,-91.456436,-0.98475504,35.5939,2.7017977,-2.8016233,-38.354546,179.67537,1279.3253,-5856.9575,-266.79956,-75.25048,-12955.416,-15.119957,190.74283,-1830.8531,-34.38169,-1839.5398,-169.68088,0.0,-122.9302,-0.40611887,-26.078985,-175.74098,-448.89175,-12.193023,-40.844772,2.7642264,79.0564,-4.8333254,1.590288
23.48679,2900.077,2024.9388,-485.60928,-1.9581788,235.78293,238.21742,-16.363026,0.0,-1121.8693,-81.44296,-289.7556,2.6104043,100.48028,-31.144854,-50.13036,-2.4750247,174.8506,582.4331,3529.013,772.3379,-738.7275,35695.074,523.6975,139.45761,-128.75572,499.46457,13374.267,8907.923,0.0,83.65297,-65.84401,-53.965023,-252.1322,587.5224,-37.457016,145.9098,2.9329438,118.89656,164.15614,5.554518
-2.748324,-200.81715,502.2659,514.7019,14.461644,272.26508,225.70328,-13.307671,0.0,-623.46515,17.586737,-352.579,-0.45381403,52.568466,-1193.5457,1.5056523,67.5316,-76.08898,1722.9423,-2877.5593,1102.2137,205.58543,-5985.7383,482.21063,432.5002,37.465622,260.5768,5418.3774,6379.435,0.0,-60.44883,-0.6493863,-8.742575,-118.75593,-392.02197,-15.557551,-68.80746,4.3009467,-34.76888,-4.93934,-0.9027102
4.513969,2957.8423,1768.65,-743.6006,233.16673,217.72252,161.14185,-18.37513,0.0,180.00215,-20.185884,-71.183556,-0.9750045,41.60204,302.41214,-3.5084054,9.974788,-100.38047,424.3517,-7347.2007,-232.18878,-174.63457,-18747.201,-1286.8036,357.4056,-1769.0101,137.77194,-11510.294,-12299.782,0.0,-65.136566,-8.965463,-7.9306636,-69.88802,-627.88245,-11.204474,-119.82978,1.6802213,70.95915,-10.542349,-2.1267002
