Store,WeekOfYear,OpenDays,PromoDays,SchoolHolidayDays,WeekendDays,MonthStartDays,MonthEndDays,StateHolidayDays,Year,Month,Quarter,CompetitionDistance,CompetitionOpenKnown,CompetitionOpenSinceMonth,CompetitionOpenSinceYear,Promo2,Promo2SinceWeek,Promo2SinceYear,TimeIndex,sales_lag_1,sales_lag_2,sales_lag_4,sales_lag_8,sales_lag_52,rolling_mean_4,rolling_std_4,rolling_mean_8,rolling_std_8,rolling_mean_12,rolling_std_12,EMA_4,EMA_8,days_since_last_promo,StoreType_a,StoreType_b,StoreType_c,StoreType_d,Assortment_a,Assortment_b,Assortment_c,"PromoInterval_Feb,May,Aug,Nov","PromoInterval_Jan,Apr,Jul,Oct","PromoInterval_Mar,Jun,Sept,Dec",PromoInterval_none
-22.209175,463.0007,-2409.4248,-7315.55,-742.6317,5.7597466,-174.82074,-187.94089,-5.8727117,-11.528522,-116.95497,-4.219183,99.31317,1.1574143,19.584541,30.902763,62.397186,22.480999,-11.026528,-249.64049,910.25073,0.5693043,372.15533,88.37719,-265.65622,888.2321,-229.78342,1535.0364,-107.0044,7998.909,-337.60794,1675.6785,4797.024,-929.1351,-247.5529,-8.534835,-26.218153,-7.063758,61.41929,-5.838722,33.021954,2.110509,0.54906815,-15.81578,-0.38091052
-18.561646,390.0299,748.6282,-7307.5444,241.45142,0.6734024,-142.07494,-45.56125,-7.4559145,-3.9598455,52.236656,-4.2295046,17.142525,0.71143407,2.9959826,71.09159,2.2344358,-35.672413,-74.39259,257.8253,561.51117,-112.39307,-83.67854,-67.23041,-1997.0088,665.60736,-93.01926,1263.6035,-74.147644,6038.687,-630.68396,918.1304,2237.3645,-850.9696,56.633236,-1.5779359,14.648455,20.33199,27.49387,-2.3724492,37.72063,6.564627,104.49411,-3.0675325,0.4557062
15.789338,366.86755,720.3275,-7288.899,240.13245,2.491475,-152.27586,-52.655792,-5.6814466,-3.709734,58.18634,-1.3730943,124.222084,0.7488722,2.0613637,-197.14154,-23.13451,-54.355175,-71.17582,66.728745,334.82397,-140.02754,-25.245407,-65.77266,-1710.1284,751.59296,-77.62915,1250.8445,-84.833305,6083.9385,-671.22015,947.433,2270.903,-914.8596,-51.60107,-1.5218284,18.878864,-9.298349,4.5275526,-2.434487,32.09863,11.8300085,103.23443,-2.7606757,0.4557062
-5.6976566,136.3064,634.02655,-4713.296,258.45773,0.63632405,-117.29198,-50.554848,-6.9427958,-4.672129,18.37814,-3.3118014,62.83233,0.48010868,-23.51925,52.987915,19.680567,-34.51092,-1.0806828,49.06383,-114.87806,-213.31769,-101.12035,8.885982,-2018.2144,-434.64453,232.89839,-404.45377,67.14688,-2239.0986,400.57956,361.33096,-525.1291,-619.3173,63.3428,4.088814,7.7992916,15.247417,60.018894,-2.5194561,47.0062,1.2049195,-20.715933,22.65003,0.4557062
-9.494138,976.5835,521.89044,5601.2534,367.8467,8.241622,-131.24228,-63.624046,-6.0123067,-2.4755785,-108.593994,-5.0271125,-107.8292,-0.18502538,19.819487,83.77432,-11.991688,6.594741,-22.967316,244.61351,179.31474,-643.17804,-269.044,-80.027855,3371.6812,683.5764,-92.63381,380.43524,-195.01155,1540.9828,51.62565,-153.15729,-203.95248,-618.3806,-59.624092,9.739269,0.61198395,-13.395704,-18.093838,0.6053881,-29.690224,-9.160643,-7.5703325,-2.423975,-0.38091052
-3.84055,1219.3641,473.4348,5073.9995,323.32553,7.2914534,-109.535774,-38.57084,-7.609809,-2.3672462,-87.61505,-2.6019754,1.0354253,0.68483025,-28.46693,-204.95177,-18.565014,13.546145,-34.31307,82.044685,177.785,-368.58188,-406.71902,-9.06475,-970.8849,-219.12672,-43.59674,161.87967,-49.490234,-78.44772,51.12734,2.2377784,-739.30115,-477.0642,-60.207855,11.585203,4.5357647,-11.849409,8.398483,-0.5444891,21.740646,-7.3009377,-9.628209,-3.1205595,-0.38091052
-37.16762,107.314896,619.6905,-5381.365,213.8721,-2.0992413,-111.883865,-104.46357,-4.437175,-4.7383637,93.05903,-0.7783545,-2.4260528,0.46326938,-24.190895,62.8315,25.061352,-1.4953973,46.85952,-171.35109,-193.69075,-686.8925,-123.688065,-7.569668,-3147.5476,-616.65454,-153.24002,-863.86255,12.416447,-2988.2,105.17703,-96.9902,-804.4232,-439.98578,73.57818,3.4659686,12.025571,30.264982,79.283844,-1.1499597,57.080696,-40.595554,-13.001639,-2.482287,0.28916457
6.571723,238.56822,656.6095,-5678.433,254.41,-4.336685,-122.7384,-80.21428,-4.5516305,-3.0766845,42.683056,-2.2937589,-60.72854,1.1682411,-33.124557,104.79188,-15.932769,14.974415,-25.816807,-87.82937,-4.7869554,-556.22424,-219.87355,-83.31448,-1856.0742,-161.77737,-71.27068,81.28914,49.88719,-198.0996,-27.505075,240.45862,-436.80225,-726.51105,-50.709427,3.9418113,10.225123,-3.5598714,-62.265953,-1.5764937,-44.025375,3.625086,-25.480242,-1.7918863,-0.38091052
-43.236202,187.60643,770.92035,-6989.0107,339.5618,-13.718346,-158.24408,-123.366394,-5.5435452,-3.0934238,-1.1073292,-4.1136813,8.256406,-0.37683314,-32.767975,65.07333,22.618872,55.3451,153.2602,524.554,190.76555,-674.81146,-154.06488,-105.188675,5761.9653,115.74087,-5.3960533,817.98486,157.18272,4377.8867,208.95506,-195.03519,-545.13403,-658.2732,92.44697,-3.1310241,-0.83456695,159.78215,-58.118828,-3.4822657,-38.325344,18.990938,33.357212,-3.0852947,0.4557062
20.29173,-699.6906,-1466.8364,-6957.902,213.41968,-1.0596546,-125.412415,-180.8227,-5.5420885,-4.252947,-102.05501,-1.2837182,14.700152,-0.399993,-9.488079,86.285385,17.071121,25.036194,-19.730188,-29.413355,172.31293,-134.3774,250.86649,-26.052044,3970.6877,370.7758,-19.103037,1012.70184,19.43678,3410.3682,79.542625,-122.20095,-392.35773,-957.8347,-180.70407,4.408526,-15.006081,-6.491676,-62.634827,-2.5629854,-40.828526,1.6853142,2.0603814,-4.384181,-0.38091052
-5.8591805,113.54172,603.7173,-5655.2773,243.12653,-2.5625741,-126.78639,-93.34659,-5.250136,-3.2948387,-25.88052,-1.3894454,-53.792274,0.031879928,16.24132,35.27938,30.315052,-40.193214,-0.9338609,51.927258,-54.365673,-551.9863,-254.29001,31.84201,-2310.8113,-275.2322,-129.28047,54.927418,45.821648,-257.0177,-24.513103,156.43622,-504.54642,-729.45746,71.67968,3.342084,7.335183,10.271153,-65.53909,-1.109003,-47.1745,5.4860144,-2.657731,22.020725,0.4557062
22.869976,-774.3111,492.52396,6190.797,-1469.5541,12.989602,-165.99556,-158.76036,-4.7553477,-4.0002193,17.773535,-10.964989,-132.92232,7.4582224,-27.570614,86.17128,29.474533,-17.283913,41.216244,1178.7552,-45.482384,-36.530186,465.89944,-161.61124,5525.161,992.90466,266.56686,1203.7349,83.793045,4258.9014,141.7481,-51.42963,104.28074,1026.9973,-93.54709,6.7029414,-26.011879,-18.186451,30.069735,0.74104893,58.44664,1.0307752,-4.890893,40.834347,1.4168137
-8.492457,35.41728,527.9153,5369.2485,-1546.3057,7.8283887,755.43884,304.72318,-4.6065645,-4.9746375,36.87402,-6.878272,-67.03259,3.5385668,34.538803,60.23718,24.44044,-21.51117,144.78389,706.8126,-258.0788,180.85646,7.1999006,-53.275394,-373.4882,838.17084,-80.64924,216.27422,154.74275,513.7025,127.143745,-213.95377,-302.0818,598.36,-105.64103,8.837076,-7.0437937,-9.270655,-29.472721,1.2435981,-51.638783,-30.118961,-36.92772,15.3397665,1.2411437
-11.26879,316.21582,707.3257,-5152.4395,-719.22125,-6.283857,-108.347855,-68.270836,-3.9368758,-5.0956707,13.946588,-1.3252438,-79.70671,-2.995494,-28.750717,41.360504,11.462799,-30.283392,42.161087,64.38018,-238.86586,-542.89545,-75.28709,-49.97478,-2255.6436,-612.70734,-110.04066,-807.28723,2.7509768,-3186.3271,159.05936,-161.21242,-1031.8086,-455.21756,-92.654625,5.741542,3.2410095,-6.9162135,89.2172,-0.80630314,70.10702,3.8810337,-7.2021136,1.2699383,0.4557062
-10.181463,-452.7525,-1372.062,6014.5107,-1236.0476,-2883.013,-129.26314,608.2677,-7.7805295,-5.6606383,45.939808,-15.322779,-34.004265,-0.059365682,25.754599,36.620903,30.160072,71.28345,68.34404,710.5302,-405.18835,214.65881,933.36096,-139.88399,-756.1538,1800.8828,239.17558,477.5192,165.17732,2468.807,177.0217,4.2389216,109.07741,288.09467,145.49611,7.7318034,89.16427,-8.911022,-23.05271,0.9972295,-36.43408,-34.262844,17.123178,-3.3554645,1.2411437
-5.403123,-833.13824,396.81027,4104.8945,271.28912,15.075582,-122.510025,-53.25717,-4.7623878,-2.8110883,-106.62198,-4.8272014,86.65675,0.3675077,-17.039328,13.492978,2.7071526,57.63399,55.61545,509.7039,-326.76163,193.37393,-264.5535,41.603706,-1987.5222,-397.6406,-134.06108,-739.6271,-61.97151,-2696.1802,-37.190132,-529.87085,-684.0437,520.5495,-2.0972965,10.400732,5.7726073,-10.33959,-5.5909367,0.6069597,-24.753222,-2.686748,30.330685,-9.803914,1.0717654
-14.198618,311.10712,-1827.8094,4307.9844,324.83887,6.17867,333.83755,-227.06424,-3.6239903,-3.9208379,75.35397,-2.2989626,79.49648,0.2382219,-77.51985,93.76786,6.034234,-19.275225,37.475216,572.1105,-83.95632,-335.45245,223.70229,-66.99012,4523.1064,-44.568703,-49.704296,310.53146,150.20557,4236.8354,-752.3671,-618.77374,-175.28667,802.16254,-161.01189,4.0076594,25.523708,-13.247205,-42.86913,-0.77970535,-45.84328,-5.6366043,-14.823343,-1.7887816,1.250272
-1.426861,200.94727,629.72943,-4065.9287,265.69116,-6.312002,-90.42661,-78.59652,-6.6994753,-12.340048,25.633705,-2.9749408,-11.116151,-0.10789019,-29.032516,51.082005,-16.591444,14.918353,-24.123821,-200.42822,-291.1036,-530.1404,-97.95087,-12.018836,-2528.475,-1227.9679,279.27957,-1116.8873,89.61818,-4710.6484,425.9186,-927.9743,-1869.3346,-307.186,-47.327213,2.747928,12.538634,-4.899184,-39.06363,-2.2561502,-37.261272,3.3271828,-20.816092,-2.029899,-0.38091052
-149.97081,-395.17947,392.46722,5650.101,321.62497,18.662052,-142.04887,-71.186325,-4.6565595,-2.1111975,38.703236,-5.654253,36.80853,1.553072,8.477763,53.96563,32.685165,-7.5032907,49.81012,578.7814,-235.05992,172.4904,862.89954,-60.7845,-1194.8978,1255.7318,153.33669,266.7803,-72.79973,946.6863,5.9973326,34.784916,-130.40173,873.2069,76.00329,10.643823,-4.9773545,24.826338,13.118475,1.4560069,38.475002,-1.5773911,-13.481079,25.512411,1.4168137
-5.759067,1217.0808,472.33444,4750.5977,385.29346,6.522773,-102.41386,-59.406036,-9.983998,-2.381575,-62.031563,-3.5785198,-14.245973,0.6725531,-31.733805,-20.838554,-31.151205,6.3661885,-32.69828,194.07388,-121.85016,-284.17776,-406.2419,19.167862,-577.68304,53.50967,-275.32675,-137.45984,-126.28114,-1025.5248,141.04726,-28.798645,-881.755,-505.37,-58.365334,5.0242085,7.8792877,-10.101998,-3.9382777,-0.023477215,-17.865088,-8.590058,-9.452022,-5.018181,-0.38091052
-2.5298655,-915.68005,390.1825,4752.7056,188.67966,6.9464035,-137.34363,-122.349724,-3.6460187,-5.5663366,-113.41717,-5.8683863,-68.49145,0.0062372508,13.461622,55.076298,29.199898,-10.842631,28.166239,371.88217,-326.91925,123.46111,-317.25998,8.853028,-2222.6826,-1680.3468,272.68555,-952.185,82.61328,-4067.4272,59.563423,-698.39636,-967.6648,596.9998,-39.86455,9.981201,8.327212,-13.326213,7.216051,1.4737089,28.797297,4.3176765,-9.203573,-4.310247,1.250272
1.9626555,7.9603295,602.098,-5210.247,232.11937,-3.3752577,-112.35746,-112.94615,-7.1646414,-4.6645393,46.58097,-1.3691386,3.3957348,-0.1675263,21.686327,35.8225,27.892336,-12.303628,-51.14348,-5.2309704,-184.36053,-504.59738,-150.15451,-16.005669,-2190.8345,-478.43112,-161.09723,-792.75635,-11.347833,-2980.1433,199.19794,35.336082,-724.3528,-460.28085,76.19147,3.6753833,-51.821247,-3.5156648,-59.964527,-0.6895723,-39.69284,-51.250153,-9.243913,-2.5553396,0.28916457
-9.227972,-782.5672,352.20908,4114.797,155.97746,7.4082584,-118.61892,-74.02497,-6.5545306,-14.792539,-83.71905,-3.0992956,-79.00488,1.2237978,-16.452587,50.79578,-37.544064,1.0400597,-22.874678,198.87196,-415.12952,-345.0974,-484.02808,0.64424753,-2981.0693,-2340.2126,-269.91718,-1310.7131,-148.67917,-4909.0996,90.34963,-1050.9901,-1889.6758,472.36517,25.369043,9.4915495,-60.698383,-9.670995,-7.967165,0.6822185,-27.729942,-0.60484886,-9.501065,-5.1508856,-1.1257519
14.218578,-176.11626,-1289.8138,4673.818,271.7795,-2556.8037,-99.47337,740.77515,-6.6245165,-4.424239,-170.5375,-13.792126,66.757935,0.5191035,-58.19061,61.666794,39.927692,16.318224,84.87661,588.6628,-215.83614,177.54327,213.31296,-49.11944,-1663.0308,-343.5417,-119.58675,-633.9932,-48.38798,-2715.1973,27.289383,-354.2988,-640.12006,76.39629,90.8929,8.246667,-32.7849,-12.25629,19.61715,0.5094182,28.227394,-22.357573,-12.985864,37.55407,1.2411437
25.989294,196.22513,636.57794,-5310.6143,223.63449,-3.2716916,-115.39785,-64.30634,-5.7058673,-4.70182,43.98389,1.2792611,9.2357855,0.48984122,13.516909,-8.759507,-8.763681,-50.868896,-68.21195,-216.42162,-101.23897,-601.5437,-197.37946,11.617576,-2368.157,-788.6427,-182.38486,-803.7808,-39.243706,-3557.8447,-30.193008,0.054071546,-973.9137,-498.46222,-69.07798,4.168163,14.117109,-4.2847753,-54.04814,-1.0252584,-34.967495,3.8008084,54.922653,-2.1233213,0.4557062
28.357264,572.71405,663.08514,-6684.815,269.23703,-5.063388,-146.21394,-65.81456,-7.7788644,-3.5867085,22.143824,-4.257936,75.83204,1.2227015,-1.5327371,23.849169,-4.992133,24.843021,-40.031075,160.36444,530.5592,-268.95908,156.40097,-0.8597487,-782.0886,697.45917,-193.28348,1227.3785,-14.809845,6552.1885,-13.891495,834.4554,2418.8267,-804.20605,40.726257,3.416297,1.9593672,18.61342,25.067823,-2.3273396,48.842003,5.5330334,-11.477308,-2.209493,-0.38091052
-1.6548805,-874.0371,-969.51984,5264.2295,181.51645,673.45135,-173.0193,-114.44074,-17.90462,-2.8847797,-136.68826,-8.923958,-26.22331,-3.7412431,50.6172,-92.22196,-44.53047,2.7754793,-33.056408,868.21875,326.9254,-340.6756,-280.87674,-22.330614,4330.2227,1031.1852,-340.74158,1226.6034,14.586821,5324.415,-168.11601,710.68713,1480.3949,692.86847,54.743652,-636.95184,-5.087524,-11.460334,-29.159557,-2.8628907,-19.210821,0.32616344,-5.0080805,-7.8886933,-1.1257519
-25.633333,-80.871155,519.1176,5614.9224,340.04013,8.503471,-170.00151,-71.60911,-10.385668,-2.733334,-12.001514,-10.674288,-55.25513,0.107744,18.964478,75.18134,-24.874193,-2.558327,-23.543198,699.05426,135.12584,-283.9712,456.8057,-54.63788,4001.8828,962.9453,-226.56224,1124.4098,-172.40619,4972.0967,-50.697483,-8.537371,1653.95,937.63934,-62.382133,13.606702,7.0952463,-37.440926,29.383095,0.8005504,35.620407,0.9351532,-17.70201,-2.8721209,-1.1257519
-64.797485,687.8055,486.28082,4877.784,268.55917,6.8239813,706.04144,-65.95491,825.0895,-3.135019,9.453613,-5.3784256,22.483265,-0.52848697,34.88182,20.654108,-0.28993565,-8.033706,-26.446661,184.2121,-306.6233,155.76804,128.25008,-33.803043,-1376.6202,-1118.778,201.40584,-835.9207,-5.464907,-3915.5186,-110.24069,-596.05316,-903.4345,255.51443,80.75343,5.5134754,10.933297,11.246971,-13.554151,-1.23748,-33.174706,0.03219164,-16.353928,-1.7054291,-0.30544105
-11.873527,909.8301,437.51456,6082.0737,312.57388,10.260881,-128.5118,-39.04726,-6.902012,-3.015352,-95.11693,-2.7868369,120.31557,0.60034657,19.978424,107.48555,-4.193733,15.138843,-24.856264,534.5415,281.14612,-796.47375,-353.43878,-27.750204,4035.5754,-554.1498,127.45556,1056.377,201.14835,3498.29,73.062386,-473.1764,-100.800446,-716.1482,59.112144,4.8816357,1.4926404,-15.053984,7.507499,0.5970449,33.57627,-12.397522,-9.447378,-3.3871515,-0.38091052
66.12543,9.934868,459.35422,5152.2617,291.20053,21.291883,-122.175156,-75.04525,-10.551195,-2.0737343,34.88226,-3.5897772,8.30888,0.28090099,12.807256,121.19685,-46.04699,1.5742978,-27.756502,545.1362,-331.3536,140.55685,338.04965,2.3763494,-1695.4707,-285.57846,103.05105,-261.9617,84.76842,-1006.9827,98.20616,-264.32178,-753.65125,836.44824,58.033794,7.970051,13.1201725,40.42366,-12.0587635,1.5038549,-30.527697,0.64415604,-14.610263,-2.2352672,-1.1257519
-2.0326393,385.41458,609.6712,-4369.378,250.39998,-6.629242,-95.273705,-64.248474,-8.029351,-13.401509,16.437323,0.27016914,-107.8806,-0.095236346,-38.55921,-157.48596,-10.697346,17.385832,-30.477625,-284.75903,-225.79034,-790.29034,-294.88507,2.990958,-2854.937,-1467.9801,165.20645,-1259.9752,129.35979,-5718.5493,384.0535,-1800.7502,-2310.3562,-340.97662,-58.200848,3.8189049,8.60575,-4.8247595,-65.27193,-2.3912537,-42.631622,3.3656735,-6.371799,-1.4902438,-0.23553342
-5.621728,1004.2757,505.79947,4690.163,366.16165,4.7428055,-109.54382,-59.400692,-4.850697,-2.910385,-38.41283,-5.757649,-50.900764,-0.2980597,17.97921,58.286514,34.719513,-12.09471,-163.08142,425.33246,-120.46492,-442.02316,-292.78482,8.625357,-558.37024,-434.50238,-158.79338,-782.4549,-157.95198,-3510.5154,124.389275,-386.02045,-547.0755,-208.973,-68.90594,6.4149117,7.9049397,-12.414934,-19.533598,0.9817572,19.91346,-8.390797,23.603083,-8.284713,0.4557062
-99.68697,-151.50488,-1215.9432,4525.293,284.10117,-2003.7241,-100.911514,520.5243,-6.3216023,-6.5359845,-90.053085,-13.325028,38.559807,0.48188767,19.547428,10.064048,60.66166,8.791572,81.42068,405.92578,-280.59583,-33.249687,46.186123,111.88039,-1543.4656,-1528.905,-145.24556,-898.6428,-192.78662,-3643.5496,53.235226,-639.3203,-1315.0582,276.26794,103.51967,8.174698,-37.445538,-9.16411,-16.506094,0.4420011,-18.79248,-22.615433,32.98306,-4.1286783,1.2411437
-5.570216,352.78125,-1483.9292,-5355.3516,214.09367,9.001216,-84.64611,-137.60728,-4.8144026,-3.2408583,-96.07038,-1.4584824,-82.316124,1.2119392,21.943449,97.04166,2.923499,-19.651806,2.6739824,-146.61966,-44.511948,-627.8953,74.480965,14.364165,-1775.018,-7.42375,379.15067,-61.89401,33.25357,82.54656,158.09848,109.5413,-513.3265,-789.9342,201.32445,2.6863735,-47.33277,-4.283826,-60.84652,-4.937784,-36.182194,2.8052702,14.511962,-25.739418,0.4557062
-6.1524153,-225.53677,-1290.133,4045.8318,-996.9266,-1949.5691,-78.98985,685.2371,-5.818701,-4.0167117,-75.77809,-13.2319565,-104.75847,6.7964,-108.839005,-39.981335,-21.145638,-16.044567,-35.926468,411.41867,-280.82385,-77.10727,-62.344944,15.400716,-2073.1343,-1282.7816,-178.99326,-772.1547,-211.45007,-3594.6643,-38.680817,-548.7126,-1135.3937,252.98257,-140.52748,9.220475,-4.3932204,-11.277774,-29.639872,-0.011477655,-40.26386,-31.949512,-8.598962,-0.89006144,-0.97057134
21.346794,-75.03949,448.96188,4563.4116,271.71063,18.567669,-111.19518,-67.75168,-7.484785,-2.5903685,33.34764,-2.4213705,-3.543184,-0.34911656,19.489489,53.21689,-25.565197,1.0119426,-20.316486,219.97894,-302.2885,74.44932,34.91437,20.654142,-2319.457,101.62378,-196.76318,-123.87291,-157.38173,-810.35724,68.66088,-130.60535,-893.1366,707.6359,-50.857517,10.457004,16.049345,-14.076189,-9.115004,1.041873,-26.877132,0.82853293,-15.823455,-3.4201787,-1.1257519
-28.16541,165.98749,-1416.1682,3390.7031,241.68405,7.8611426,396.65317,-104.74393,-5.639107,-14.472926,16.929825,-2.9396503,41.78822,0.64908534,-17.18654,105.61275,19.423712,-18.513983,-100.28302,256.06042,-289.3277,155.81532,236.8182,-133.95654,-2056.8433,-1579.9471,-2.834974,-1160.3884,-3.6596806,-4375.285,78.54214,-676.59204,-1107.302,467.4027,173.32115,8.4339075,4.2864604,19.631056,-13.022385,0.050619658,-48.69937,21.058365,-26.550608,-10.409739,1.250272
-4.4079065,2.2608538,483.35965,4404.0376,-1147.9418,4.2240844,700.8522,231.09833,-6.0494423,-4.9429865,41.115574,-4.5288773,1.275927,-0.11165908,25.984724,76.394455,-22.232204,-16.26477,-44.656933,297.686,-353.72745,140.37047,-255.80371,-11.219051,-1563.1616,-1561.7834,-191.66507,-992.31757,-117.90716,-4235.3535,2.8242495,-609.29236,-1077.7527,220.16403,-97.56435,11.169008,-0.9553986,-11.534467,-27.968729,0.7980777,-39.87062,-26.621754,-30.675575,-4.3108506,-0.97057134
18.52219,188.54683,432.1641,4690.03,318.09537,7.711936,719.3657,141.37985,-6.357787,-4.3824387,27.124914,-5.3383813,-44.74864,0.53918666,-52.869793,62.861805,-16.953188,-4.506744,-63.156944,487.14514,-224.13644,235.81612,-36.363113,-2.039802,-1165.804,-593.8865,-89.06386,-728.5548,-33.591244,-3670.733,30.504019,-596.505,-723.3969,280.8251,40.600166,9.494296,7.8239937,27.129534,11.321054,0.41948068,35.126972,-14.740131,-34.669636,-3.988397,-0.97057134
-6.1043777,-121.514244,354.2174,4417.0674,291.70593,8.469751,-137.11234,-55.6925,-6.111172,-2.7065158,-17.567562,-4.560851,322.61423,0.30544287,11.682545,44.841484,23.34181,-9.250906,41.59997,350.40335,-275.07712,203.3726,157.34856,18.022818,-1860.9581,-1135.5768,-79.13605,-855.6438,-199.25969,-3772.9158,-41.271145,-608.8854,-1035.37,501.2363,61.898045,11.170529,0.66882277,28.353819,9.481399,1.0643164,34.46204,-1.9329338,33.86377,-3.0949805,1.4168137
4.5996203,180.28102,605.521,-4694.844,272.85593,0.5421006,-112.33438,-61.979008,-6.5529046,-4.8515463,60.756744,-1.7706555,50.169975,0.4362939,12.364688,42.24147,20.168417,-23.80378,-3.905645,46.326477,-177.76321,-339.21695,-185.75974,-15.947828,-2094.4548,-544.0347,355.14227,-437.6321,134.47174,-2104.895,372.71606,142.23091,-729.62756,-619.28046,75.34927,3.7747335,9.020866,15.253296,52.690533,-1.9871361,46.147663,3.766481,64.84823,-2.967724,0.4557062
-9.61886,-376.4869,382.37698,5286.081,400.46973,15.299831,-141.01387,-56.14623,-6.498607,-2.1795166,12.260452,-3.4305482,4.6810656,0.67839473,21.06427,-190.29184,-45.602066,5.2364187,-25.539545,347.06567,-17.757895,126.48257,239.44513,-41.7339,-225.19756,1156.453,-28.807413,326.9281,-172.86314,1051.857,-100.518814,186.94283,-117.18483,856.8809,83.89723,10.513051,-4.1727242,33.1991,12.46632,0.74645174,28.679167,3.3898058,-12.739125,-2.2474442,-1.1257519
-1.5219975,-125.54308,460.29694,4411.085,282.47125,6.4355803,-122.15818,-90.75486,-7.009633,-2.8551402,6.398995,-2.7314699,-34.47647,0.2707575,13.514047,62.634907,24.544544,-10.576184,28.182947,294.50476,-270.4542,40.3415,-63.05825,-4.9337864,-1957.8024,-1566.3137,-94.412,-840.982,-0.8088242,-3959.5962,38.508827,-642.50714,-1052.5548,569.7695,-66.61484,9.288297,13.932547,-14.390892,-11.155641,1.0685707,-27.368668,-3.6141567,-15.134351,-3.1479814,1.250272
-11.480618,267.92914,-2023.9507,-7371.472,-790.1274,-10.750987,-133.65045,-217.95012,-6.812044,-6.3488708,-95.22924,-3.507813,137.44441,1.2436593,23.197016,46.218914,-32.311443,-61.064564,-29.056393,124.841064,690.2803,-644.2045,280.62097,-45.455963,4611.3223,806.655,141.70384,825.8275,81.48495,4217.6724,269.66333,249.81221,1219.0681,-887.2388,201.80301,2.799892,-22.647722,25.846945,72.74507,-2.759191,40.781532,-54.870285,-5.208713,-23.041004,-0.5968905
-0.659866,-451.06348,-1430.0013,-5004.387,173.81508,1.2439625,-71.113045,-136.14432,-7.687299,-5.390478,-43.069023,-1.818568,-88.132904,0.38924122,-17.87109,-249.12834,5.6853957,14.55552,-25.807997,-234.07596,-220.58176,124.80381,17.88699,-20.293095,-1910.1744,-173.37767,324.2877,-414.29144,43.11881,-2699.4143,348.55698,404.59518,-521.38745,-744.15015,-137.3343,4.130008,-0.00047117565,-5.5017405,29.131624,-2.6117167,37.80367,3.5027056,2.903525,-8.642859,-0.38091052
-6.965575,-555.862,415.96237,4486.327,-990.1419,2.9736538,-135.09073,-116.805916,-6.3493886,-14.430421,-9.883659,-4.939506,-65.600815,3.7364018,-30.253063,44.11336,23.531351,-1.9629647,38.115128,328.94196,-477.40488,65.92818,-4.1965766,102.05224,-2300.0046,-2115.839,12.772187,-1148.0576,-249.38881,-4662.4893,-13.909464,-981.3948,-1665.3595,486.0393,-95.35024,12.771928,-8.438512,-11.938326,-27.791039,0.805524,-41.54426,19.199047,-8.642802,-5.6051407,1.250272
-7.8995786,495.9036,-1554.0703,-5845.015,167.12556,2.7101765,-69.37429,-151.36615,-3.7682145,-5.512455,-42.809456,0.045203373,-113.183495,0.31760427,-14.60596,59.826508,-4.95701,-30.848429,40.04145,-137.44826,-115.21103,-756.0361,60.62363,-17.902006,-2337.496,-249.45477,-182.05978,-810.9329,26.699938,-3125.6685,69.91215,-169.15573,-870.4828,-516.732,-159.80261,3.3736618,-0.02047782,-6.6601634,78.73243,-0.7627525,38.05779,2.1312432,-2.752933,180.41467,0.4557062
-4.595181,183.2112,603.45856,-5689.1445,228.4411,-2.8872318,-134.7343,-55.461502,-7.7538724,-2.995636,56.180283,-1.5450518,39.727478,1.0669152,4.781461,-209.30774,-4.9068184,17.196262,-30.329163,-127.39028,82.24745,-328.11276,27.472746,-20.404877,-1629.0844,406.42557,-26.953173,474.8019,-6.878008,1170.9365,-33.920204,502.01407,284.95578,-741.631,40.508766,4.7969365,1.9086003,17.21073,24.521816,-2.645052,45.611958,4.7746034,-29.309755,-2.146154,-0.38091052
30.45376,361.79987,-1383.0737,-5490.0186,180.7813,9.044887,-50.920574,-70.06892,-6.518024,-5.208083,-56.646187,-0.16121048,123.345604,0.6464489,-8.002435,44.47117,-11.507746,6.2716866,36.039722,-89.732544,-185.02994,-621.8167,70.3257,-8.551824,-2622.8884,-249.79659,212.04094,-742.1782,10.668301,-3269.1301,363.81363,-151.08617,-935.7577,-473.2449,172.7239,3.8603425,-0.160281,15.4126,67.85809,-2.2054074,45.64871,-0.46986672,27.553757,-26.822512,0.4557062
2.8712149,-139.46504,536.5063,5491.2207,-1604.5133,8.593205,742.163,272.26895,-5.757728,-4.754945,49.73558,-12.220713,-77.87788,1.2748692,31.723791,77.59899,-25.251644,-9.253609,-65.78643,520.8455,-292.2177,-293.99222,84.61149,-84.45399,4503.4507,586.76416,-1.0825747,69.429085,165.40639,149.63228,167.84279,-855.6886,-478.4582,588.3097,-93.384674,7.601629,-7.0491834,-8.325174,-48.45223,0.95406765,-53.035934,-33.47781,-36.078465,-1.8535624,-0.97057134
-98.50197,877.27606,500.53415,5221.6,394.60245,17.267338,634.47565,-31.171782,-7.279649,-2.797574,68.902565,-6.224011,64.55896,0.45260158,31.62178,54.844967,-10.32025,4.003143,-27.400799,532.0467,-276.29123,35.35963,440.15982,8.543428,-495.8619,148.22636,-73.75385,-131.0115,-99.528015,45.99018,-7.416934,-122.22791,-759.4108,529.47,-37.720203,11.288828,10.744508,-12.987418,13.81309,1.4752874,38.79034,-2.6254597,-16.783058,-5.536459,-1.1257519
24.851656,207.11626,498.09418,5254.1426,401.99503,16.040085,822.21674,363.4794,-5.4263573,-3.732791,17.845528,-3.791244,7.4580164,0.85844177,25.594616,4.7235374,30.81925,-16.30298,144.02255,338.69104,-315.41498,77.31187,245.56187,-74.48139,-222.43158,1324.632,-141.45335,549.1553,-103.08508,1456.0635,-7.0944424,28.49085,-139.54893,511.43042,-84.8041,7.0155377,8.533436,-22.494923,9.531265,-1.2015218,23.475002,-18.613558,111.53878,-3.5757375,1.2411437
-1.0060928,-12.627395,405.62778,4408.123,290.9952,17.683432,-105.66905,-34.205936,-7.3313575,-2.7444522,-36.53033,-3.313606,80.108246,0.31647462,-24.145115,-0.8443334,41.95284,-7.151154,21.8358,680.6115,-192.49767,133.22491,-48.736683,8.742371,-1597.2485,37.361515,-175.73033,-418.22318,-127.990845,-2078.2566,5.9012866,-400.94382,-757.50916,621.9755,82.18464,11.640953,8.884767,44.494244,12.749266,0.2627015,25.493988,-4.517414,-16.43654,27.931705,1.4168137
102.52942,-1215.2313,475.06097,6838.0693,337.2597,24.309153,-216.57903,-136.31046,-14.782897,-3.4345071,-104.62791,-6.6546583,-51.963844,-0.41499463,-31.432547,94.07821,-3.109339,-12.706909,0.8717911,577.63477,336.10394,2184.0059,205.26942,-94.42695,8390.5,1707.3403,23.078176,1482.6257,-150.48584,8367.596,57.174103,1902.4679,3430.07,806.11115,-83.78364,5.5647516,11.770972,-15.51216,-16.579803,-0.60526437,-32.630554,-4.942656,-2.9177186,-9.259,-1.1257519
25.365915,351.1576,658.79474,-5114.803,259.34183,-3.6453218,-99.64177,-78.682434,-6.4189887,-3.3974047,63.64463,-1.2388356,28.382349,0.045356218,18.604969,23.774708,30.57955,1.5080063,50.73916,4.936939,4.548751,-456.0517,-233.01216,-19.222755,-2174.6655,-227.47322,-111.66259,-150.79828,-4.912621,-1096.5011,393.20084,322.70502,-663.41565,-654.33655,73.677895,4.504959,9.387233,8.864221,-52.922028,-0.830977,-41.19481,1.6270463,33.352665,-2.2177906,0.4557062
-1.9220814,170.32814,-1429.2338,3603.616,-761.2008,7.8643975,478.56073,-63.100346,-6.7894764,-5.9764314,57.180378,-7.9863753,26.040756,-0.40278167,20.236107,48.799522,0.9883564,-12.2803335,-10.071445,326.41843,-309.1225,313.72815,103.46273,-197.16237,-1382.9705,-1153.9138,51.18541,-896.06854,-29.966589,-3833.6235,90.9635,-594.6429,-940.46155,492.2102,245.95477,9.834668,-4.3069606,32.763634,-33.336914,0.41040593,-59.901443,-5.1764426,61.64089,-6.801464,1.4168137
-4.1840796,124.047295,651.55444,-4956.003,234.45853,-3.8626826,-94.783,-56.09348,-7.8692775,-4.7721195,18.175856,-0.6955165,122.52836,0.67386967,23.244732,37.876587,-10.808782,-27.29367,-2.6881986,-74.109344,-197.72034,-544.66046,-122.25605,16.106583,-2582.5112,-771.18634,39.2757,-760.5649,10.54993,-3750.3713,168.0168,-245.6067,-1122.4359,-420.73776,-34.865135,3.2494242,9.3669815,-4.3226295,-35.722214,-1.4974408,-37.12172,2.6983688,-24.835062,22.508558,0.4557062
-4.2848372,573.7306,530.1079,4218.511,289.00714,5.132075,698.3952,-60.70988,-7.3700967,-16.926313,25.036053,-5.601334,8.5993395,-0.15974502,21.169338,47.518707,-20.78038,1.0527805,-19.838572,166.1279,-349.4963,-492.49387,-324.7084,59.38592,-2261.129,-2526.9956,-296.3156,-1367.1434,-174.69261,-5551.226,19.200186,-1229.2478,-2082.389,266.2295,-50.577312,11.151992,14.814001,-11.833258,16.547028,0.9428821,42.14611,-0.1424911,-16.54332,-5.168831,-1.1257519
-10.832824,631.1504,-1808.0096,-5992.867,329.61777,-2.40002,-70.361694,-205.2901,-4.7030187,-4.437488,-8.208432,0.034572773,10.772693,-0.25840467,-20.233145,-4.7632666,-5.8386893,-23.218483,51.886406,-45.452244,119.458755,-500.86725,246.50987,-29.53867,-717.24023,638.64984,216.59027,397.55344,103.65807,2694.5803,171.5137,397.68365,412.0712,-838.67395,-176.0267,-1.5839102,-4.7422924,-8.259715,34.77694,-9.352617,21.145933,3.2238638,-3.7281477,230.75902,0.4557062
-11.308754,-400.7143,-1437.9371,-4424.5513,-687.66833,-6.7457266,-73.54112,-130.92029,-8.162698,-5.724422,-60.722855,-2.5275598,1.7478089,0.45455003,22.770332,35.717133,1.5166081,6.525807,-15.35884,-14.562976,-218.77962,-209.57054,-21.282547,10.391768,-2214.3245,-704.41437,370.65424,-759.59174,131.09874,-3834.2534,441.4046,-206.22087,-1335.3721,-595.7061,-178.90724,5.313612,-1.3065251,-8.882313,66.86382,-1.7588048,52.30202,-1.21316,1.8600657,-7.1641874,-0.38091052
-17.190115,-162.37268,451.22104,5560.8906,307.83017,12.937604,-132.80107,-66.718735,-6.429777,-2.3400223,37.408375,-12.1182,-0.47370344,0.7499864,-15.674086,71.284096,-46.249737,-3.3321488,-26.684649,705.6582,-374.95306,123.49547,223.32138,-24.873045,1210.5325,1218.2402,-208.71127,514.2992,62.46564,1939.5721,170.55132,-242.01897,-22.487251,916.23663,60.68738,7.853374,-49.261444,-13.84053,-16.582073,0.88149035,-28.14608,1.71937,-12.483854,-2.2820282,-1.1257519
16.898617,404.84717,610.6861,-5659.671,245.9497,-6.6017513,-120.38733,-75.05346,-6.7505474,-2.993382,63.96304,-3.557332,11.208301,0.05756643,20.696222,25.976517,27.13593,-44.33528,-10.716016,-40.124172,107.558784,-405.63043,-15.350296,-3.4112556,-1564.9934,223.78627,-141.77058,227.9853,21.19941,592.54517,100.442825,477.25912,89.726944,-731.6087,74.131935,3.9857397,6.8170133,9.627158,-26.547497,-1.0973868,-45.594368,5.135255,20.155952,-2.2727401,0.4557062
25.152864,110.95389,469.443,3928.1902,295.02072,3.553421,611.94946,272.02747,-7.4025645,-14.348408,-0.35380003,-3.220868,19.751762,0.4296132,24.511597,49.43049,13.565354,-21.970715,-19.002504,125.73169,-406.9851,-645.99084,-620.43317,9.545585,-3283.2832,-3300.6838,-365.0711,-1824.9097,-253.06018,-6134.9844,-17.892962,-1444.2985,-2559.3967,290.5519,-65.21874,7.929033,11.211983,-7.6357713,-11.570079,0.745654,-30.585093,-13.478756,93.854004,-4.0824223,1.2411437
-4.8927274,-596.5566,-1078.8602,-6533.424,142.80103,7.060132,-133.1579,-93.421234,-5.340375,-4.4062,-118.63643,-2.8871665,126.20371,-0.019317769,20.188286,18.084795,22.898186,18.773127,-15.181629,-80.65253,208.7669,280.57907,403.54364,-82.98246,-1499.5332,579.8985,39.30073,1280.7732,-37.035954,4976.6494,-167.5632,465.82645,679.37646,-957.37164,185.83434,2.3991437,-8.617421,8.123155,-26.040201,-1.8191351,-32.30345,1.4349809,4.3448997,-4.218633,-0.38091052
-41.928715,-357.38358,404.74747,4041.0173,-848.93396,-0.26404542,-126.04199,-48.01647,-6.3236437,-14.189537,-16.04488,-2.7966454,279.66748,-4.450711,-50.46696,86.66493,-9.078433,2.1450791,-11.21666,460.07407,-459.9901,28.244396,-277.5727,51.513634,-2053.62,-2070.0398,-60.8503,-1241.0874,-159.3213,-4602.4414,27.284737,-757.92554,-1833.8885,448.32056,-75.2983,12.1964035,-8.4522,-12.6854725,-14.773526,0.7648824,-48.321117,-15.31886,-8.896208,-4.4684277,-1.1257519
-18.74757,-1009.2256,374.88358,5587.6724,233.73924,11.122407,-145.48166,-94.01149,-5.2184477,-2.3549225,-113.344185,-9.992306,4.7140074,-0.7666458,13.214469,38.313408,29.642262,66.168686,27.932938,896.30536,-263.2376,345.19852,-340.47247,-6.98117,-982.859,1487.2031,179.50574,542.054,259.85037,2536.6772,101.83478,235.77507,103.415695,917.72906,68.524,7.962696,-37.204372,-9.7105255,2.6231532,0.573367,-26.401697,2.4846978,40.410835,-8.274604,1.4168137
18.212164,283.84244,825.03516,-7223.582,148.7401,4.494715,-224.06743,-102.531975,-12.679373,-3.880667,11.796091,-0.28996855,-349.57053,1.1613841,99.55464,-350.59985,18.305872,11.4808855,-36.399765,-4.842116,1214.4702,-82.36706,6.215494,-107.56001,-1624.8218,751.37726,3.9967403,1365.927,-45.162422,6387.37,-791.00995,1464.3877,2888.067,-727.5517,-62.92399,-0.11949605,10.062343,-9.076735,27.438354,-2.232519,40.436695,10.479683,-45.503506,-2.7677479,-0.38091052
64.998985,953.72754,443.51178,4717.8164,235.07503,7.888794,-114.75105,-57.91192,-4.6556296,-3.5276968,-74.56397,0.06760585,-21.886904,1.5731229,14.558801,22.828852,-6.4114122,-6.225219,1.3002105,-452.3843,-43.46956,-441.44278,-327.3667,7.7443357,-2615.1035,-1167.2583,-49.35909,-904.64294,-123.62198,-3828.2073,49.80105,-448.37427,-738.84265,-178.33708,26.427893,7.228664,12.088687,19.50099,23.276611,0.657072,-20.163513,-0.4532649,26.715462,-3.5453384,-0.43034887
-5.496182,15.507345,592.13983,-5365.715,-798.8784,-13.0693865,-130.79652,-52.078007,-7.8700676,-3.3390448,55.027706,-3.7371545,99.04304,0.554141,32.64004,17.925676,-1.6975256,11.503508,-25.819181,126.813576,-13.525208,-229.60072,14.220367,48.102192,-1517.2205,227.56567,-91.20091,241.11975,-5.6076775,650.57263,166.12363,433.06827,131.03638,-743.45154,50.17893,5.566112,-6.7444477,8.4052105,-59.388645,-0.7298892,-62.95685,-0.45125526,-4.364797,-4.9371614,-0.38091052
-1.4369742,-800.7,-1035.2156,-6697.1406,276.50827,6.4780216,-114.05597,-135.68983,-9.000067,-2.846679,-73.32105,-0.63454974,157.53935,0.39418182,1.9508995,-249.96303,27.48461,24.95408,-10.829037,-307.5932,55.79632,-217.29018,-107.07072,-66.6692,3983.9985,82.12114,-87.65714,143.93999,-27.666868,411.92523,58.71132,-331.8077,-380.20004,-880.4781,148.70068,1.3890307,-1.0021025,10.707428,-54.839603,-2.3949838,-37.016224,-0.5144667,0.7640915,-6.3768215,0.34165534
1.4488852,138.6088,459.87384,5478.3403,323.81528,16.44415,775.63574,369.81506,-3.9961896,-3.6690345,34.073956,-11.237698,21.596428,-1.0603812,37.345707,67.965614,32.601707,237.38841,-28.312145,669.57184,-348.73267,118.61158,-35.65342,-8.760932,-168.52647,825.1849,46.880844,251.83997,-28.165873,617.06165,-73.29783,-90.88231,-229.94786,552.3867,76.6775,7.8965154,-93.93437,-15.485929,8.306242,1.2781535,38.989918,-19.223272,126.91827,-3.5936494,1.2411437
-1.9759042,106.162056,461.23267,4069.8071,222.90128,4.0959625,701.7149,123.95027,-6.4975767,-14.479824,7.407773,-0.6223719,-179.03812,0.26652226,23.521788,-171.04195,-6.4604917,-4.330002,-28.516163,184.44661,-459.69177,-481.12723,-182.0624,40.933704,-2622.612,-2679.9087,-237.5077,-1438.612,-158.23302,-5513.4,45.14354,-1254.8491,-2141.244,253.89346,-37.17976,9.691628,7.471143,-11.035485,-10.534602,0.0697438,37.017838,-10.562158,-32.91328,-2.9813263,-0.97057134
13.551312,-255.7548,-1386.7433,5410.546,-1384.4092,-3251.0193,-109.66614,920.54596,-3.938368,-5.475015,-61.30367,-15.25503,-34.211555,6.4962516,36.745163,93.11304,-27.731403,-17.665892,-26.78091,538.75073,-460.3939,216.45029,579.8149,-139.07082,-601.92114,222.47356,42.14048,-248.16054,-54.154213,-6.021455,169.9775,-152.6457,-499.8578,-45.37569,-118.665565,8.031021,-12.127052,-12.37136,41.120407,1.347611,50.906265,-36.044846,-4.645553,12.444086,-0.97057134
-15.341201,-66.0309,412.61136,3990.787,264.39633,7.77365,-114.13988,-70.3279,-6.2122045,-3.0322528,-11.179078,-2.6268091,-162.878,1.0296733,-30.084774,-21.365458,-30.01218,-3.9437337,-21.903475,135.874,-343.7152,24.30086,-258.56696,-5.6312428,-2348.9792,-1661.6636,-253.40642,-1157.2378,-168.46323,-4406.9683,34.701736,-683.40015,-1432.2188,469.11188,-62.78535,8.473519,11.328422,-14.182283,-7.8978715,0.16445252,-16.858654,-0.6771626,-15.7351675,-2.9265118,-1.1257519
-0.056660574,-409.41895,-1476.4429,-4886.732,198.19879,-1.2505175,-68.5434,-127.98071,-7.8312416,-3.22161,-35.839695,-2.3561907,-119.447525,0.3327,-28.729097,-14.3376665,-0.6320188,10.983948,-31.479635,-214.57472,64.88035,-199.6017,49.916122,-4.5002356,-1432.6461,16.342936,452.10297,-44.89198,192.64958,-953.25757,535.2273,248.40308,-628.33575,-717.66296,-139.02893,4.1134877,-4.666299,-4.5784974,-26.878,-4.668757,-32.33337,-1.970168,6.0531015,-4.6172833,-0.38091052
-38.13386,73.021675,550.5104,6309.2437,335.39377,11.09711,-190.31061,-118.928566,-7.7752867,-3.5507565,74.4554,-6.882056,24.984087,2.3948498,-8.216224,70.686035,26.423803,80.370834,58.697594,336.9017,661.6965,338.66208,505.61597,-47.042767,-1483.1528,2367.7268,108.54018,1692.4342,-4.5698004,8168.567,-99.03554,1510.3264,3717.737,777.79987,-87.77727,26.741537,18.978828,-54.730537,-6.3687334,1.6290402,-22.523357,3.5211477,39.80847,-2.5778325,1.4168137
-43.45989,559.1047,-1819.434,-7740.8584,226.53745,19.613047,-215.13434,-201.00188,-12.561074,-4.7530637,-71.01703,-1.9498835,2.8516033,-14.509512,0.04231053,130.86359,105.753044,45.473354,-7.5567274,-422.80695,1019.9296,190.82861,961.9164,260.1855,8885.939,1910.5216,-121.99591,1685.4456,-173.09074,10083.271,-221.35341,2513.6165,7506.066,-671.5783,-220.73947,-19.11173,-9.295414,-8.257914,54.60504,-36.481308,33.692345,9.236923,-1.5476891,-14.988404,-0.38091052
-6.0034075,166.90488,461.3139,4402.0625,298.8862,12.879712,713.6243,327.66055,-6.6502857,-4.1921477,-9.865621,-2.4859986,-53.611286,0.5774307,-64.881744,-266.864,57.08442,44.60042,108.04623,490.64136,-263.92392,277.32587,-129.2138,-15.253804,-1837.9756,-10.87324,-203.21515,-815.67816,-114.651825,-3036.1924,14.253267,-446.7395,-718.99774,195.6009,94.41407,7.9796166,-62.492203,-10.351926,-2.6214633,-0.33297434,-5.5208015,-15.760696,104.65675,-4.337596,1.2411437
11.734072,334.43225,-1382.045,-5114.5435,281.35925,12.279453,-56.8436,-100.92642,-6.806635,-5.4144263,-71.1997,1.1236724,3.3155894,0.59747124,16.244316,2.2323525,1.4149884,16.914867,-18.12623,-107.256874,-214.84558,-655.2397,58.850147,-13.684094,-2160.29,-159.49109,369.0914,-731.4312,-1.9745781,-2786.0322,367.17206,-86.74951,-793.06323,-446.717,185.47333,3.383959,-32.740337,-6.3804064,63.63694,-2.028903,37.298206,2.3357954,-3.007514,-24.76819,-0.38091052
-4.2422457,-69.86987,526.68445,5862.96,371.63055,11.087558,-144.50636,-90.273415,-7.2761626,-3.0542107,63.203312,-3.0730329,-151.18622,1.0021337,-30.872507,7.4644923,34.951828,-15.515463,38.10919,585.38007,-19.357088,105.90229,579.2322,-54.032696,1382.6023,1368.9275,14.690271,500.7621,115.08942,2283.5332,152.04295,-146.468,0.81564313,980.7176,-90.02681,5.5760365,4.276424,-13.8667965,-7.027005,0.2865011,-21.579967,1.080517,40.7976,-2.7468507,1.4168137
23.092442,368.15778,618.69415,-4234.806,239.26927,-8.476949,-104.33893,-68.61143,-8.746919,-13.043861,1.1489669,-1.2061728,-105.68067,-0.046164624,14.250651,-234.80016,11.621932,-9.635743,24.198,-240.12383,-266.1306,-688.3062,-280.22546,-19.326393,-3134.8616,-1439.8152,227.50955,-1232.2479,128.91064,-5351.651,378.1085,-1571.5737,-2144.8992,-353.7553,-68.18385,4.6414227,11.393934,-7.058508,92.84546,-1.993846,51.26939,4.1464276,-9.089818,-0.89422643,0.2911339
-2.6454873,367.9174,674.8417,-5065.43,271.82034,-5.41204,-108.79737,-66.61013,-6.1912465,-4.3924007,34.26105,-0.90547454,-58.497475,0.3438054,-22.727003,-281.31924,-13.368758,19.154648,-32.11512,-255.5408,-168.75278,-602.9026,-111.23165,-21.708849,-1585.6322,-262.32123,-119.42233,-789.32855,7.29238,-2435.3008,363.91885,416.17072,-665.90265,-442.1153,-57.661102,4.59654,7.9184165,-4.7847595,61.351585,-1.1269978,43.98791,4.9306684,-7.2547445,-1.7286544,-0.38091052
-8.112711,-953.85803,356.64465,4203.0605,190.20969,9.513383,-132.9084,-71.84513,-4.0834346,-3.486511,-134.11853,-2.59874,13.489976,-0.03810352,15.158269,27.724104,36.273575,-1.2622114,33.360043,400.93436,-299.8603,116.02979,-393.8985,25.802258,-2442.9094,-1277.3447,-63.68405,-834.3047,-102.47727,-3875.2793,-40.55458,-677.0705,-1023.5749,516.6531,49.066578,11.235384,8.658391,28.799456,14.041889,1.0362949,32.40156,-0.46136987,27.47855,-7.6259065,1.4168137
-8.328489,1003.97516,466.84906,4426.3315,283.60648,5.9564023,-107.78682,-42.2847,-6.2047434,-3.068262,-94.17258,-2.5793765,-76.84542,0.99281627,-33.236958,-24.16795,-31.036945,12.392642,-26.031412,-26.850325,-358.5116,-557.9665,-394.15686,-11.608042,-1878.3765,-1878.4298,-133.63713,-1240.2013,-236.34874,-4391.902,98.264656,-690.8998,-1312.5332,-213.9501,-59.023636,5.9400873,7.5942464,-9.809704,-2.3091016,-0.24615714,-17.941223,-8.183941,-9.215165,-3.8230658,-0.38091052
-3.967296,86.41798,-1666.9484,3289.5361,-801.35736,-6.8796344,314.15793,-166.5723,-9.743083,-17.496313,58.682053,-3.2747798,-30.187687,0.28466168,11.221057,40.13361,-4.7586703,-5.728169,-2.7062082,91.90216,-425.86487,-117.776985,-126.80325,-118.21231,-2649.4358,-2626.9866,0.58283085,-1371.2684,-133.75774,-5487.6973,-15.654596,-1224.8734,-2076.0415,348.65164,-176.1856,10.600591,1.7369313,-14.093076,-40.99625,-0.2516606,-59.48084,33.943546,-20.311563,-4.836075,1.250272
1.2730367,44.878323,652.749,-4896.0713,-736.0038,-5.1218586,-117.7399,-47.78469,-8.339477,-5.101424,41.89299,0.86730397,-5.2590046,1.200119,25.213778,-3.9776037,-10.997284,14.835304,-28.221724,127.083405,-173.32626,-348.8649,-258.88123,25.34059,-2077.2769,-319.865,-113.379875,-414.87698,-5.8648314,-1126.5487,365.11447,421.41986,-836.7212,-653.5218,118.36077,6.2298827,13.402026,-5.8591948,82.42484,-0.6099515,61.172638,5.396625,-4.471907,-4.2879596,-0.38091052
-5.9102306,484.93948,-1503.5933,4654.5093,313.7664,10.274578,774.3796,-82.99088,-5.2240467,-3.8283553,110.21199,-8.038272,156.9429,1.5082635,25.132046,25.37043,-3.3872845,11.313641,-14.576427,983.39636,-46.502815,214.73618,935.9555,-111.84962,5034.553,971.08887,118.90708,1243.4563,248.14426,5220.3467,145.0159,3.9057221,-17.097754,1012.4668,191.08043,5.5998125,-1.7921078,22.249485,-26.280083,-0.982915,-56.188465,-0.26872513,-21.124447,-4.788003,-1.1257519
80.57089,685.00745,735.1191,-7827.7925,193.85878,18.717695,-199.299,-121.35784,-9.666537,-7.178666,94.214195,-2.9892612,-51.345795,-0.7873169,-43.298916,160.23727,-164.47342,-97.04453,171.66972,-278.63828,1573.7139,477.3505,263.2809,-47.991337,-2504.3152,1239.2704,-53.405994,1468.6172,-80.15244,10691.385,-369.17072,2513.5254,6201.098,-768.5474,63.041008,-0.48289844,11.306627,62.348606,29.513756,-1.8823465,40.590374,2.5923862,110.312645,-0.87667364,0.4557062
-12.142667,348.1001,596.49084,-5665.597,212.10493,-1.5651306,-96.809906,-51.28853,-5.1966295,-5.0212026,16.004517,0.94307816,23.460175,0.63728535,-15.782501,21.088608,8.806,-37.515327,92.66808,-35.19084,-106.96672,-699.6291,-120.32856,-31.958586,-2841.8472,-523.67114,-158.87248,-829.6634,-22.84553,-3229.9731,160.8168,-150.2257,-731.96814,-450.47116,51.872574,3.8981764,8.854102,10.266287,-59.72687,-1.2888652,-50.355766,1.877261,-12.613653,16.914228,0.4557062
16.563732,-586.4823,436.83936,4708.0674,-1234.4629,4.462158,-121.39366,-27.785172,-6.745847,-5.5120797,22.799242,-5.04035,29.069338,0.622763,12.317609,62.771194,1.6879537,-2.274101,-26.850393,501.7456,-355.0027,266.1538,80.911446,43.398003,-1498.7019,-1107.1307,104.00899,-853.37,100.52154,-3745.3667,-6.0458775,-617.66864,-917.60266,585.12573,-77.35176,11.110929,-10.721941,-10.159259,-28.332502,1.5599518,-40.919075,-2.8882608,22.555525,-7.2302938,1.4168137
4.653427,-494.63074,-1387.2074,7338.3516,-1725.1564,-3562.714,-214.13643,927.01215,-8.883813,-17.156664,-15.73366,-33.10132,10.653214,0.6997585,25.873516,68.861046,-24.623407,-44.48041,-30.820885,706.98016,214.62587,-707.832,1162.3527,-176.12749,6250.0723,1383.1975,471.0247,1348.0673,126.59539,6563.723,170.5797,1552.9749,2764.9365,596.7638,-170.09343,3.765323,-16.884315,-18.64944,-42.686546,-0.33908197,-42.570347,-43.628696,-7.06548,-4.3455806,-0.97057134
13.461877,10.596928,632.9136,-5660.2305,234.99017,-5.965614,-115.47092,-64.00121,-7.541877,-4.708681,49.120106,-1.3737196,130.77184,0.65303755,24.59483,-122.141495,-14.873876,-25.446503,-15.314933,58.048153,0.6259618,-621.4482,-285.41397,20.985987,-1932.6177,-202.27245,-118.6172,-420.82208,-4.4022193,-1098.7692,-115.560684,402.95438,-643.8187,-730.6253,-34.0165,4.2542667,4.3199315,-3.4048073,-41.619965,-1.2274004,-38.9699,2.5489378,16.919132,-2.1239212,0.4557062
-2.374374,697.87634,-2013.7108,-6704.9785,195.64656,9.468489,-138.53865,-141.20854,-6.180482,-5.1256905,-90.51864,-3.3518775,36.487984,-0.96544874,12.300001,59.218075,33.986336,32.49265,-16.155067,-111.7052,268.98517,11.391396,366.20282,44.390842,-350.6507,938.46045,89.53064,1438.383,-21.001463,7219.9736,32.9667,1331.2566,3896.1245,-907.8766,296.9507,-3.8786173,-7.7684975,17.882183,42.510475,-5.000735,26.637163,2.5735016,-5.729948,-16.155209,-0.38091052
-18.289406,23.926292,494.798,5778.7217,-1364.8179,3.8516574,945.28204,222.16763,-6.2301416,-6.3031077,46.309982,-10.978168,-53.945988,0.22436194,16.230473,50.698685,-28.707773,-17.578598,-67.22756,788.93555,-68.65336,-24.806208,332.006,-76.20276,4310.937,20.591763,74.17847,1182.9111,135.41837,3822.349,118.72356,-611.85016,-71.351234,645.2243,98.639946,7.864869,-9.606243,28.733496,42.99338,0.7787083,60.807255,-34.411762,-45.155003,-2.8888938,-0.97057134
-9.112844,-248.89325,491.08475,4445.6055,1097.4852,1.7634676,-131.60963,-68.0068,-6.252041,-5.210968,14.707342,0.019367218,-146.5452,1.0263371,-35.306473,-31.884943,-21.083643,-0.32102138,-24.250204,101.291916,-315.33313,60.59082,-47.269672,31.886713,-2498.302,-1683.7343,-58.785454,-978.95636,-86.32199,-4227.72,-43.626324,-716.10614,-1229.4681,469.5721,-65.3404,10.391555,-3.526029,-10.073411,-30.18542,0.70026046,-29.990149,7.609583,-10.113995,-2.5864275,-1.1257519
1.5644995,105.585464,631.16534,-5004.544,241.4853,-4.9274836,-118.83139,-85.91046,-6.2987804,-3.1183035,32.92731,-3.245655,-37.9336,0.6176308,11.431613,44.808926,24.280458,7.78935,44.864464,63.065174,63.45691,-365.7982,35.33089,-24.143127,-1738.1702,-5.8545814,229.37308,156.54585,-46.864944,486.9646,453.52945,286.0119,-94.35466,-632.46643,76.14093,4.074804,-63.56956,-6.3943048,-32.035408,-1.9400845,-38.399513,4.8322268,30.11125,-2.9612536,0.4557062
23.701069,1042.2502,474.49985,5879.9014,318.71378,7.1141815,-144.2611,-27.312428,-10.031665,-2.9942844,-118.92907,-1.8082505,120.18988,0.4581017,-27.83948,-185.88852,-23.784063,12.942137,-32.408062,358.15494,415.95316,-406.9242,-256.7198,-47.23605,1186.6447,851.25507,-129.10646,479.16382,122.001526,2077.637,18.700323,32.516315,460.6433,-655.44855,82.941086,6.494827,-0.25406978,33.93055,12.564226,-0.310693,26.837246,-10.466188,-7.1551723,-3.7012956,-0.38091052
46.790607,304.69455,-1341.1344,-5317.0864,273.74585,8.539993,-41.421307,-92.26433,-10.503903,-5.3382564,-81.44123,-0.039158225,143.40042,0.5379589,9.8932085,-183.86884,1.6154577,9.207537,-21.02131,-221.50111,-153.84601,-692.7214,30.841845,-11.27689,-2365.5889,-562.27905,145.1174,-735.65686,-33.99869,-3819.757,154.1218,-315.24478,-1255.0166,-491.79886,159.70389,3.9915407,2.7728338,7.7690306,-64.2937,-2.4577107,-33.858402,2.018114,-5.419483,-23.577702,-0.38091052
43.32598,162.50302,601.5613,-4830.5396,220.17029,-4.7421994,-99.25428,-53.95163,-9.458322,-5.2774963,53.711456,-1.0077717,113.61569,0.7794047,26.336594,-142.72421,6.689839,10.195445,-23.098421,-99.38134,-305.01178,-783.76685,-272.88614,-8.562916,-2802.9937,-1125.2665,-130.74283,-1096.5303,-11.695661,-4633.237,154.05165,-674.8125,-1697.7178,-401.03024,-10.835335,3.6939104,10.497142,-4.10321,-40.4414,-1.7004505,-38.342533,3.247255,-23.30476,-2.1637206,-0.23553342
-14.745266,-100.052216,580.36475,7321.64,376.09662,32.400726,-218.08,-196.79672,-7.459241,-3.1685221,83.09796,-6.6283703,-202.26259,0.5700654,16.213028,116.73834,14.561477,151.46922,-2.5079114,519.304,265.72003,238.9763,884.52985,-48.05365,6193.4375,2200.1555,404.96796,1446.4128,277.44174,6867.6147,210.40018,1720.5841,2842.031,1067.9633,-81.0214,6.3077717,20.955406,-60.57612,-21.792397,0.625924,-35.97786,-35.93954,-22.123285,-3.2102625,1.250272
-279.82043,295.5983,-1616.7363,-6498.799,274.96396,4.6216345,-68.42615,-175.1944,-5.551041,-5.957498,-128.53346,2.3913867,-232.82327,1.3988519,-79.72251,-325.7789,-33.80967,-39.000248,-5.3483043,-305.71063,-53.438347,-862.91766,131.01482,-49.78994,-2121.0347,183.17616,-137.18872,-456.8248,7.7304354,-2341.586,-270.72495,180.12563,-567.47406,-670.0242,-160.69574,3.650608,2.6804461,-3.5496314,-57.085274,-1.5986983,-36.751587,-30.404375,-1.1234573,-20.453514,0.28916457
81.64862,-405.96204,-1226.2611,6399.798,-1274.3478,-3119.1204,-167.67302,494.81287,-17.914896,-7.3336368,-52.423756,-4.9992747,-78.787895,-0.13219348,37.638424,-343.6398,-32.662327,-38.630768,33.571068,1101.3425,56.01155,278.64923,654.58795,-154.92346,3522.1765,849.36884,203.60043,1155.7279,183.9492,4759.638,115.508446,-41.90017,1396.4679,331.37244,213.77956,6.971282,-16.296274,33.035496,45.328323,-0.47763434,38.5493,-28.485825,-7.832346,-3.7460196,-0.97057134
-19.82202,-452.56018,511.61282,6620.7314,364.02356,34.73262,-234.57964,-99.448166,-5.5729165,-3.2138028,7.534043,-7.16395,103.90277,1.3092787,13.028186,65.84109,-13.083451,-24.759996,4.3077793,412.24222,826.9744,232.02654,849.8854,-2.0614011,5763.4844,2110.702,109.65245,1500.7196,-14.188053,6758.149,117.006195,2227.1926,2907.8777,882.60724,-39.993404,17.082138,6.209995,-12.671694,26.515942,0.6385118,41.474007,0.18830243,-15.285306,-3.3702343,-1.1257519
-16.392405,448.73373,862.2839,-8357.649,-781.51843,7.006301,-227.7959,-79.52915,-9.157667,-6.9382286,30.651978,-4.542807,-5.6912274,5.823771,19.742529,44.602665,77.72374,43.593792,0.68241626,-58.18374,2106.233,-455.58667,435.51132,-80.08773,7102.4062,1258.3646,0.7756481,1238.9152,-183.62268,7793.6143,-404.4286,2651.985,6546.7935,-640.87305,52.062378,-31.771639,-26.115007,14.71917,86.67511,-24.797699,87.82315,4.4338493,-29.10947,0.70215976,-0.38091052
-10.394503,12.964291,666.2781,-5644.8374,-898.0833,-8.3183775,-114.21185,-71.39025,-8.62854,-3.6130717,42.382793,-1.0689648,-157.58713,1.0840658,-30.042099,-327.92328,10.053357,-34.412865,84.83005,156.71043,6.1035695,-483.3214,-223.3403,44.901333,-1120.9069,111.22115,-119.232544,155.69919,66.18257,411.76108,27.702024,194.44962,-138.1329,-731.3695,-89.929886,6.722085,-8.415376,-4.3620315,-54.72233,-1.1950127,-62.168148,3.5027359,18.565378,-2.9909832,0.4557062
-39.38245,307.75342,726.3631,-6993.905,215.79205,0.012596428,-170.2248,-149.65881,-4.003797,-4.0582895,2.7528887,-1.7930192,-67.25173,0.45911345,44.395,-12.689264,-1.2520641,-0.0150586665,50.90612,331.44724,909.14087,177.39635,97.98717,-95.625565,-1240.2621,806.5775,-192.4391,1418.5447,-52.52497,6669.9355,-357.5823,1408.1652,3016.7354,-784.68604,92.12683,7.2639346,-27.195246,-1.7653888,-18.543846,-2.1153357,-29.388092,7.4876027,-37.590534,20.923552,0.4557062
-9.79002,-396.1117,360.68536,4434.0996,316.36978,17.022495,-122.82672,-39.856693,-6.4189143,-2.7677255,-42.808834,-2.5640373,51.03071,0.7280008,-16.8677,53.820496,33.728477,-14.665862,4.2173157,676.34094,-254.64177,182.08188,68.82776,-55.216576,-1666.7994,426.99234,-217.86514,-463.8885,-166.37744,-2099.4805,39.281147,-74.694725,-658.7348,596.2155,62.924187,10.488909,-0.5052705,29.763988,10.797723,0.7360851,38.29223,-4.416319,-12.667109,31.278303,1.4168137
-18.580208,323.38272,576.3282,-4797.696,245.53053,-5.6313853,-91.90074,-60.388943,-5.9595604,-13.064267,39.805756,-2.1204576,39.22161,-0.018656347,-45.276352,28.907854,-6.640898,-24.773577,52.260033,-221.45903,-217.38136,-921.13727,-380.6641,-58.21586,-3381.7256,-1494.5703,0.46027306,-1272.6202,-29.293272,-5910.61,321.32706,-1817.7902,-2460.0298,-384.0495,-60.290924,2.6557772,10.326745,-5.090235,-97.715965,-2.5195656,-43.20125,1.09012,32.949726,-2.0257409,0.2911339
33.048767,131.31207,614.41943,-4426.8613,257.92535,-6.3588667,-104.29323,-70.92762,-5.2363763,-4.7343636,16.809954,-3.0278182,55.750896,0.044509597,19.286654,35.548553,7.873129,-23.299534,44.712067,-129.71713,-225.03859,-472.3246,-149.1732,12.604772,-2610.1682,-1098.4888,105.75123,-925.71295,1.8631349,-4241.7354,362.84375,-459.57538,-1485.777,-411.15884,-61.783848,4.1702914,14.493556,-6.9223714,69.02337,-2.1263373,41.566135,2.7946508,-27.886187,22.675858,0.4557062
11.221663,309.40378,-1574.5309,-5606.7505,-774.74615,7.1943693,-77.00204,-137.40755,-8.068508,-5.278077,-92.32285,-4.7139616,-34.046276,-0.073315665,15.135398,20.964033,-20.54206,23.109917,85.20737,-18.544275,-155.9019,-728.8181,-112.079155,-3.9573326,-1523.4348,-562.6289,64.369774,-810.0146,-18.843912,-3342.7012,1.9657437,-232.42712,-1208.0614,-508.44818,207.19438,3.7320373,-4.573301,9.373874,-65.69889,-1.1595116,-47.46717,5.1473327,17.796068,-21.21504,-0.43034887
52.375244,-26.137016,498.34015,5238.3716,350.0013,15.139897,-107.20737,-91.38054,-8.162137,-2.8114395,51.004265,-6.843838,-72.69024,0.9297947,-33.67066,101.65163,31.493847,-15.112033,3.402413,775.5078,-242.81566,270.24536,16.826586,9.56624,-623.12836,229.85579,72.20019,-397.59732,48.75975,-1775.9005,80.25782,-388.09723,-584.5938,761.8774,-65.898,6.467121,13.072379,-14.401892,-11.549907,1.4920651,-28.952171,-1.4508853,36.336548,-1.8610603,1.4168137
12.794643,1204.1362,457.17084,5487.121,312.16806,8.824656,-104.60414,-36.82857,-6.5441184,-2.3261294,-81.44252,-5.3398957,-61.34852,0.8528394,-30.85027,84.708565,-25.200228,10.717925,-26.89166,420.9428,-35.195133,-350.7207,-397.28943,2.8889434,-812.5735,235.67763,-10.863754,172.89137,117.61669,342.93277,-21.416082,42.287945,-306.824,-564.5718,76.38569,5.8780313,-10.104676,-12.222389,8.051701,0.91989267,33.10695,-13.106138,-9.723743,-1.7571056,-0.38091052
96.87085,-6.5738096,434.7925,5366.977,327.96637,7.1822305,-126.80985,-66.32662,-15.532361,-2.8149173,-27.446474,-3.0404515,165.34741,0.56660277,8.006721,-0.45292014,51.255394,-9.76827,91.70782,666.73627,114.10476,168.66727,302.67453,-57.605103,-1038.6487,607.9345,-265.77533,1373.3451,-267.8351,4393.4897,-0.7862238,248.20293,179.0939,859.4922,109.4747,14.113855,6.3891497,66.53581,9.6367235,-0.9156244,23.78568,0.5480202,-17.957273,31.409298,1.4168137
-15.493131,-874.8469,-1409.9908,6369.1055,-1465.3008,-3589.3845,-224.8475,972.0334,-64.5854,-11.608564,81.7959,-35.38697,70.18017,-6.026153,32.561882,-28.047388,36.27127,131.49763,190.38539,-22.549915,528.9165,963.3052,1155.5774,155.94907,14347.571,3385.9128,-117.38592,2861.3804,-436.38266,11347.32,-555.0433,2479.719,5749.79,216.3008,218.87717,-401.15063,-36.34823,-16.42954,78.71087,-250.81018,-79.9661,-25.478708,37.513035,-13.585116,1.2411437
6.925529,29.325262,-1457.4435,3272.1858,232.28677,6.187401,340.78687,-96.10842,-8.160667,-16.533033,46.680355,-5.200259,-81.061485,0.5889776,12.605802,43.290554,19.128263,-10.213259,-1.1500567,240.85896,-369.2381,-397.35925,-151.57603,-108.345375,-2122.9102,-2470.5576,-35.73245,-1294.0287,-79.31661,-5471.5273,10.181625,-1176.4594,-1944.574,467.8358,177.7027,8.294669,-47.83035,-10.144827,-34.944656,-0.30306274,-43.692795,-0.7321598,64.1127,-7.354496,1.4168137
12.828486,179.16592,674.7497,-5066.3125,262.53827,-6.8018346,-117.02936,-77.59811,-7.339192,-2.7536907,11.489313,-3.3383007,-22.187399,0.3677739,15.04056,35.228218,-11.387607,12.724612,-40.0321,-136.23361,76.64406,-391.89685,-7.2527046,-26.277157,-1469.0707,-22.319101,-32.68612,162.72932,34.424778,372.17084,427.10248,281.24155,-172.57903,-627.41547,-64.74235,3.555761,7.0182824,-6.909743,-34.72624,-1.7217991,-39.373665,3.1585507,-7.889202,-2.6747518,-0.38091052
-3.4089744,-661.07446,-1311.0996,7702.8335,-1509.7808,-3534.8186,-223.62605,1090.3195,-5.5623207,-16.809454,-18.210287,-32.43353,-172.64177,0.5133656,63.976974,109.57506,-24.901558,-78.764145,-59.0835,609.6123,301.8185,651.22644,447.86722,-42.90217,15296.389,1272.8458,382.3939,1335.7703,88.94876,9169.759,259.26718,2140.0503,3675.3054,527.6922,-213.14748,4.1928897,-21.461224,-16.494871,75.92852,2.1909196,68.516594,-24.267126,-16.24511,3.4366074,-0.97057134
-5.0827866,456.2822,-1715.7839,-6332.7803,297.35745,-0.53532547,-79.26128,-114.74985,-6.2295437,-3.4013286,-111.148964,-2.5050821,184.32246,0.53810686,18.483618,33.350517,35.72888,21.790798,-12.030798,-263.28137,155.877,-732.12885,149.92053,-81.9668,-1407.7356,710.5736,-6.770215,400.39163,41.53799,1935.3021,-162.9274,469.8178,361.67426,-846.34717,-144.58531,0.22605152,1.246158,-3.916514,-34.563885,-2.1768916,-29.033623,-0.052960016,0.17596336,-19.966259,-0.38091052
-15.447375,1059.9552,459.90762,4526.501,328.9042,6.5901346,-98.32275,-51.291058,-7.141126,-4.972807,-91.651,-5.6443605,-8.457318,-0.39128122,15.380008,38.146366,36.416496,-65.790596,13.718382,367.53766,-391.8963,-556.43146,-471.32278,-13.271808,-896.35614,-2177.5254,-80.92041,-1263.1984,-184.12274,-4994.3335,12.1873665,-692.3339,-1983.1041,-199.83098,81.31981,5.740198,-52.085068,-10.369847,-16.106379,0.976804,-26.23681,-6.445154,18.303328,-6.17645,0.2911339
-10.761627,-344.53345,398.03076,4576.238,345.57654,6.9336443,-134.02043,-80.08529,-3.7368207,-2.9787195,10.007497,-4.2755084,18.547709,0.25792608,-29.969824,52.89942,31.841005,55.61309,79.43021,254.21173,-343.59943,261.00616,-56.719105,13.108712,-2301.8042,-1328.1265,14.004631,-943.97754,-97.19971,-4082.6646,-110.4816,-633.8982,-1109.5018,504.44333,-48.43968,9.611018,2.28432,-10.609202,-15.210921,1.3179404,-29.952593,-0.022756804,36.594673,-2.7953753,1.4168137
-6.0218034,261.32495,-1697.7968,-6460.7417,-868.61926,-13.725938,-74.6924,-156.43018,-6.901387,-6.0732517,-146.77917,-2.6368072,-56.666584,0.4622796,18.935827,86.52979,-31.594988,-22.663445,-18.195873,-2.0990787,-51.884308,-971.80707,-41.027718,-75.16301,-1204.4924,-356.10168,-143.07648,-887.0082,-30.945932,-3290.7788,-214.0889,-181.16531,-946.0802,-561.39105,-186.65997,3.4288213,-5.09941,-4.030416,-79.68813,-0.34641153,-52.01574,1.4617633,13.871786,-20.826508,-0.5949212
-12.31665,-85.56328,422.61444,4564.1577,283.12494,6.630998,-126.76371,-76.05692,-7.2839,-14.205334,10.49345,-3.324177,-76.48781,0.25808218,12.299462,117.66679,-26.217335,-0.29121944,-15.139173,180.12926,-339.89325,48.354576,-100.34767,-9.358601,-2311.673,-1908.2601,3.206852,-1180.2227,-100.23385,-4306.855,-25.329868,-726.10876,-1372.8363,519.3457,-50.74922,10.160455,14.017731,-14.154099,-11.390078,1.2861931,-26.532356,0.22757232,-15.284074,-2.5052102,-1.1257519
-2.9604604,-122.18798,484.34778,4646.342,297.76114,11.931835,-125.08358,-76.09321,-6.32527,-2.9704874,11.429203,-4.8122015,-2.6447635,-0.033266593,16.062994,43.252747,32.020226,43.925022,33.413536,399.81467,-232.36314,261.73596,120.91331,2.0592082,-2264.154,-710.88477,-1.8307987,-772.5349,-18.254986,-3161.1982,-5.608776,-561.7515,-604.2924,586.3639,-62.148956,10.834869,14.6533985,-12.530738,-8.596035,1.5392756,-26.25487,2.1366894,43.997536,-2.9408433,1.4168137
-5.3201,247.89247,602.3268,-5833.0376,266.50354,-3.4795268,-172.85445,-61.616753,-6.1296616,-3.5310106,8.770004,-2.753213,85.75721,-0.33197272,-20.596798,2.929881,-2.2889397,24.823599,-30.476192,-64.17788,336.7628,-144.33731,-37.585247,-32.950188,-1566.2625,440.53528,10.438518,1222.5616,54.622753,4246.0947,25.914562,416.92242,368.48672,-744.69617,42.807934,0.35384002,3.3172226,17.169773,28.76378,-2.2775488,41.659023,4.068691,-29.859245,-2.4953613,-0.38091052
-18.294168,370.9129,807.79517,-6830.9775,286.76724,-4.877336,-187.74985,-92.123314,-3.1244795,-3.9729133,18.23637,-4.154748,120.95329,-0.35486594,15.226085,41.657196,-9.203569,-48.447456,68.14958,287.25244,586.48785,183.17902,-70.15496,-47.899837,-700.19446,593.82196,-153.57098,1415.8925,-34.081665,6778.66,-322.50638,1160.9515,2610.506,-774.34625,-42.964024,0.10323363,3.9080083,-8.474217,-0.63937795,-2.2704673,-33.92305,5.189482,92.230484,-2.1330192,0.4557062
5.795495,-530.8341,391.37823,4378.035,-934.4859,6.214326,-135.4842,-38.14615,-9.460897,-3.2531872,-29.41244,-1.3074869,-87.41288,0.6932903,19.095507,-165.59375,-22.870323,-0.87092555,-24.486357,379.54166,-321.46448,222.40771,125.17243,41.416695,-2252.0784,-704.4122,-4.7001343,-787.06384,-218.76758,-3835.3042,25.282705,-544.18054,-1088.7227,498.40005,126.018234,11.437429,46.1764,-11.453597,-23.539768,0.1212109,-29.53558,-0.26886612,-9.318419,-6.4053917,-1.1257519
31.020199,-593.3857,-1010.83,-6001.056,241.10489,6.793609,-97.39554,-113.0849,-8.576333,-3.3491187,-76.33935,-0.2984103,10.911863,0.47927627,-22.5476,-192.30127,1.5129849,-50.68797,-73.16074,-348.90494,50.285343,202.43883,287.46143,-42.693558,-1579.6025,568.4864,-36.984802,270.75003,7.673404,1392.2771,61.031826,506.8103,405.6349,-862.50006,193.93652,3.03838,-0.35877547,10.929509,-23.307226,-3.2175798,-26.075216,5.568048,-5.740819,-7.508138,0.4557062
24.988153,127.69779,598.298,-4389.2383,230.3331,-5.2519174,-97.993164,-53.74493,-6.4154525,-13.419983,54.901543,0.008475289,156.07047,0.092834145,-23.114338,83.22878,7.432217,15.2816925,-17.758951,-45.227215,-281.42084,-710.4471,-235.31274,-10.228794,-2856.4912,-1225.7667,58.557117,-1154.2452,19.070145,-4765.393,361.95538,-886.0138,-1869.4572,-370.79767,-27.158113,3.8493998,11.364114,-10.48957,58.094963,-2.578615,53.11329,3.064697,-9.211116,-2.513221,-0.23553342
-19.057903,-829.0857,-1443.1354,-8285.487,71.42194,25.33559,-260.9867,-274.47287,-4.2333503,-8.468228,-41.544247,-3.7261155,-84.28018,-1.589738,-45.15694,77.359146,-104.00957,-40.609745,22.796389,-366.31314,934.98303,586.20074,598.83435,79.948784,5900.857,1400.9176,-243.73209,1190.8772,-329.16248,7680.561,-310.70975,2106.979,4502.701,-867.35284,-273.24146,-11.662209,-6.6805468,-6.5605865,-46.418167,-15.539469,-37.05089,19.836395,5.550655,-10.670785,0.28916457
39.74082,1002.6108,443.7763,5551.013,355.00656,9.402614,-113.38474,-49.600586,-9.902453,-2.9472609,-111.72876,-5.5075765,-0.9167725,-0.38280177,19.235823,43.1032,34.87515,-30.722393,-36.80308,232.69106,84.917946,-575.40985,-424.31564,6.5374637,-75.5245,-98.563515,209.75313,-438.13913,29.508427,-1089.3989,-80.739136,-47.800323,-968.73035,-581.44434,71.89066,5.3589916,5.1967707,23.008186,-9.15017,1.039835,-30.003809,-9.025189,22.490475,-3.8503668,0.4557062
-11.674043,-894.9807,-1014.64026,-7882.001,92.03455,48.40764,-231.03563,-166.96907,-8.539988,-4.9802704,-26.489485,-3.831538,-33.56474,-1.4915837,6.4438925,51.245335,37.535084,32.40706,-11.582895,-223.05547,671.15466,581.72955,728.884,69.43294,6202.5615,1223.5321,-185.9695,1082.3059,-191.99382,7730.6113,-586.3415,2049.8623,4578.364,-865.9321,338.49158,-36.579372,-34.546764,-11.479601,53.72746,-15.513969,33.67663,-5.5571675,4.2386956,-8.75039,-0.38091052
-5.7343674,141.65495,624.9647,-4460.181,257.71613,-2.8520896,-106.79216,-117.21001,-6.926817,-11.87142,5.348872,-5.7124925,-2.3709514,0.46956328,35.366867,40.934044,-49.18337,4.449024,46.23578,21.550888,-294.13495,-854.7056,-351.11795,26.50189,-1704.9542,-1556.5048,139.92755,-1292.7747,100.484505,-5941.499,306.76602,-1961.1283,-2484.8425,-384.6661,72.4193,3.1054683,7.946868,26.295755,-47.865475,-1.6828088,-37.60541,-18.939894,-9.829125,-2.493088,0.2137514
2.212132,367.14392,-1517.2537,-5446.497,275.8993,9.086018,-64.1907,-88.453384,-6.514981,-3.9440122,-108.87444,2.120625,96.71785,0.6016125,8.685024,1.3531815,3.6271825,21.830595,-17.33621,-176.85574,-41.77415,-515.394,146.34433,-7.3044972,-2088.8547,-167.85931,187.61848,-188.76353,27.598988,-1000.0933,66.90209,192.26457,-791.22375,-761.73895,166.02333,3.6315382,-28.275635,-6.0095825,88.76257,-1.9362416,39.200867,-0.66095513,-3.4018474,-23.453718,-0.38091052
-10.326114,-363.66647,-639.9131,5038.789,122.68933,975.8237,-160.16324,-76.40213,-6.7024627,-2.063359,46.19007,-8.21522,121.24306,5.339814,52.623627,13.6484,-15.67472,0.7544627,-16.043177,420.41586,660.94147,-134.33652,-131.74554,-47.972103,5824.3877,1408.2587,-37.160763,1304.1504,-59.27173,1308.7583,-41.08579,665.50824,237.32697,885.1748,-18.528528,16.313406,-7.0877304,-4.5501127,8.482071,2.807331,42.792828,0.22783852,-10.682248,-2.5033016,-1.1257519
-24.722437,-475.43817,-1297.743,-6446.118,149.91983,-4.321057,-153.49754,-177.70522,-5.263766,-4.446101,-74.91328,-1.2190493,37.76116,-0.32151887,31.122286,-30.586115,9.061524,-5.8925776,41.503174,-48.044903,535.92773,590.34766,351.85388,-126.00306,-1841.4633,698.1815,221.27469,1102.3584,253.9157,5993.4053,242.66856,653.9195,2092.7913,-964.9313,208.8528,-0.24832442,-10.796017,29.771734,-25.656912,-8.710922,-23.603111,4.6644564,1.410217,89.179375,0.4557062
-12.101852,-89.18632,410.87952,4433.085,266.43274,14.923937,-112.0849,-24.388956,-8.274983,-2.7291942,-2.2282832,-2.476715,107.51969,0.2742707,-24.728039,-181.80746,-38.602425,5.405765,-23.874802,374.96768,-217.54243,203.93277,164.64148,2.7534153,-1834.1427,13.864594,-169.5065,-725.82404,-129.99266,-2702.6208,65.7141,-473.27347,-690.60205,536.57214,58.804836,11.802941,11.462946,43.58257,8.94123,-0.20691743,25.455143,-3.223121,-15.615383,-3.0590909,-1.1257519
26.153671,923.4534,433.90237,5101.8677,222.57993,7.7163196,-110.16709,-39.26094,-5.570399,-3.4615276,-78.08376,-2.268276,-1.0617546,0.86147016,-18.143831,48.53398,-8.46036,-9.560047,-14.991112,-478.88043,27.480913,-495.02264,-409.90802,0.858286,-2808.998,-1380.4102,248.5282,-952.9851,99.573135,-3938.68,-38.67806,-473.01495,-763.5728,-233.37477,25.41456,5.3786306,11.6237335,16.053062,-8.444228,0.6896623,-29.613327,-11.926745,24.583206,-4.1636353,-0.43034887
45.599304,-674.0961,-1745.1019,-7178.7295,268.5756,21.00165,-283.74402,-329.40884,-7.7074075,-8.56468,-73.523964,-1.5194048,12.881161,-20.630674,10.5579815,32.378155,-82.0049,51.678818,23.655727,-471.849,1508.762,796.74945,832.2347,122.31493,9312.974,1388.0519,270.14563,1261.309,358.06314,8815.657,307.87256,2606.4458,6788.3164,-733.4002,-204.81601,-24.728815,12.71429,-10.938689,-54.71267,-38.462086,-45.91969,4.72981,9.829901,-10.995195,-0.43034887
12.632426,-135.56833,444.7574,4795.4414,272.21115,11.389019,-124.817406,-75.39445,-6.9582953,-2.8627067,-24.97913,-5.488107,-56.586567,-0.40294418,14.663364,56.787487,54.116516,-15.967529,11.558325,555.449,-267.12158,185.50093,413.37082,-7.7375526,-2054.7644,-804.24384,-21.542067,-741.0159,22.946491,-3367.508,114.16413,-552.37604,-782.2219,672.0412,79.1306,9.707113,-74.77732,-16.36053,4.822115,1.2183846,27.892881,1.6810151,-13.1899805,28.004732,1.4168137
-21.030788,-343.35437,-1497.9478,4888.575,-1465.2654,-3491.8801,-99.458855,830.047,-7.432547,-5.6191454,-59.92823,-13.894346,-76.96995,0.81222063,-16.149174,80.0423,-20.062038,-15.436576,-20.786692,473.75922,-429.26376,-238.34059,100.41209,-171.17268,958.21234,-338.43542,-124.82348,-331.46707,-151.92085,-681.3539,42.989937,-712.4571,-627.5332,-217.135,-151.97504,7.354681,-13.158586,-11.678958,-45.25069,0.23367976,-46.540207,-39.86542,-4.033627,-8.146882,-0.97057134
-14.654542,-381.40027,395.86743,4374.8657,314.0985,5.4470344,-122.97957,-61.24448,-5.9066653,-14.378447,-23.219505,-2.8309739,80.89317,0.2224637,-23.694214,54.968376,14.085402,32.530994,-26.482113,202.8629,-393.73993,-419.9627,-109.12897,50.246605,-2466.7002,-2589.722,-201.64124,-1346.5261,-182.73956,-5377.6514,-19.991062,-1233.7865,-2043.325,467.44946,-43.761032,10.4223585,0.284792,-8.930588,-16.0537,0.61567575,-31.121254,4.834935,-18.524216,-3.0289693,1.250272
27.516638,856.11707,480.74127,4287.9194,283.5099,5.9800153,-111.3797,-49.988182,-6.035611,-5.49503,-85.23574,-2.7165163,-68.27647,0.28616428,-26.424732,121.17521,33.719578,7.829251,42.591064,85.97028,-359.55225,-568.2357,-476.08075,-10.532841,-2387.9912,-2050.5222,-149.73434,-1329.84,-243.5693,-4554.33,114.33047,-715.7475,-1409.8203,-213.98958,-65.52807,6.326179,7.982919,-12.837553,9.916232,0.18986508,29.998981,-10.108876,26.873066,-3.1303115,0.4557062
20.643408,-244.72159,489.83527,4134.579,1118.938,2.0105767,-130.73036,-68.80703,-6.039215,-3.012673,-7.301226,-2.1715138,-152.07942,0.23454517,-32.071728,-30.196339,-21.958073,-0.65197676,-25.024347,77.11669,-334.02252,150.88252,-208.92271,19.860842,-2450.5422,-1670.1119,-112.864944,-963.83014,-137.9652,-4212.8335,-20.186783,-668.9276,-1153.1066,459.34082,-65.94703,10.185562,-3.6027098,-10.029246,-27.013796,0.50174236,-28.064219,7.6303415,-10.232438,-2.826509,-1.1257519
-13.822387,-973.4536,415.42673,5663.1045,294.73444,18.588045,-151.45096,-55.51887,-5.6461663,-2.5840204,-81.99711,-7.457327,175.89766,0.2593576,24.280205,75.04763,2.3504925,-4.9781117,-14.583169,836.7013,-317.19696,146.65968,-504.4698,-29.518965,1620.9462,808.29004,206.00845,262.92264,237.3698,635.7524,88.25494,-304.4742,-109.434135,917.72345,4.8889437,8.574649,4.357861,-13.074057,18.56475,0.5325759,-24.588312,-1.7692955,-12.048929,-6.027356,-1.1257519
25.999084,-492.01025,-1296.7297,-5910.14,286.15436,-3.4896524,-66.93854,-151.16922,-3.9316847,-3.089255,-83.317986,-2.857983,208.78865,0.4373982,-14.48852,6.0294476,-27.504318,-15.679397,-1.9406648,-76.02412,-115.02998,167.16606,39.31728,-39.15218,-1198.3937,7.602282,-104.475784,-255.5878,59.590115,-1158.4768,91.823265,164.44731,-679.6105,-796.3108,-104.678734,3.2852693,-4.558049,-4.1540585,-39.521202,-1.4465911,-32.78671,13.33051,0.26468405,-9.751483,0.28916457
-22.059744,443.82724,-3260.8606,-9937.806,-41.365993,-6.1971273,-251.20256,-231.48291,-96.14746,-11.454509,-46.784466,0.6568687,-142.08226,0.30851302,36.81091,-4.718239,104.379654,49.270245,20.404957,-1039.2007,2257.4172,2997.8333,785.41266,474.59827,21512.512,3935.1482,-36.081406,3487.3215,-154.7566,15486.824,-652.59686,2909.3413,8148.9165,-502.26068,-305.95328,-127.92568,11.528162,0.627671,19.27929,-7.8327994,45.07392,2.8546398,-1.9988912,-15.446778,-0.38091052
0.55210733,61.2684,670.95654,-5254.4155,-881.5656,-14.097331,-122.528725,-113.54793,-8.86922,-4.2429233,44.78494,-1.9227029,-65.50954,0.45589674,-27.012644,13.87971,0.83793616,-26.82941,36.57136,52.483013,164.6833,-481.22836,39.706905,51.382065,-983.4325,247.2897,23.139275,246.10458,-35.424187,957.9625,263.48965,441.35815,11.21105,-671.6715,-96.9626,7.088479,-10.19498,-6.5252347,66.93048,-2.2342834,47.917168,-33.272903,-6.6593766,-5.978962,0.28916457
89.38252,1530.9231,543.1497,8043.2993,484.1328,31.371292,-302.56207,-110.24756,-40.24807,-9.855927,8.135908,-4.0836725,28.449106,4.462001,-182.43362,136.95068,49.02658,23.302973,25.788738,-479.0788,3392.2368,1994.2466,9.075796,300.21176,21696.152,5176.535,633.6969,3921.2554,377.6089,15622.778,137.86967,3386.492,9196.388,-535.5508,44.950874,-10.819566,34.493965,41.116455,-10.047725,84.3076,42.423252,-21.46572,-8.36396,-5.7291555,0.34165534
-9.775818,147.11136,508.90527,4710.568,360.37808,6.9325404,734.7857,314.6564,-5.4826508,-4.2726254,-3.0834236,-4.869196,20.126411,0.3678625,25.888878,79.3392,-20.132317,-4.351719,-50.187286,337.78058,-140.28351,99.64024,268.9236,-3.9821804,-1783.8822,-627.24976,-122.29256,-772.41003,-73.5814,-3720.6038,-59.718903,-537.7285,-907.9803,245.36423,-48.441505,9.379155,8.977716,-9.921534,-8.801839,0.8517829,-29.965986,-19.24426,-36.01464,-4.7527533,-0.97057134
-43.508945,217.46753,649.75085,-4598.7666,252.8717,-4.2942233,-95.95132,-71.21426,-5.746825,-4.766016,23.555334,-0.88874805,-43.137455,-0.095099576,18.194576,103.81494,12.709466,-26.703129,6.1694517,-171.44986,-297.37305,-648.9618,-185.43192,-30.52148,-2554.106,-1120.2723,3.3711228,-1045.5399,24.94261,-4351.958,376.62955,-544.5905,-1569.0502,-373.3132,-65.92426,3.624944,11.31628,-5.0929694,-43.722977,-2.092828,-37.77398,4.5303297,62.73318,-2.4461825,0.4557062
9.312015,140.11124,561.77655,-4219.865,213.70486,-5.644238,-112.5298,-78.40779,-6.8760777,-13.051424,-0.2754124,-2.8906648,-28.83002,0.09182665,20.212513,33.794796,31.625124,-21.814587,32.359257,-70.99358,-269.2814,-740.8414,-349.35675,12.51284,-3405.466,-1522.2394,193.26038,-1254.5187,115.06984,-5755.113,371.9573,-1800.5446,-2367.6882,-348.44025,81.668236,3.77162,-67.01293,-7.3295293,107.54456,-1.8251588,52.88257,2.9880414,-26.344625,18.557894,0.2911339
42.581432,-772.27026,377.90872,4610.248,215.52951,7.2134175,-132.0144,-71.114006,-6.933118,-14.709147,-130.627,-5.3376937,-71.3551,0.23426709,-20.375498,56.906967,-17.468426,0.90153974,-22.921368,208.24713,-358.50064,73.10462,-386.72003,-2.5749164,-2318.2383,-1723.6597,-6.063607,-979.7499,-104.98034,-4223.343,-98.114624,-727.862,-1252.2739,498.49063,-17.611748,9.847203,8.361587,-15.956224,-6.601226,0.84162086,-27.102594,-1.9129927,-9.425756,-4.927229,-1.1257519
11.715151,817.3354,434.3437,3972.426,287.83795,5.159322,-116.48488,-39.06721,-8.471422,-15.776238,-64.089294,-3.1286745,3.0609384,0.44106328,12.7283535,39.043667,3.2686298,-12.416563,-11.692958,-314.99588,-452.02676,-687.35284,-616.57855,29.62388,-3231.4058,-3299.5725,-306.88718,-1755.1221,-306.69678,-6054.8223,104.06432,-1443.9231,-2674.708,-272.1515,-20.337452,6.8645196,11.786116,-7.325894,-3.63998,0.61135495,-28.436825,-9.146243,25.26763,-4.905426,-0.5949212
-6.119936,874.63184,496.41577,6051.277,298.71408,9.314843,-140.62285,-83.92649,-5.390584,-2.421513,-118.44959,-5.766368,-77.86214,1.6324023,13.942883,69.59482,36.93863,0.12214852,47.11772,579.7934,630.27783,-747.5341,-370.9128,-22.154705,4418.282,725.2172,158.04959,321.90848,109.13993,1417.5713,50.18578,-170.5095,224.14381,-673.88965,90.979225,5.5903883,2.1411054,-12.387678,-14.744296,0.49289662,-34.77838,-8.735452,27.416227,-2.8486547,0.4557062
-262.0392,283.15164,642.62134,-5948.416,226.08044,-3.804279,-107.38851,-109.76542,-6.1232276,-4.540913,-20.250614,-1.1451333,-124.36258,1.2801545,-74.31721,-303.65366,10.198648,-41.082478,-1.1060536,-104.59896,-68.13261,-931.7663,-61.408028,50.310917,-1783.3766,-351.27396,-104.50223,-751.7646,12.016897,-2498.6047,-293.23703,360.6296,-579.6802,-563.8843,-63.409466,3.9966497,6.402679,-3.677026,-55.12273,-1.5869558,-44.788296,-39.102158,-20.134655,-1.6758071,0.28916457
31.92051,-333.67648,-1319.529,5545.0205,-1221.7208,-3236.3423,-102.40833,729.64813,-9.410032,-5.091797,-72.448265,-15.476053,-7.7153263,0.89203733,17.797504,92.82595,-31.42977,-14.620622,-17.54547,617.7666,-466.1152,230.37947,490.367,-93.68156,-1017.4633,-43.069508,91.99159,-507.96173,151.07921,-1212.3446,191.53674,-308.88348,-666.0365,-16.260777,136.40057,7.319177,-9.086262,23.463654,-37.079556,1.352364,-46.485718,-29.168901,-6.184089,-3.7837794,-0.97057134
-3.763245,-526.61395,-1153.0537,-4340.9146,216.2557,-4.6920433,-50.252594,-164.6774,-7.6286497,-82.14524,-39.34492,-1.8130597,-9.103606,-0.0034776814,-31.223923,-182.96303,2.9344223,-24.791872,-3.7411692,-220.98729,-626.8462,-917.1983,-338.42615,-105.481735,-3185.487,-1707.8844,274.2895,-1371.431,156.93755,-6069.226,406.15512,-2164.5388,-2685.4175,-421.7942,-109.97342,3.233034,2.4515717,-5.042585,-54.488728,-2.3791666,-46.012142,-9.895672,-3.8909662,-5.457629,0.2137514
-222.27177,-1027.6318,-705.89526,5111.1567,202.66118,660.0383,-214.88832,-152.66786,-40.76975,-5.693695,-59.12071,-9.064402,-41.895634,-18.93952,2.5376854,102.615395,-17.962805,9.798297,-20.45397,245.43117,1234.3231,148.92445,726.255,-100.52038,8923.849,2761.8152,-289.87543,1849.3365,-135.98016,8730.146,-692.1607,3303.8115,6007.603,142.70348,4.0179825,-717.5631,6.16057,-10.455173,29.882683,-142.08319,-39.30214,-1.8721683,-6.8828974,-10.6722975,-1.1257519
5.226071,229.29031,659.49945,-5214.126,277.2402,-6.8627267,-127.520775,-87.3709,-6.4761868,-2.9578886,31.65262,-1.5280046,-6.0959425,0.36821526,23.621178,-162.94992,-11.628943,21.88485,-41.932987,-235.19133,-42.032936,-334.7219,-6.7541,-29.178959,-1587.4221,120.37803,-20.563429,205.88472,-37.84699,582.5301,136.17014,282.90616,78.68924,-644.25433,-65.01388,3.8097022,7.864937,-2.2946353,-26.297789,-1.1484134,-35.54868,5.961193,-28.598763,-2.6348355,-0.38091052
-9.288674,-14.092517,482.10718,4409.5435,314.26425,15.760829,-105.252594,-99.72106,-6.501758,-2.7767744,-55.510307,-4.385976,-60.248917,0.30926865,9.438667,-0.23674065,38.843616,-5.041563,65.31896,600.6431,-217.07184,250.25987,23.750317,21.768377,-1472.8877,114.332855,-179.98581,-442.56815,-140.96759,-1828.6666,57.91454,-117.3413,-625.81714,607.056,-80.730675,10.506908,10.625821,-14.727415,0.4386874,0.5319684,-16.985214,1.7985646,-15.368808,29.061338,1.4168137
32.246326,431.91385,-2018.6066,-6013.062,-737.0669,-3.1927433,-103.0059,-164.13487,-9.185907,-4.9563293,-102.73863,-2.5256681,-4.6492515,1.787285,18.823942,34.52742,14.666794,19.42949,-36.47743,-79.492645,386.63788,-483.79303,161.8237,-94.35379,-1542.8906,451.9392,32.225597,1176.1743,127.15623,4165.083,131.95284,425.2746,425.512,-820.4604,-237.87776,4.815743,-11.134779,-8.1171055,68.47387,-1.5809172,31.730476,1.4463754,-2.8111477,-21.961357,-0.38091052
21.028437,-848.1142,-947.36053,3688.1826,146.69887,753.9831,-125.60986,-68.966675,-6.3219614,-2.8897035,-138.3134,-10.134513,20.310102,-2.9221196,-63.333767,-28.821095,9.390389,-34.488087,56.665657,393.84744,-248.27713,169.75815,-298.07166,62.73378,-1983.2177,221.38255,-188.36128,-403.54416,-81.121544,-2300.4436,120.90202,-41.67749,-464.71646,486.83206,-40.14667,13.848883,4.0362325,-3.4634986,-12.546899,3.864771,13.164685,-2.5986657,26.544714,-8.373059,1.4168137
-4.0704727,-691.3321,-1259.8119,-6193.498,244.30913,5.011642,-92.52627,-144.2572,-4.7256207,-4.0986395,-116.37823,1.7509408,-21.196873,0.52031773,22.536951,80.23292,0.73643845,-31.398306,39.986847,-168.32243,8.689009,179.74475,56.713108,-28.597849,-2154.2888,131.52518,-149.17755,-0.22835165,-53.968674,-793.9438,-70.88668,239.65428,-512.8698,-832.97626,159.2957,2.3725507,1.2907937,6.7944283,-52.229443,-1.2405922,-41.749966,3.332656,10.863909,-9.469212,0.4557062
148.63745,1306.0974,654.4118,8607.77,602.1761,-42.269455,-186.14867,-132.58302,-35.322197,-10.156504,-15.373658,-19.734804,211.89955,8.974325,143.54869,204.42268,17.788198,11.1159115,32.826748,1155.3912,3195.7617,4926.551,17.680563,210.11745,31088.695,6393.918,895.6046,3879.5544,216.24684,16455.062,193.89352,2830.3882,9175.316,-436.09915,-90.1206,-7.355998,17.465324,-16.231266,37.04164,84.33715,-41.967686,-17.009768,-16.678461,-5.7054286,-0.38091052
-1.8858105,384.4419,603.33875,-5958.3613,231.9361,-7.396091,-114.78756,-49.499836,-5.876849,-3.2644985,47.0131,-3.8196814,132.12485,-0.43559885,33.572304,9.88007,3.1365635,18.915783,-14.699699,32.512924,25.527592,-802.25214,-241.05322,-6.764877,-2095.006,-138.51083,-132.77304,109.90168,17.518396,-100.9734,-187.55077,186.51442,-361.59717,-712.0297,-5.675484,2.6727154,7.5193396,-3.1991248,-35.470337,-1.3731557,-47.13527,2.5330725,-19.411343,-2.2276232,-0.38091052
29.620003,-803.90607,434.8394,5174.766,-735.9828,14.489675,-154.72401,-36.18232,-7.527864,-3.5781054,-54.265972,-6.7699947,-34.201115,1.342763,-28.924728,67.553894,-21.729473,-1.9360149,-27.062101,819.1632,-369.3384,171.89764,-393.32968,22.776136,-1136.0636,615.125,90.08501,139.89563,239.25539,677.39105,57.54107,-25.050383,-190.15231,777.9668,95.41652,11.330241,-7.2470684,38.216637,17.143349,0.2671516,46.65312,-1.8733498,-10.096571,-3.8822174,-1.1257519
0.39589864,-132.40564,644.9339,-6215.052,280.33694,-5.5192556,-135.78853,-120.97468,-4.75679,-3.1228611,-0.16198969,-2.846047,-93.51345,0.19582397,14.300256,93.89193,24.127424,-68.528015,-12.742616,264.629,-340.87704,-961.7356,-464.64743,8.945787,4699.912,-1637.4744,-167.75887,-547.9793,0.9613979,-1804.7267,94.54907,-1055.9491,-1598.1528,-645.1104,97.97028,0.8845174,6.286313,22.86017,-159.93889,-1.6521444,-39.81543,9.212561,23.934418,-2.8637016,0.4557062
8.87663,812.986,391.27417,3924.2397,248.81078,5.297308,-110.20343,-56.269226,-9.140637,-15.8714485,-50.821823,-0.74031216,-47.129593,1.1106237,58.227013,73.54921,31.325682,2.5908742,-11.143927,73.17879,-517.71094,-531.17914,-664.4914,-53.74405,-3669.9888,-4315.1724,-388.76483,-2175.2424,-270.55304,-7023.54,176.75159,-1915.5349,-3297.4111,-300.02896,69.447525,5.7312646,1.8168802,20.23327,-1.9763546,0.70490116,-30.979237,-7.4678273,-10.875,24.723724,0.2911339
47.27029,-8.844499,467.3244,-6887.6973,309.1081,1078.2975,-276.2688,-184.89888,-70.55286,-6.1085687,77.944084,-10.787839,-7.9811625,33.54568,-36.173477,57.230896,137.077,65.00584,41.792152,-291.31525,2193.235,2373.4275,472.98215,206.54837,20574.75,3625.0276,298.0658,3596.262,265.5393,12514.005,211.92326,2672.1855,7504.9727,-414.507,63.00141,-72.45633,10.265019,-29.988968,107.05686,301.84683,-40.8736,9.306265,-12.921218,-3.9372594,-0.38091052
55.315933,-55.70104,393.81097,4373.5356,276.86597,14.4934845,-124.94368,-27.403095,-11.32936,-2.6191201,-8.476652,-2.5355208,99.09168,0.27750245,12.702299,-34.608486,-32.269455,2.5764542,-28.5494,424.74582,-280.5934,245.3446,-27.492062,2.0435452,-1974.6993,-759.6565,-94.18993,-799.8578,-118.68595,-3231.789,6.2208934,-545.074,-778.0084,551.87506,59.20851,11.682384,12.189502,41.891247,15.197394,0.5605245,24.757154,0.3228601,-15.46687,-2.9701657,-1.1257519
-1.8886719,118.89445,472.826,4704.627,335.66232,4.618905,683.8476,315.0606,-7.1182575,-14.234247,22.106314,-3.220383,38.533676,0.43763724,29.739475,4.3590055,18.103624,-20.1133,-51.679848,142.40378,49.65099,-137.75966,-480.1381,-12.762075,-2135.7227,-2599.4485,43.522167,-1309.0516,-142.91388,-5581.3984,-138.06721,-1368.2513,-2212.7217,229.2287,-81.39645,9.290122,9.425535,-10.35015,-7.8652744,0.50617653,-38.04978,-14.270935,92.97038,-4.1753755,1.2411437
4.5715523,-616.95306,-1075.5829,-5785.792,170.23708,6.4251046,-90.86016,-134.92216,-8.208614,-3.198947,-64.198555,-0.23908153,-14.506366,0.56661457,29.294847,-134.91867,0.02249737,20.293552,-21.757124,-187.09308,122.198135,131.02957,120.72231,-37.8356,-1276.2686,535.3721,143.18376,450.32104,-18.037891,1780.6312,76.48826,544.2052,397.71545,-851.1651,196.32257,3.541389,34.71543,-1.9913614,-27.392675,-3.8934236,-30.251123,4.2422733,0.93757164,-9.244212,-0.38091052
-13.989442,190.25842,430.48102,4372.669,300.34836,12.410778,706.2163,302.32108,-6.1483793,-2.9254208,13.361256,-2.838931,27.12884,0.60673374,30.486555,89.42182,38.48006,-2.0986476,19.777044,469.3189,-243.41441,272.47052,-165.57846,-10.734707,-1966.2334,-346.2956,-207.02443,-858.8567,-168.2338,-3104.375,16.800098,-499.86545,-656.13684,245.61694,77.69351,8.685691,10.143458,22.049604,-8.692033,0.9073537,-31.91842,-13.627305,97.49588,-4.755851,1.2411437
22.084835,917.30664,460.21573,5293.8047,300.41232,6.462468,-109.21567,-35.904167,-5.1555114,-2.8711827,-79.53747,-5.405903,48.82312,0.29803407,12.548151,61.354702,10.594851,-31.96266,-33.04607,142.26794,-246.91553,-560.716,-365.17282,-3.4081166,-1843.5732,-1367.2615,268.08035,-909.28143,107.32769,-4034.0125,-15.089455,-624.1568,-939.6547,-259.36154,-50.607265,5.4507484,6.701418,-9.068462,-5.1465173,0.98771137,-24.868385,-11.583165,17.497757,-3.5236921,0.4557062
-11.237604,139.5807,551.4762,-4039.3748,214.51553,-6.103675,-98.739395,-62.705814,-7.4696627,-80.35763,19.715572,-1.08277,-30.654388,-0.04075884,54.64251,43.084076,9.324268,-17.743904,-20.559599,-169.2006,-632.85675,-644.48004,-422.12775,-71.35398,-4058.6257,-1970.7418,245.55962,-1583.022,146.77917,-6743.8027,320.67975,-2630.5405,-2902.812,-403.2849,73.6093,2.7576406,12.586603,30.431139,-70.83665,-1.8293437,-60.9605,3.1425803,13.447277,-1.9941332,0.2911339
-31.554102,444.85635,467.58932,6641.464,377.44397,8.298291,1178.5939,461.25714,-3.9297671,-4.7898345,91.296936,-6.71612,63.069157,-1.143153,-14.713188,62.15462,37.789986,3.866363,138.15804,706.2226,18.71231,944.5332,559.8007,22.905205,-575.72314,1531.6779,376.3573,1474.8309,314.62372,6262.6353,277.6949,337.1624,960.92035,852.47186,85.448395,6.034815,9.68085,65.731766,9.380106,-0.1957795,46.25254,-27.62347,157.55405,-3.0164268,1.2411437
46.066555,-3.4776742,482.77094,5204.5522,317.98257,11.440089,-116.871765,-19.975838,-8.993808,-2.197238,58.33285,-5.980887,172.87123,-0.32688215,21.866861,45.403614,-6.889597,2.7532003,-17.642962,444.46664,-14.261139,58.928604,749.2235,-0.27322194,-806.63794,1382.8934,-193.7636,266.43906,-198.56648,1281.4214,-5.8664923,183.03386,-82.266495,883.1589,-32.96482,16.630003,3.9756324,-14.640019,-13.006851,1.3396388,29.19763,-1.7042775,-15.025316,-2.33192,-1.1257519
-7.50362,-680.79,-1276.796,-5891.072,252.85545,9.337346,-95.40945,-159.18507,-5.189673,-4.6147485,-113.13155,-1.5077817,-6.450617,0.5172076,9.392352,22.20734,-25.619097,-15.323897,-8.157105,-245.1608,-127.26092,161.80928,49.566837,-23.749546,-1657.1193,-55.527428,-103.75197,-499.97894,34.763428,-2803.625,0.682316,309.6653,-487.16415,-813.8893,127.87423,3.709672,3.5387352,7.081916,-46.88095,-1.0266979,-34.076664,-0.3480596,6.1943674,-7.605113,-0.43034887
53.810253,-899.4193,382.57184,5230.1255,206.12321,22.507536,-150.40402,-88.100845,-8.093802,-2.4228792,-97.67129,-6.889002,10.443173,-0.12576798,16.271599,47.8263,-36.69553,6.267403,-29.400959,692.9033,-449.02576,144.05132,-439.45416,-41.794853,-1312.3813,121.958855,265.9017,141.62282,299.62103,264.77676,62.33969,-112.66139,-427.07718,838.5129,30.148397,8.761568,8.205324,23.55401,5.333496,0.6138273,-30.830414,-0.2669735,-22.06024,-5.523946,-1.1257519
-4.0318956,1158.202,486.4794,5842.868,352.48798,7.2136145,-139.90836,-108.787895,-4.6100693,-2.3752398,-83.1543,-5.2470517,-0.23274949,-0.38336518,22.973764,65.073006,17.744795,-28.814163,60.189297,270.38812,375.76428,-367.9545,-449.4962,5.0321007,-366.62738,666.401,262.8945,231.13599,68.52502,404.04117,-40.742558,337.3894,-105.409615,-528.589,-62.832024,6.3182406,2.6260588,-10.237272,3.2819734,1.0361441,28.147223,77.105194,-10.502529,-3.6960278,0.28916457
-14.244632,47.006493,-1545.2284,3785.7593,-669.0576,13.281509,488.64322,-89.42745,-5.5625486,-5.5791683,68.3886,-3.1057124,-19.67828,0.5899241,13.551864,-25.325943,-7.94888,-3.053991,-3.8331852,418.07785,-338.65158,396.1492,164.28375,-179.02237,-1962.2396,-201.08868,20.689894,-832.86554,111.87638,-2789.6033,83.3278,-494.03387,-506.22205,520.2066,234.3288,10.955124,-1.8864876,31.627472,-32.817986,0.25455016,-60.839527,-2.3148372,65.38385,-6.766673,1.4168137
12.315717,248.1284,823.11115,-4788.4023,1014.29126,-13.087931,-112.87066,-74.756744,-7.396887,-2.8078413,69.262314,-2.8164291,-6.6072483,0.36343563,-23.603312,50.672855,-9.051575,10.368968,-38.885567,-187.15521,-117.70456,-174.91315,-208.6197,10.123452,-1403.5458,-117.410126,245.18623,-165.97696,175.04102,-1123.5377,440.88535,373.21735,-606.12946,-642.50006,-65.45431,5.1146765,1.2163516,-4.539724,-53.114353,-4.5570483,-51.76633,5.7731957,-1.9170389,-2.3694832,-0.38091052
41.82148,-165.58244,593.6714,-5942.656,263.74765,-2.0430343,-142.06673,-132.85562,-9.44675,-3.0985188,-17.116209,-5.0859323,-48.62817,0.13320245,-9.378268,80.66428,5.4845777,-28.83979,-14.066508,285.18155,-351.50525,-1064.7432,-300.45526,-45.041145,4897.487,-2284.7263,-222.25957,-850.9807,62.60738,-3177.1445,-43.74579,-1445.3384,-2160.5786,-588.85864,78.39167,0.5958394,-40.493496,-7.6697836,-165.84303,-1.855322,-41.447273,5.6696954,19.253017,-2.5140216,0.4557062
28.499517,-21.303001,513.7332,4292.166,-1024.2275,2.490224,634.0561,466.8467,-4.889236,-14.265376,18.405777,-3.2707183,64.31654,7.4714203,9.565147,110.874565,26.504726,-2.9877815,98.96851,320.8978,-427.89276,-423.80673,-334.59512,50.544945,-1956.9868,-2671.639,-169.38278,-1413.3815,-193.28206,-5732.4727,73.46056,-1352.117,-2137.076,320.768,-107.3156,10.22606,0.79274726,-11.1725,-18.278385,0.7991541,-48.111065,221.44704,-30.224028,-3.1261272,1.1685233
-1.7152117,145.80632,710.0725,-4836.0044,276.96408,-1.2890245,-129.27689,-68.34645,-8.145355,-4.506553,42.253925,-1.6049236,-69.314125,0.35340357,-25.577465,-271.49597,-13.348314,18.641747,-36.655865,-216.49922,-148.05281,-217.40022,-158.86797,-6.9103928,-1896.1449,-273.4574,100.24829,-430.52667,16.057291,-2877.8264,273.7638,458.03323,-470.9925,-629.87134,-63.852276,4.505041,11.412879,-5.0898848,70.75628,-2.0863607,40.581997,6.056053,-22.533058,-2.409197,-0.38091052
100.494194,-299.9902,-1570.1655,6760.229,-740.5825,-2959.4106,-190.65564,697.0845,-10.929376,-6.8410406,-103.38334,-14.613196,988.25653,-2.1743548,10.8190155,-18.534746,-21.548521,-39.870094,-7.823732,824.3778,1253.1205,474.86212,138.58505,-236.8026,8280.063,1377.8407,-98.19176,1491.7911,165.31647,5196.4062,73.143166,1678.6223,2044.8992,378.13132,242.35591,14.255651,-14.335292,83.69238,69.881096,-2.086337,45.61127,-16.612207,-6.2426553,-9.45631,-0.97057134
-14.529077,832.8412,561.93146,5527.0713,393.69476,4.91756,771.47833,-91.5523,-5.789248,-3.5750167,24.926283,-2.5248353,24.045347,0.5684734,-33.53268,-13.37214,28.134653,-7.8880353,76.967155,420.02023,123.42796,18.860247,405.30103,-32.405586,1429.2952,1266.6176,-138.204,518.4658,-232.83853,2269.6047,-8.819358,-180.09698,-45.32294,645.67255,-90.3902,9.733057,7.018042,-21.418741,12.635311,-1.0149369,46.52868,3.3406923,-17.167177,31.553514,1.4168137
-3.1853855,265.77078,677.132,-5939.0005,229.41426,-1.935462,-149.1955,-68.11566,-5.6932616,-3.2266922,76.31781,-2.1524498,34.465454,0.45488223,12.215874,0.39213532,18.332565,-29.459696,-13.045218,-43.279774,324.0117,-451.33615,-14.778188,-24.28989,-1793.3025,498.72202,1.9870226,456.2547,21.028845,2259.864,-137.23183,492.5257,372.91104,-748.9969,92.654495,2.6245174,4.502521,152.67595,31.638546,-3.0553167,44.625813,3.122758,26.849333,-2.629434,0.4557062
55.353176,-131.08002,499.93744,5602.317,335.33334,9.834153,-144.2769,-81.63531,-12.775419,-2.1791334,86.74074,-4.292959,-116.05653,1.4260074,12.691052,-262.46838,37.381824,-8.107868,53.481327,625.09045,-329.75223,312.50537,369.75708,-53.688263,-1003.60345,1497.2806,85.895386,536.2923,85.52747,2135.281,92.69874,61.917892,-31.406794,903.6738,-95.32539,9.222132,9.37114,-16.652489,8.791853,0.5573513,22.643478,3.3049624,36.741734,-1.4016782,1.4168137
-2.398267,75.609436,450.68143,5286.154,382.9265,20.517681,716.1614,259.73782,-5.455645,-3.5821557,-82.092186,-2.1849158,81.686165,0.48019192,7.7462783,-359.20935,37.261612,-6.872295,34.49325,590.82513,-367.31558,-514.52075,-36.194965,-11.8407955,4524.5884,-238.1886,-84.17749,27.774025,-30.16687,-20.870365,-1.6419357,-950.41943,-581.8084,444.9403,79.96175,9.207778,6.1705484,24.601147,22.596182,0.096027076,45.678387,-12.033769,-40.08933,30.577976,1.2411437
-15.136057,254.8167,504.48315,6010.1377,370.01715,6.121912,1001.0828,363.26294,-5.700242,-4.2428102,41.29495,-11.455816,92.31761,-0.1337222,20.28091,79.127625,33.717182,19.180979,-36.010242,1014.327,205.99052,-55.475178,196.87883,-17.149448,4405.0835,1636.832,-346.22803,1308.8572,-20.966545,5498.681,-7.7212973,578.3503,1801.3019,758.3221,87.45915,11.745057,11.962716,41.721523,27.035734,0.5455218,36.603054,-19.077,129.48047,-4.282743,1.2411437
33.216534,174.08209,-1570.5326,3076.587,261.01285,-2.5107732,240.47406,-96.23232,-6.460269,-17.245857,13.091979,-0.7527151,-2.0737886,0.28272825,-20.293951,-1.5752176,-11.50428,-1.6930553,-14.254463,45.95379,-171.51271,-804.99,-272.27612,-107.20045,-2901.3003,-3288.2173,-138.00908,-1707.8491,-130.36258,-6094.318,58.358658,-1424.8379,-2735.2024,419.53403,-125.63609,9.076327,8.322742,-11.912223,-30.530346,-1.1346316,-50.035164,-2.0043375,-24.642267,-4.453822,-1.1257519
-31.413826,573.692,735.99835,-6847.831,276.2363,-7.435998,-152.2807,-95.75023,-5.677945,-3.8078322,13.171759,-4.172383,17.590218,-0.19008827,-4.330413,28.686142,-17.084778,27.526281,-27.709293,272.74973,745.9113,-123.33039,237.37521,3.0606546,-879.2973,789.9412,-162.76437,1338.3633,-95.91703,6811.8975,-16.144308,1092.55,2578.5935,-725.74304,71.65936,-0.35558417,2.1960135,14.542608,-25.67804,-2.2211208,-45.386086,5.2473636,-10.128129,-2.9149494,-0.38091052
-4.7423615,153.95024,678.7842,-4987.8506,261.14923,-1.9859833,-113.180534,-52.66746,-5.466065,-3.3255394,52.64738,1.4631543,175.3099,0.58408535,-28.431835,-3.4402666,7.959611,22.332796,-20.830025,-65.56846,-97.50297,-358.80237,-172.21555,-18.421103,-2169.713,-357.59622,-133.91354,-146.79356,9.429981,-1277.3123,173.9255,310.22162,-818.50275,-675.24396,-29.486763,3.7621408,7.9776573,-5.847657,65.82812,-1.1857655,42.020973,-0.2029274,-24.619896,-2.5973945,-0.38091052
-13.61016,131.7146,-1748.5321,3564.6162,-885.9492,4.024724,459.80072,-129.49101,-6.9433427,-4.125832,24.963512,-4.375586,-84.522194,1.218252,7.8503957,64.26844,-4.8116217,-33.340836,-17.689247,357.71234,-373.08948,358.40533,-50.540703,-138.53804,-1712.4705,-734.45795,-31.354458,-834.21783,-129.77562,-3083.5608,-18.841423,-532.14246,-748.11523,330.9535,-211.04832,11.228925,-1.5535344,-15.355154,-27.390564,0.38433537,-58.332497,-5.219625,53.949364,-4.868038,1.4168137
-0.35209692,469.7165,-1511.7462,-5642.4976,280.22278,6.529878,-74.227844,-137.35982,-6.974561,-3.2206514,-71.84346,-2.8456647,-30.851381,-0.16297501,17.51261,22.100224,-1.9583328,18.641918,-19.63665,-233.14156,79.51197,-548.9843,128.9308,-33.1825,-1358.2168,524.2115,144.76537,404.11993,27.543911,1584.8983,179.8493,487.96814,371.8816,-806.67566,219.4313,1.9741588,-26.42565,-4.32964,-27.054502,-4.6939044,-34.937157,1.8475409,-2.0678794,-22.870968,-0.38091052
-31.770542,1229.1064,645.0461,8965.995,459.38107,13.467968,-348.51352,-112.582565,-6.8806643,-5.6590257,-16.09695,-1.7777267,20.573969,3.5490725,-14.184983,73.635735,-101.99313,41.275814,-4.804515,182.17572,1740.8474,-628.16187,-264.37643,-29.810633,15414.306,1174.2977,871.1159,2044.8044,422.14847,10313.256,61.481117,3625.0813,6220.7856,-555.5007,-72.42092,-1.8852676,21.028326,-42.65385,-3.2586784,35.655014,-50.40756,-25.417072,11.976711,-8.335018,0.4557062
-11.052251,-686.3287,407.40164,5112.758,284.7705,9.992285,-136.92981,-107.379616,-3.4227057,-2.5623834,-96.36301,-3.768801,-86.23792,0.54976827,-23.907005,-8.115084,30.136686,-5.786932,62.056835,698.101,-290.23373,118.60642,-210.241,-34.690723,-819.53015,1251.6238,-74.67419,531.2144,143.57658,2497.7573,-10.868499,183.30612,40.45377,832.35345,-70.17853,9.415577,0.34043273,-14.349989,1.7545909,-0.005342234,18.909756,2.9340627,-6.2310777,88.703094,1.4168137
55.816776,328.93454,587.1703,-5423.2944,196.82355,-7.277376,-103.49099,-104.46599,-8.4866295,-4.938884,56.73362,-1.2302642,-61.612656,0.41642675,17.314163,35.886414,27.274046,0.9975405,-89.44611,-210.88712,-152.43886,-702.8745,-115.301735,-50.91732,-3224.3677,-902.4996,-169.47462,-1085.4167,-34.351543,-4151.845,129.41911,-406.1182,-1407.2604,-437.83658,70.80673,3.8647618,11.87373,9.890664,-75.83075,-0.88518703,-46.995087,-54.52503,-13.468689,-1.2140515,0.28916457
-20.463602,930.02625,594.52124,7518.827,309.21866,10.513716,-286.5142,-68.019066,-12.816776,-5.494435,-36.297916,-4.6337814,-26.379429,-0.46163607,6.658663,158.83577,41.45349,-6.680466,-6.0709066,376.29636,1929.4678,-521.10364,-289.04636,-55.36667,12377.514,1607.3575,139.97124,1964.0276,64.71551,9683.203,-27.37506,2962.248,5711.5225,-515.0913,-32.54049,-2.3574746,6.958547,-13.568144,-18.159327,32.281826,26.599468,-12.438413,-3.0982854,-6.4277897,-0.38091052
9.245899,243.01353,821.4694,-6766.34,234.56088,-2.5718722,-199.85056,-119.078766,-3.4983106,-4.0521917,-8.18206,-2.7138178,-0.71383214,0.5057566,1.1924263,-70.96064,33.512516,29.514023,-34.120773,27.575912,1005.3644,95.32565,128.48384,-60.89464,-650.2985,940.507,-150.38737,1426.4515,-26.91587,7717.7236,-64.47677,1628.2074,3964.0269,-703.7149,-67.12147,5.4940095,4.0003643,-46.674446,26.283943,-4.515788,24.378204,5.0184913,-11.17754,-2.5448372,-0.38091052
-14.70851,-825.2347,399.14102,5547.6104,253.49896,5.3203034,-141.10132,-40.2683,-5.4621406,-2.9859827,-88.13815,-4.6601105,164.30415,0.51779383,10.2828665,-29.66897,-1.3805768,3.58085,-18.462046,685.186,-19.261404,415.5593,-199.74165,-42.36699,-933.24335,1484.8109,-130.02014,533.4921,132.95999,2890.688,51.752346,275.95297,498.48962,958.78705,-21.728561,10.151699,2.4405305,-12.0022335,-14.193718,0.41548178,24.782347,-3.0824955,-9.1558,-8.890808,-1.1257519
-7.82065,175.2356,870.4481,-6948.2676,330.37357,-10.155456,-154.00548,-142.51398,-12.235499,-3.7121625,-15.458929,-2.0007803,-41.52737,-0.31855237,51.110394,-58.085968,-1.6304369,35.908512,-33.627956,16.446703,843.09894,-157.83693,-49.81835,-39.345776,4807.715,715.4942,103.15672,1026.2532,245.78839,5065.102,421.61777,676.36066,1700.2461,-765.76355,-66.883286,0.35784712,1.6804065,-48.890144,-44.44811,-3.2588637,-35.88905,15.863179,-7.3763547,-4.226967,-0.38091052
-10.493137,82.02682,571.01416,-5275.4224,214.70163,-0.34137928,-103.50051,-58.236237,-5.1528134,-4.7250476,42.940536,1.4153063,94.67579,0.5381659,9.297751,2.1678827,3.1984744,12.744746,-31.97622,-75.49671,-212.55258,-709.1513,-118.45822,0.5145736,-2708.679,-871.8284,-123.738106,-785.9258,-27.380634,-3524.5972,58.676605,-331.03485,-1072.3141,-428.36804,52.611557,4.0234804,11.346994,23.502241,-59.6954,-0.9526189,-37.583214,3.6474445,-6.3804255,-2.094559,-0.38091052
-6.6085534,239.19427,578.87085,-5414.4453,258.0886,-4.5818496,-146.58046,-81.80885,-6.273802,-3.4419682,31.066504,-2.692768,75.26076,-0.3571254,-12.377367,2.288031,-10.651659,20.664032,-34.838028,-45.16896,156.66595,-72.86492,-48.895657,-19.617867,-1471.3944,439.5983,249.19185,454.80704,50.4073,4128.724,171.24757,318.98856,296.4561,-738.60565,70.55201,0.0989517,3.499077,20.50831,32.123062,-10.987243,40.33582,2.227732,-28.269444,-3.7486684,-0.38091052
112.09985,-1050.4817,-3521.676,-9355.035,-518.33105,-7.299281,-214.8849,-252.38184,-153.53403,-14.952285,-24.323498,-17.867016,86.038376,40.386753,-238.54065,-88.41999,72.67091,48.272415,-10.13193,-495.25375,2971.1614,7301.682,800.9714,667.6336,26924.701,4348.6733,8.473009,5420.89,-161.58488,16668.203,-153.20024,3125.398,9472.828,-389.3773,-220.75249,-108.92802,5.213498,-4.158878,1.6018275,-1.5529046,67.80231,5.080646,11.772795,-8.023312,-0.38091052
-20.398132,-118.45832,430.923,4096.8696,251.62831,6.4251432,-117.34231,-59.55055,-8.047921,-14.337044,-27.572979,-3.1544225,13.371501,-0.074634716,16.004562,39.88882,47.15117,-15.667123,32.57622,267.35684,-428.25787,-589.76526,-77.27856,41.703655,-3127.773,-2753.779,-245.52544,-1433.1151,-200.00606,-5736.966,48.186607,-1339.2845,-2219.9795,424.66382,81.402954,10.91796,13.966144,44.22513,19.513983,1.1561748,37.53217,0.53208834,-16.958948,22.205996,1.4168137
2.0265164,-571.59033,-1337.1635,6651.0293,-1444.7938,-3601.779,-225.31516,1098.1941,-9.331529,-14.021066,-38.27431,-34.311405,-15.532695,5.244473,-23.96209,98.172714,27.802734,-14.250352,38.492695,509.73203,543.804,-401.99634,1203.3147,-14.135616,7805.997,1921.2314,-121.47848,1439.0482,42.269257,7833.858,155.15822,2138.1052,3458.899,417.20087,-180.54062,7.549181,-35.02413,-12.608116,-58.639175,-2.0682256,-63.393093,250.10306,-8.044727,-8.043506,1.1685233
-4.235459,-920.9719,409.60242,5195.3506,226.06201,21.746572,-114.58904,-143.82497,-3.7193663,-2.8924382,-17.75237,-4.684533,79.78719,1.034611,-15.067985,32.778015,64.10416,39.131516,43.537228,848.9272,-397.96808,153.51558,-292.38998,39.058693,-1130.434,117.36364,284.10355,-385.02386,192.74509,-1264.364,102.230804,-220.36034,-715.3584,838.02045,68.209564,7.4131513,3.9676585,26.823517,6.518003,0.37314644,-21.292336,-12.020724,-29.231752,-7.066152,1.250272
37.4391,-47.423244,-1226.6357,5326.122,304.0567,-1931.3336,-104.71929,683.66095,-6.855684,-5.2865124,-57.67319,-14.133058,38.544384,0.22953953,21.188784,54.95685,40.349224,44.513412,2.4567504,417.14423,-278.8065,489.21222,107.05217,109.308586,-1615.1637,-1212.6742,315.66843,-744.3355,78.77431,-3594.1694,110.92941,-541.0233,-899.251,387.4188,54.770172,6.8014317,5.897326,21.329617,-14.676492,1.4034822,-25.110039,179.9818,-14.262347,-1.8395332,1.1685233
-1.8757703,-726.5692,-1299.5565,-6080.637,254.42575,2.8174279,-106.87683,-179.17723,-4.3750834,-4.697648,-146.09996,-2.2474625,-29.034409,0.51147896,21.761124,81.19277,-29.877768,-24.328249,-18.375528,-235.13498,-145.87666,157.68881,130.49847,-26.720798,-1592.7053,-231.62177,-156.1342,-797.0817,-60.90207,-3127.0369,-136.09605,108.02487,-805.9485,-762.67474,-118.76591,2.4164436,5.427643,-3.7732365,-47.663216,-0.82785565,-40.457138,0.91115445,0.7863472,-6.728382,-0.43034887
-15.926998,274.04938,-1286.8859,3775.6804,333.4601,15.29439,394.859,-52.81265,-5.9476953,-2.8982708,67.40397,-5.252714,70.32441,-0.75020576,16.9,26.2645,-14.685437,1.5696192,-12.090665,276.5561,-267.47763,75.3491,191.75839,-85.0922,-584.89276,590.06964,-44.173954,130.70709,-112.13114,838.65344,28.02003,22.985878,-235.97743,570.5165,181.0105,9.534575,2.110411,24.87966,23.747293,-0.9114167,51.54147,-3.7411673,-19.949575,-7.1695404,-1.1257519
186.15285,-821.834,-1132.719,-8200.954,198.67589,47.538548,-169.24475,-94.654884,-17.728613,-5.6449757,-74.8128,-2.1394186,101.404594,-1.3040023,-16.347506,56.776867,-57.909386,-37.285984,66.95901,-469.4364,875.48517,1086.5612,230.74693,41.588814,-1123.9742,1048.7094,-194.77704,1669.5416,33.096436,8376.897,-659.19696,1809.3739,4996.646,-957.8267,321.71085,-28.96009,14.640075,25.23454,40.312984,-2.5007565,39.086197,-0.21551037,21.459162,-11.50084,0.4557062
6.3455625,235.13583,-1665.0809,3802.3022,311.90625,5.198205,403.48273,-131.63899,-3.3116014,-3.566772,29.414223,-4.806712,-81.83095,1.041639,25.111952,97.24044,-7.8982944,7.5371146,-5.7014875,453.74146,-187.23048,392.39444,307.23056,-124.07019,-997.8851,271.5439,-26.10614,-731.3509,3.968334,-2401.2866,90.05298,-439.6707,-647.62506,417.6296,-152.47809,6.216524,2.7563756,-9.795786,-25.30544,0.24190986,-43.38003,-2.0516016,-20.77329,-4.3176947,-1.1257519
-5.446971,79.2617,-1567.326,3284.4336,-803.91833,-6.418118,359.41888,-178.01364,-5.308019,-5.7499804,13.020669,-4.6784205,-137.00531,0.28802195,20.547438,51.122974,3.874996,6.7652793,16.409313,182.32594,-340.79428,54.10801,29.785131,-134.23029,-1986.8613,-1623.4036,-109.92953,-1096.1663,-129.42178,-4614.7236,80.077446,-633.8504,-1336.901,365.03156,-216.53343,11.294762,1.9834064,-15.78311,-38.736053,-0.6021238,-48.26594,48.012688,-18.446608,-4.7881765,1.250272
42.653534,-5.072714,491.6442,5921.53,317.80524,10.698044,-176.22404,-69.95265,-8.916024,-2.9567785,52.093994,-11.400718,0.8185115,2.3819718,18.361681,38.131683,26.835209,-8.254286,23.451405,626.2961,326.18854,377.47107,528.1257,-82.04212,-1376.8804,1489.2926,-139.10924,1330.7511,-153.03238,6315.0654,-11.036072,313.76678,1862.8235,922.41565,-78.951675,14.162325,7.7139087,-38.997467,-10.241503,1.7562827,-28.45649,1.8662128,44.277657,-2.7469285,1.4168137
15.541576,38.981583,611.2129,-4361.7173,234.8831,-2.8472598,-109.89257,-76.74261,-6.8545356,-4.6816463,20.816822,-3.025178,-34.24835,0.106452,18.920341,25.674511,23.71439,-25.991777,-0.22889665,-48.27555,-337.32187,-561.7554,-137.37653,-6.16278,-2345.6746,-1057.8207,274.9397,-920.1996,117.489395,-4148.963,416.18127,-560.8553,-1402.2445,-385.39288,80.256256,3.2712173,-100.71757,-8.712934,-43.479416,-1.831926,-37.076027,3.680553,13.461011,-2.7749908,0.4557062
-25.890585,-501.36227,-1316.6724,5983.989,-1108.018,-3439.2693,-170.35786,639.126,-6.2308645,-6.4423194,-61.455574,-19.23205,-55.87559,6.771189,2.4183142,59.197426,-33.552044,-18.451677,-14.638014,1008.3551,258.89984,-99.48068,563.3584,-170.22726,3693.5305,858.11194,-62.85477,1152.5266,-168.1619,4636.964,123.1222,-131.75319,71.8041,210.19638,172.47804,8.42061,107.75044,-21.793451,-42.91662,0.47469586,-41.590797,-30.148607,-6.3632846,12.389359,-0.97057134
-8.95009,-910.3268,386.45984,5113.867,227.63062,19.787693,-146.2145,-93.61218,-4.4193187,-2.4019458,-31.373262,-6.951628,-72.75531,0.08747301,15.339902,57.256424,-20.979721,-0.2733592,-19.945885,751.31366,-510.41458,146.12737,-466.98346,185.90138,-1200.6068,94.07725,156.63182,151.40582,37.384315,234.3755,142.15405,-199.41187,-578.6338,837.3553,-33.360985,9.079026,2.986369,-10.776963,-9.709379,1.4449675,-30.829435,-0.729811,-18.880772,-4.8008585,-1.1257519
-12.22113,861.95123,532.5341,5748.357,393.94858,17.051144,655.50757,-35.423115,-4.8131423,-3.2337754,76.593895,-6.794207,122.04579,-0.6076367,38.32651,54.145412,-2.549932,-10.664545,-20.86558,546.15076,-336.98993,136.15456,556.5678,15.05785,-147.88103,378.92932,251.93382,-164.98141,271.8323,-785.2916,119.275085,-142.95049,-538.81024,682.6576,-10.133236,8.695346,9.6176,-8.89171,21.394827,0.85609394,-34.36697,0.33950433,-19.556349,-2.5511196,-1.1257519
19.283388,-538.07495,435.5851,4162.2266,-1228.6196,1.6752089,-109.897575,-43.427486,-9.682753,-14.580563,-30.55622,-2.7504108,-50.038025,0.8880284,16.851118,-199.54332,-16.15359,-0.2949884,-25.580734,366.12708,-404.8943,-323.06073,-310.53882,87.15629,-1660.0894,-3053.598,28.101374,-1623.2662,-184.85959,-5695.6216,-33.178352,-1419.9445,-2634.683,522.6481,-92.8641,11.753445,-8.993391,-12.29614,-32.214054,0.3825243,-33.055813,-0.75955737,-10.798963,-6.611669,-1.1257519
153.40204,-541.7595,-1568.3267,7504.9146,-1721.6155,-3517.0059,-210.82031,832.5062,-13.471159,-16.889713,-17.88946,-32.627518,-60.771664,-0.12061766,-253.50745,85.87642,-17.593918,-86.57392,-43.24984,506.5994,443.10962,629.70374,981.1888,78.35045,11877.32,1514.8596,260.95203,1555.3407,190.72876,9306.447,288.0392,2604.2117,5200.431,448.89005,-238.46782,-0.4202608,-35.09008,-18.203379,-65.37165,3.5866618,-56.72052,-38.27812,-7.903713,-11.716904,-0.97057134
-5.241574,644.76587,-1980.5916,-6578.8457,210.63115,-6.219622,-123.86377,-151.79602,-3.2816887,-7.6101213,-98.06781,-1.3530154,6.3768654,-0.19903672,-11.451138,53.770176,19.525755,15.615985,-21.687834,-182.87508,629.00934,-195.17587,268.23837,-19.989412,-1733.7755,668.3234,53.97235,1056.487,77.8294,5386.213,137.58093,566.4949,1818.3512,-878.63116,-190.34169,4.432471,-9.091678,-12.614867,46.965374,-2.0050604,26.949953,1.2543972,-4.346395,-18.93735,-0.38091052
4.9504275,39.90056,593.9026,-5310.153,220.507,-3.0508204,-119.022575,-83.721375,-5.1994257,-4.7472982,40.461727,-1.2733986,-18.999918,0.048928928,18.931866,29.168388,30.80895,-9.201319,14.300021,15.694634,-138.30789,-652.1006,-148.25394,-6.9109573,-2537.3352,-625.4965,-162.3367,-788.36804,-19.3244,-2933.7,97.818726,-14.965009,-741.14825,-461.28415,71.69685,3.7584774,6.4498615,15.120893,82.55565,-0.9283751,55.89815,5.0333085,-6.09486,22.001783,0.4557062
-18.602777,-1177.982,425.01038,6313.3677,258.89868,16.756432,-173.9647,-87.72729,-4.1714873,-3.1171098,-138.73029,-3.370398,-113.90674,1.4537058,-9.998288,12.23846,-15.904756,-8.845587,-28.073988,856.3577,-304.52414,-86.54104,-500.44116,-29.757986,4775.8594,148.60971,500.63986,1163.4635,159.49007,4005.746,125.09154,-289.8542,-109.335625,1008.2424,-66.16905,5.108142,3.350686,-13.267734,-3.937976,0.045073327,-32.581345,4.4592633,-17.616804,-10.619672,-1.1257519
-14.192797,-119.39698,432.3887,3958.3726,248.74643,6.6996984,-118.37794,-21.895638,-8.737848,-5.2753553,11.2121935,-0.482129,140.31343,0.4647175,15.388707,99.783554,-9.084258,-0.8742503,-12.069823,283.92175,-345.42007,-377.95224,-194.0784,-3.1137922,-2731.206,-2144.0493,-247.86243,-1360.4114,-170.03021,-4741.016,52.35792,-802.50494,-1590.0936,483.73965,-28.604078,10.786148,14.061202,-15.0324955,-7.8191013,1.1289216,27.854076,-1.987366,-15.844353,-2.741607,-1.1257519
36.832058,-674.4576,399.65643,4509.184,213.52803,6.544605,-124.36455,-66.65814,-8.978228,-14.265465,-127.90966,-2.8113203,-139.55388,1.0120779,-36.024227,-216.46036,-16.148184,4.5312505,-27.575226,236.4003,-427.44385,-6.4269133,-455.70145,-9.726503,-1963.5862,-2159.4004,-84.375626,-1147.9055,-87.94153,-4725.9546,-5.512909,-976.4539,-1822.3484,474.8824,-28.276913,9.96873,8.019644,-11.634568,-2.8013818,-0.24529463,-19.867426,-0.45472255,-9.033933,-5.7714686,-1.1257519
-8.67125,172.42189,594.32336,-4394.2017,252.46396,-5.7143655,-103.93235,-116.58308,-6.64761,-13.060388,32.60676,-2.9210727,-17.675299,0.41468024,21.278034,31.969004,18.83094,-30.399828,43.215523,-237.32298,-254.98434,-720.11053,-231.30692,29.475891,-3291.5283,-1426.7035,212.38768,-1186.4296,93.9703,-5392.468,383.912,-1572.1597,-2163.7424,-378.77106,-62.951725,3.6039073,10.490221,-4.807916,-69.92959,-1.821249,-43.012142,-28.066597,-24.298206,-2.4275904,0.2137514
-17.531525,-833.2938,375.5232,5119.267,257.93256,19.890667,-138.73146,-40.73546,-5.105703,-2.4092953,-90.23946,-6.9527736,104.19977,0.25705922,-28.945822,55.40399,-19.01229,2.4188402,-27.465218,606.5907,-453.96286,108.246796,-424.65756,-0.6029501,-245.1512,-32.045578,53.39492,54.643444,27.830038,-858.9742,36.714424,-156.20549,-595.51044,819.7832,-7.677225,9.358512,3.2493892,22.612278,-7.8750525,1.533011,-30.378912,-2.7393196,-7.649154,-5.8889027,-1.1257519
-6.076351,-17.1375,607.0986,-5325.9497,192.98216,-3.3133073,-122.54229,-82.278885,-4.0886908,-5.3481755,81.81362,-0.95733035,5.30548,-0.32628185,14.738195,29.966597,25.261002,11.333929,45.336933,23.904993,-149.36375,-570.12115,-139.40509,-10.962942,-2906.7036,-644.2414,-129.28954,-829.88007,-15.523123,-3301.514,64.21103,-117.23797,-786.97833,-499.93246,73.807236,3.962114,-95.806816,-9.013441,81.97658,-0.8721549,52.174618,5.3184357,31.629726,-2.4897523,0.4557062
23.76552,209.89555,535.23254,6066.6675,402.428,19.014812,1003.605,372.09106,-6.584647,-4.43306,35.34817,-9.361328,41.751743,-1.0458484,-69.59001,134.09819,-18.372423,-14.972031,-55.94591,978.3286,84.2596,-60.136402,553.6662,0.40293777,4555.1904,1321.7277,-220.76193,1172.9935,38.08188,5136.954,13.368467,123.55066,1515.2611,784.233,-53.993084,6.668787,6.986617,-17.198896,-26.978626,-0.031301368,-36.85247,-22.334852,-48.606518,-2.7141755,-0.97057134
-37.748837,-961.09955,394.358,6191.4717,293.8283,17.412935,-202.79688,-79.727875,-3.2161617,-2.8080578,-205.3441,-4.059988,97.19936,0.4702574,13.443261,-26.524532,-2.1687481,-31.810524,-38.18923,904.7156,-200.83215,-133.82239,-332.75482,-57.428642,3214.3389,319.10126,430.8584,1179.0736,243.2538,4809.773,68.10741,43.60932,79.443436,1044.9495,-64.629585,8.378271,1.9773128,-19.86395,4.7531214,0.24821454,12.187275,2.158644,15.024937,-8.994657,1.4168137
10.290689,-273.24225,-1448.9413,5222.177,-1121.8828,-2602.0574,-100.282974,648.1226,-6.3924623,-5.4162655,-120.74031,-14.083536,48.761795,0.8997312,18.308315,-140.6724,-20.4361,-8.208221,-3.6195378,611.7753,-325.19974,404.82867,409.47162,-120.44802,-1252.9785,206.34451,89.90449,-702.9136,177.24678,-2737.943,139.14899,-364.06702,-546.4651,83.8179,-107.2594,9.745224,-7.1991796,-11.975785,38.78429,0.5702621,39.03165,-29.030987,-3.6062388,-2.5996485,-0.97057134
-10.032442,-496.43008,-1407.483,5773.405,-1294.1091,-3220.7283,-129.4447,606.1337,-6.2764688,-6.631784,6.113034,-20.634937,194.83514,0.12473588,33.21003,22.735697,-16.112469,-20.418821,-1.7318364,571.7864,-373.4097,233.07349,606.49023,-105.3469,969.6283,1916.127,7.214794,464.47885,-66.97389,610.25226,95.55848,-205.8653,-20.045925,39.28481,-132.13072,7.651235,-16.062777,-12.846292,-37.333157,0.9045382,-43.98854,-30.82177,-5.58568,-7.457259,-0.97057134
-3.5310938,-1035.26,421.75607,5698.5547,-809.6782,0.8659884,-141.4962,-36.62279,-6.1220217,-4.609335,-71.54711,-7.005026,115.07442,1.3485763,-29.498604,62.053608,-5.458074,-11.639315,-21.386795,1020.3259,-302.87927,106.67136,-384.28726,-9.043162,1057.6641,1119.8585,98.4527,536.4593,336.40356,2126.7007,28.665255,-204.90921,-142.63681,916.60724,86.750694,9.7202425,57.70396,-16.528303,16.617947,-0.035663147,30.3773,-5.9763303,-10.342528,-8.904613,-1.1257519
-0.6845478,30.929241,636.2035,-4945.0156,277.49966,-4.9618273,-111.24426,-78.9026,-6.1561217,-4.7674212,35.472263,-2.2462,5.8368964,0.42681423,13.982422,42.968708,12.228615,21.776722,-16.007685,-120.94345,-212.65266,-364.49283,-190.50891,-55.66358,-2359.9233,-637.8608,85.91338,-767.3178,2.71674,-3655.3535,367.70764,-168.53249,-1070.2118,-401.40524,-65.27169,3.242059,6.725175,-3.9077935,-48.045963,-2.1173165,-39.388138,10.546021,17.355257,-3.135661,0.4557062
-6.3283277,272.126,667.3816,-5812.58,247.56932,-5.4480324,-149.38841,-98.73041,-6.227425,-3.0307324,82.88751,-1.7984036,-147.65846,1.3587607,19.329048,-187.04642,14.497131,-35.34842,60.94964,-148.0676,243.21696,-417.41553,-227.45859,-22.821323,-1668.9312,237.94843,-127.31073,358.00974,56.377625,872.1342,-183.1134,489.7046,269.36124,-760.52264,-74.44756,4.411141,8.205801,-3.4001603,-26.695448,-1.4465796,-39.506954,6.095486,119.14853,-2.276701,0.4557062
-4.85161,-893.855,353.26385,4286.9004,163.32033,8.441893,-128.36948,-67.51244,-7.6868324,-14.7556305,-130.50848,-1.8773758,-120.96132,0.23749235,-1.3922693,-297.93417,-37.795002,2.347051,-22.5137,194.47914,-375.25375,-162.92653,-389.76855,-16.871027,-2561.6152,-1955.7596,-71.10717,-1180.8914,-51.167313,-4445.0493,6.1039314,-748.2047,-1322.8573,470.0928,40.508373,10.597127,7.64534,33.319496,9.412269,0.21941847,23.404478,1.0533553,-9.696661,-5.727633,-1.1257519
17.387865,76.7586,591.9677,-4549.942,251.52554,-4.510744,-113.33441,-79.250854,-6.9019723,-11.989065,19.013922,0.010852337,-97.77565,0.6957658,-17.77385,-4.082979,18.26779,52.63861,188.07571,-277.4003,-239.54329,-818.0169,-375.86725,8.152987,-3491.3796,-1474.81,52.18497,-1279.9647,66.08697,-5843.657,331.743,-1828.863,-2334.7734,-370.3012,-69.976555,3.7649536,7.7920995,-5.6414547,-79.23658,-2.7102103,-43.789577,6.222642,30.043127,-2.1606638,0.2911339
-7.6704693,124.45142,635.7105,-5266.4497,280.0648,-8.38323,-126.6003,-65.35457,-7.6409454,-2.8744328,25.270948,-1.5497329,126.119774,0.3846295,-50.027096,59.32384,2.8158932,3.458716,-17.864017,-54.808743,91.08811,-204.73027,19.110146,19.321095,-1368.2426,246.94362,-12.344334,229.58565,-30.824602,616.5814,418.1024,464.90436,96.31053,-679.3143,-19.28303,3.3985999,1.1935244,-3.4527707,-26.655529,-2.1841838,-42.128113,1.1166369,-3.0656848,-2.7172031,-0.38091052
27.692692,-598.40265,-1312.9094,-5935.1543,265.30884,-0.24859932,-94.11053,-225.65112,-4.0413527,-4.7117352,-89.17932,-2.0794275,18.148426,0.5219897,-21.608347,20.762913,-20.894524,-14.853434,31.573982,-138.3155,-170.85017,231.75056,-31.059278,15.209924,-1286.233,-120.17887,-104.87977,-721.96246,13.866611,-3287.553,111.1242,267.49237,-865.0876,-735.92584,-87.450424,3.8983808,4.8627815,-5.729578,55.289333,-1.1855861,37.133366,2.8785062,-0.6618717,-8.231612,-0.5968905
-3.4242544,-607.1297,-1002.1808,-5888.87,231.4318,4.575226,-86.322235,-124.38558,-4.2518506,-3.8547952,-67.82303,-3.012653,123.53795,0.31028277,8.129237,31.924208,8.517675,-13.989873,26.661407,-237.03151,99.00236,145.30765,129.44063,-24.806942,-2041.4324,525.4908,43.7831,199.88318,55.490196,901.71466,100.212425,438.64468,268.17908,-833.76086,157.84422,1.1962811,-0.8744106,17.154402,46.327198,-3.467354,43.351727,-2.0967135,-2.9101505,-9.68161,0.28916457
-9.450725,389.80325,-1674.6997,-6321.6616,166.14148,-1.2123144,-64.525635,-93.29606,-5.7731466,-3.9736109,-121.92734,-0.010392159,146.22823,-0.11939302,21.221653,11.297234,29.68113,9.389187,-11.221731,-205.75479,58.943127,-772.86957,12.189213,-0.8868485,-2340.854,143.38243,-93.12162,103.1369,-11.515752,-30.668804,-83.447464,142.20215,-650.62616,-768.6765,-125.24952,2.7938654,3.6716764,-2.9808097,-67.07923,-1.378988,-41.82041,0.16749936,-6.9053583,-20.1672,-0.38091052
-5.97852,36.589283,678.0497,-5019.791,-954.23065,-6.9800267,-108.48868,-64.7806,-7.073922,-3.5273998,57.02985,-1.3845882,-39.97132,0.5684257,23.513567,40.457966,-9.2465105,9.769024,-22.838995,23.195627,-144.98654,-421.45343,-187.53119,22.970387,-2132.3792,-252.2505,68.269035,-134.57253,-7.428852,-1162.7244,261.8285,324.63968,-700.936,-677.0735,-87.769554,4.713807,-0.085062705,-5.0371504,-83.79886,-1.3108034,-59.88831,3.7901201,-4.2694545,-6.1734276,-0.38091052
-90.14658,-966.69934,346.381,5369.1025,244.33432,21.166851,-144.50711,-94.304,-4.485561,-2.3757305,-57.82713,-6.665492,40.174225,0.72300965,14.4956875,44.16659,34.90398,-15.262298,49.992947,784.9869,-359.1222,153.8375,-414.44806,23.273365,-1030.1661,490.69412,64.397026,117.537155,136.40512,663.874,55.795578,47.282772,-194.39479,838.38995,56.80628,9.500297,0.09116436,26.42192,9.26364,1.0742502,38.039703,-3.089746,-13.607463,70.29307,1.4168137
2.5097237,208.83832,635.43823,-5583.251,234.83345,-4.3789268,-111.985596,-49.945953,-6.1181836,-3.3203719,48.138348,-0.8421129,55.797344,-0.09044491,29.933786,16.73083,-7.6965294,8.507533,-28.123724,15.568351,-23.520115,-506.9226,-250.94261,-12.3374,-2212.7952,-98.842995,-85.95195,110.654465,2.5856335,-1123.6095,10.218035,295.52786,-586.1512,-718.5016,10.865995,3.3952255,8.563577,7.928229,-65.37162,-1.0299271,-47.088943,1.8679194,-25.39956,-2.5389063,-0.38091052
11.806008,-664.4601,-1131.9675,-6514.139,200.983,6.0266433,-95.38411,-155.9877,-4.9414377,-3.971939,-72.82038,-0.24788335,-74.45714,-0.18466093,11.303324,30.396997,-2.9327924,-25.311037,-46.867683,-259.6367,51.737762,219.88649,16.36794,-55.320587,-2520.4504,259.81104,-69.11098,113.01894,-25.978857,-16.93657,-186.44176,275.6234,-506.05072,-891.7137,183.82152,3.2044904,-29.451004,-2.5618453,-45.431206,-1.203718,-39.83384,-31.564543,-2.1019921,-7.8510394,0.28916457
31.233253,-614.28815,-1918.7393,-6665.6294,207.19954,4.2652955,-171.99623,-196.86281,-6.313199,-8.513019,-120.39278,-4.34523,-3.6401985,-15.132703,-30.793257,59.341072,50.86009,35.65892,-22.148127,-233.66908,476.1259,362.7404,329.98264,54.686695,-557.47534,916.85187,116.37469,1491.2451,-23.777567,7558.426,32.713432,1254.48,3883.0703,-992.2259,-200.30208,-4.404564,3.5810115,-9.190665,39.258114,-6.074649,20.711945,2.0945513,1.1860846,-5.6218324,-0.38091052
-15.975745,-518.2267,-1187.2137,-5955.5293,252.13673,-1.1266651,-105.48785,-161.82663,-5.021496,-3.467193,-88.324356,-0.12609525,141.94373,0.37648222,-9.0058975,-104.98853,-20.513498,8.549609,-11.907721,-323.56085,96.526794,176.22098,254.76788,-23.869272,-1492.3132,559.4581,-90.32495,265.43518,68.40136,960.57263,175.64464,485.18777,309.86395,-830.999,-140.08589,2.3591309,-0.6399565,-7.1577253,34.52135,-2.8524518,36.984093,-7.438988,1.9012315,-6.7655334,0.28916457
29.704813,346.53427,759.84735,-7115.6353,278.6377,-0.33225974,-185.66405,-103.97425,-5.4687896,-4.080118,-18.05931,-2.3137233,-63.79362,1.7201053,18.13398,139.1609,-3.1221693,20.253262,-22.533926,-9.171678,356.83313,-71.68447,24.368277,-74.507576,-1491.2192,796.46,-147.68637,1369.268,-80.00651,6367.035,-416.17334,1101.8743,2932.885,-802.09314,-59.282658,0.102133505,5.7784066,-7.045143,-19.859673,-2.387878,-32.00098,5.142391,-30.229635,-0.7135944,-0.38091052
-4.484206,-514.0906,-1260.6141,-4356.6753,115.948135,-5.6742425,-50.39704,-131.41197,-9.284602,-13.827165,-27.901514,-2.4828198,-33.177616,-0.064200245,15.611921,35.011826,-7.5108895,11.878972,-17.135084,-182.8697,-154.23969,-788.8745,-117.95166,-50.283062,-3259.0837,-1419.5221,216.19316,-1129.8029,118.32379,-5671.905,405.4073,-1700.5828,-2487.3223,-469.6234,-106.46773,3.606104,0.062706515,-4.9159374,-59.91255,-1.7601681,-41.264484,0.03240189,1.1335015,-5.2627172,-0.23553342
-20.493162,140.98737,515.8085,7055.234,471.05914,15.789037,1162.3558,535.65094,-5.8199477,-4.563628,45.10469,-4.2174125,29.586588,-0.296955,54.31164,-26.400408,-25.001823,-26.926607,-60.5789,615.93,100.64844,419.74707,1072.693,-5.989088,6983.582,1536.7808,379.48706,1332.619,156.94072,6074.243,237.59915,1355.1614,2477.6155,707.272,-62.54413,5.603862,13.556292,-13.165162,18.298628,-0.50546885,40.664585,-22.807928,-53.89889,-3.92364,-0.97057134
-4.579096,-527.41846,436.3881,3989.2708,-1147.683,2.4343936,-125.77296,-59.70891,-6.3471856,-14.338657,-35.81493,-2.3503644,-83.93454,0.59981996,20.46748,-140.48698,21.367493,-15.646456,50.70332,381.4621,-423.76212,-25.389065,-254.84828,102.831215,-1858.841,-2065.73,-220.55728,-1214.942,-210.37129,-4665.754,8.890634,-955.68713,-1911.8606,455.0856,-98.8974,12.001311,-7.02927,-11.916389,-17.338923,0.22129975,-44.253708,-1.7451096,20.400585,-6.9893723,1.4168137
7.9264812,454.51917,-1516.5531,-6153.326,163.56848,6.2126875,-91.26436,-124.53172,-7.7484674,-3.3184264,-141.4152,-0.28152603,-18.872173,0.64535683,-2.38328,-280.8558,-3.5502956,-52.35081,43.41464,-249.79503,12.666893,-655.52734,223.31223,-62.94752,-1689.595,352.13303,-88.67955,141.04694,10.281215,638.8252,-47.7954,187.72543,-85.26347,-915.1598,207.61415,5.218941,-8.045622,12.289559,51.55656,-1.0626191,32.691467,3.8010073,31.064697,-22.608799,0.4557062
30.833115,-171.95193,-1236.5148,3468.4968,-761.81226,-1466.2153,-75.00098,241.25793,-7.9293365,-16.686872,-23.843645,-11.7972975,190.76274,1.1107323,-24.686232,-107.60568,1.5849378,-8.438605,-11.013273,146.03894,-4.8089433,-983.60675,-570.88336,152.49738,-3226.4592,-4306.4863,-362.08633,-1946.589,-247.36426,-6210.1475,-13.153063,-1739.164,-3346.124,270.26245,-89.68011,8.762283,-3.9354324,-11.041501,-20.781134,0.56595874,-51.228153,-23.882748,-12.753237,-5.5193267,-0.90736353
4.6885366,-590.51685,-1195.8354,-6347.5527,226.11938,7.0566063,-144.06596,-173.90723,-8.891663,-3.8613763,-79.26664,-2.4484825,4.313123,-0.07161938,22.707386,33.14084,-25.839226,10.1004095,83.14856,-246.21313,371.8479,-53.816063,339.94272,-49.973125,2899.6504,559.5829,357.60687,1045.1793,90.193405,3883.7373,567.3072,-35.475986,-62.188576,-939.7183,220.76436,-0.5259718,-25.92614,-4.3176126,-41.114605,-15.946798,-18.39372,6.4563556,6.7573466,-12.568166,-0.43034887
-10.1254,-1001.2163,389.0605,5730.464,235.2075,17.300308,-160.79301,-97.925835,-3.804533,-3.1435385,-118.85948,-8.69232,-87.71653,1.3688705,-18.178284,109.82026,-25.577784,-2.2357874,-26.360798,911.5257,-188.63902,-221.886,-448.1224,-47.125908,3851.2925,80.111145,47.530365,1215.1067,248.29988,3917.8066,107.50074,-401.6641,-48.908623,1039.0925,75.245995,6.968453,-14.515697,-12.147878,-21.56596,0.014689203,-37.24507,0.8901198,-8.872411,-5.211876,-1.1257519
-16.036354,314.60147,893.0596,-5981.2954,289.51196,-4.4543314,-182.54797,-147.54352,-7.3523316,-3.7267504,7.877629,-3.6927576,-18.146835,-0.2281551,12.01526,124.87745,6.9751325,29.268291,-24.128056,-192.95029,1062.1378,-151.46312,80.08961,-24.684084,4907.548,931.5788,427.99466,1169.8263,125.68705,5723.541,326.59494,1480.7919,3661.2886,-765.71387,-60.323593,-4.6433773,6.6810446,-11.73287,-38.847843,-15.00054,-35.915577,5.820484,-36.231102,-1.8750145,-0.38091052
-8.17012,362.5478,-1558.2145,4335.387,303.06238,12.868391,580.30774,-87.04753,-6.1660137,-3.5680976,97.07155,-7.667081,6.539606,-0.2687582,22.86952,30.63621,-15.504875,0.29828563,-10.029681,627.6355,-108.82339,9.0456085,582.09515,-58.81904,4118.2485,405.22513,24.994642,333.5089,159.45503,3616.1665,165.77553,-329.07108,-82.88098,780.36237,204.10873,6.254416,-0.93481284,28.816954,38.533215,-0.5465277,52.325348,0.28541532,-19.261173,-5.0439734,-1.1257519
-6.901531,372.25958,627.11664,-6115.6904,259.19125,-2.330471,-183.53435,-94.437065,-4.139563,-3.7599783,58.868874,-4.38478,-39.15071,1.3757159,13.0043125,17.519096,24.650791,-1.2553108,-20.538725,40.33201,458.32178,-126.0347,-35.95016,-32.253433,-1519.0704,499.07535,94.3085,1196.6908,65.291664,4799.855,-112.23372,501.4727,661.37756,-764.5544,91.92964,4.5531363,5.9088044,11.156813,28.952549,-2.0630774,45.05085,7.2307568,85.947235,-2.2617505,0.4557062
-21.805258,659.1731,429.987,4497.3613,271.88,10.326709,-113.034454,-50.194824,-6.7654643,-2.8374434,-103.29935,-5.6797085,33.9531,0.4966534,-16.716356,53.85409,27.59725,7.106773,43.082962,413.82513,-172.80768,-493.0183,-281.1458,10.055485,-1607.3484,-1110.3038,-115.82574,-866.2331,-101.34966,-3555.1968,97.36423,-509.19388,-635.8694,-259.8532,72.731094,6.353441,-52.97443,-12.600844,12.209755,0.69224006,31.115368,-11.277139,25.853981,-4.3308563,0.4557062
-32.713898,-942.6272,385.28314,6016.6104,267.9004,17.103607,-184.21779,-77.73018,-4.0658436,-2.9610834,-132.11243,-6.773489,16.79301,0.42761144,-22.75796,91.96189,-20.235254,4.8732142,-29.128462,969.1413,-81.52061,-116.68433,-311.05878,-53.722702,3496.9053,318.25278,256.17603,1298.5349,255.07416,4142.502,110.986084,-44.36243,-4.852372,1038.7872,66.64282,8.344953,0.22698313,50.80475,13.140467,0.06417945,36.07214,0.22673026,-3.4667385,-5.9250355,-1.1257519
-9.487634,929.94586,449.82898,4044.975,291.7187,6.984392,-128.5605,-46.97019,-7.680782,-2.9189568,-84.54724,-2.6436193,-111.59237,0.25941786,-27.916061,-230.06248,-28.641752,14.611304,-25.31589,96.50749,-153.66182,-278.4576,-301.5245,12.345728,-1823.7867,-1290.6827,-272.38214,-840.11334,-161.3589,-3654.9802,115.72523,-511.57083,-732.8915,-391.5883,-60.75896,5.6646442,8.164203,-12.306,5.1435733,-0.51984876,20.887602,-7.787585,-7.405393,-4.7235637,-0.38091052
-18.1252,224.31367,-1791.7292,3957.1204,-753.41425,19.18238,418.3465,-58.22006,-6.274162,-3.3281114,112.741905,-3.9660263,65.07191,0.61567086,12.371087,105.70226,-6.4382014,1.0563067,-17.62736,325.87234,-363.40836,-439.5959,676.5922,-124.71659,-1212.3768,-766.48096,114.12337,-6.343469,248.28674,60.772774,89.3388,-477.152,-650.647,759.7442,213.19847,9.622845,-5.465019,31.903803,-23.400532,0.25082558,-53.411034,-3.004342,46.142845,-6.6252246,1.4168137
12.887295,112.61374,654.0121,-4930.9585,235.20718,-2.1519175,-112.941284,-57.078293,-7.9078794,-3.2799659,57.876083,1.4891908,143.75864,0.5589977,-16.931805,-123.981346,2.0359185,21.493778,-30.338877,-32.135815,-82.34351,-443.17755,-276.27383,-0.57444406,-2179.03,-399.11252,-91.73325,-143.41264,12.105444,-1134.4099,189.66191,325.5475,-815.287,-672.89233,38.1322,4.164531,8.293344,29.33676,74.255684,-1.5658653,46.919975,3.5864425,-8.747323,-2.511006,-0.38091052
-21.17796,1349.3969,443.45438,5759.4663,324.41495,8.808809,-100.97254,-75.28409,-5.52296,-2.4230447,-13.467536,-6.1131887,44.25773,-0.9038758,16.274925,55.52996,38.7379,-15.753436,36.222317,539.13464,241.13419,-387.33456,-406.75262,-50.36147,-844.0186,222.57407,262.4531,187.32101,210.17896,379.66312,-27.449024,68.695786,-251.48068,-587.4602,77.97523,5.4661527,7.8420806,26.076977,-23.27997,1.2326607,31.44794,-11.492818,-13.247348,36.402054,0.4557062
0.77195203,382.16724,698.2788,-5835.6396,-756.3431,-12.114958,-125.39304,-57.127182,-6.9270797,-3.6866179,-18.863783,-3.6864376,-30.520054,0.531443,17.900389,39.49957,-8.713362,14.146353,-19.65828,81.700966,205.23094,-450.1862,17.016556,113.74325,-1288.113,135.26697,-90.323875,318.32935,31.905607,612.1799,24.068283,484.7997,58.54664,-766.3559,-81.20317,5.945144,-3.641443,-3.7390873,-60.2115,-0.54508084,-65.933624,2.104816,-7.795721,-0.8959409,-0.38091052
-31.83503,620.6777,-1846.0146,-7299.901,294.99246,7.6574264,-212.0765,-197.51634,-7.730356,-4.892311,-32.022858,-1.9257041,-15.625046,-13.873026,-1.1571507,72.64366,22.874535,26.637882,-6.014967,-264.9902,752.013,-160.91061,731.5686,477.96124,6763.9565,1050.1759,387.31644,1059.8767,-164.2538,7527.1997,-241.38509,1618.2711,4722.1597,-867.87177,332.53937,-22.049616,7.9466476,-11.755822,-38.419846,-33.860123,-29.729906,5.7235775,0.030457634,-18.787842,-0.38091052
-8.8536415,180.23021,564.75824,-4301.9,224.83371,-5.8925643,-111.13264,-64.563286,-7.961841,-13.057327,42.371918,-2.9112592,5.660432,0.5114916,22.411757,24.933205,-26.212303,11.448314,-27.435436,-141.37404,-283.5701,-833.93567,-337.13312,-6.670697,-3330.366,-1500.5239,140.90466,-1260.8406,86.254776,-5660.396,331.61823,-1819.4839,-2276.4314,-363.32928,61.68497,3.3788388,12.564026,16.72639,110.99984,-1.8026698,57.87078,2.9781673,-23.550539,-2.2489095,-0.23553342
-36.479904,79.63249,533.01324,7121.468,412.37466,35.78607,-213.00484,-133.55035,-10.481447,-3.1022916,90.26852,-5.951108,30.989553,1.3428993,8.887521,23.840582,50.22815,115.83404,43.36493,676.08655,706.1234,248.54297,896.49915,-33.752262,6402.314,2165.6228,164.28687,1496.4753,169.43983,7118.1377,192.08931,1902.6445,3129.544,912.2314,99.446434,9.255982,19.634253,190.47827,-25.248583,0.8892322,-54.306297,7.161996,48.80987,-3.1453695,1.4168137
0.39218336,877.7059,437.3919,5043.6323,240.65709,9.98259,-103.656,-49.638027,-6.888695,-3.4152772,-102.8765,-1.3606591,9.113466,0.84178185,24.073257,-176.94391,-11.344398,-2.6123548,-9.176935,-447.07382,162.09077,-469.4906,-266.06473,2.5181377,-2585.8186,349.1355,291.1783,-457.09726,5.8172812,-2632.4644,-21.552908,-52.990578,-575.7675,-430.7316,23.749855,7.06332,12.424058,21.14431,6.8426733,0.04845075,25.779406,-9.749575,26.665577,-3.9349353,-0.43034887
9.704012,-486.7865,471.59286,4783.3223,-1146.1824,21.224007,-113.587715,-27.708216,-6.295506,-3.429387,65.49453,-5.8264146,286.60126,0.69626856,34.686024,42.37308,-0.3616504,-28.473202,11.299606,819.9916,-319.80463,361.85995,246.69182,-50.722893,-1561.6049,501.14716,42.276306,-436.9422,-25.027609,-2657.3438,16.143335,-172.39035,-413.82095,658.9075,-61.760796,11.912682,-13.386579,-10.644601,-2.3730793,1.5826211,-50.624863,-15.303368,24.590887,-4.5819726,1.4168137
-18.64502,358.3751,588.12177,-4488.5596,226.46591,-7.228929,-96.22898,-57.55308,-7.594931,-13.09047,3.6407306,-2.1359143,3.9378343,0.08956516,44.97802,10.419612,-18.3869,-34.430523,60.800514,-130.24416,-241.16893,-825.61145,-265.9644,-30.627558,-3352.0955,-1452.9403,78.68878,-1228.7953,63.647297,-5724.0405,398.58267,-1869.9906,-2305.9705,-376.5856,-49.907253,3.660601,9.5911,-7.447114,105.42899,-1.8089545,51.450146,0.3818104,-14.176331,4.1038046,0.2911339
-15.998454,143.77766,429.10535,5087.918,351.92444,9.095121,807.5106,358.86508,-3.7488945,-6.2619863,45.05637,-5.2331614,57.899006,0.7386933,-56.348885,63.779953,36.99766,-25.382465,22.911083,373.52063,-275.11954,257.76315,18.39771,12.572703,-1657.4148,-1249.16,183.41614,-917.82544,-2.4207654,-4040.4402,26.247204,-586.2147,-914.4971,299.83606,78.11503,8.888433,-61.768703,-11.079719,16.601353,1.0861299,33.25346,-18.579166,93.03527,-4.2810354,1.2411437
-2.8602912,347.25537,667.6171,-5314.123,247.1351,-6.4831553,-106.017235,-53.77649,-5.788049,-3.4842498,84.61812,-1.3161818,74.817375,-0.2372979,28.623528,12.617843,-14.046882,-38.649147,-2.5790763,-31.476469,-61.64241,-475.08438,-249.80783,-33.23094,-2188.56,-219.35796,-133.18188,-161.5313,-32.39625,-1070.6755,161.04431,327.32095,-485.94357,-688.0548,-48.858826,2.7267096,8.0022135,-6.537936,65.75897,-1.0920984,52.883575,1.1768888,26.12692,-1.9104366,0.4557062
25.605776,-364.8676,402.37122,5022.1196,348.64133,8.631153,-142.4351,-67.78221,-5.2277913,-4.7396255,11.17427,-4.898084,10.072803,0.31247014,-24.57474,69.38657,43.58845,-15.358711,6.9012914,526.07416,-216.95062,303.46695,313.82977,13.782602,-1818.478,-769.24475,149.79643,-804.3617,-35.84012,-3677.3123,-8.409755,-563.72546,-911.3017,611.56323,67.85119,9.790639,1.837706,28.526611,-14.992188,1.2863275,-31.87832,-0.93375367,31.482548,-2.8732638,1.4168137
-2.000689,443.42404,-1655.4846,-5216.375,292.41473,-0.6708355,-76.660515,-117.59531,-5.058459,-3.4125614,-64.35157,-2.1633763,-122.67063,1.1573402,-18.525404,-7.92756,13.238452,13.616145,-27.30407,-255.95856,30.448874,-546.6036,56.496773,-26.765139,-1548.7065,135.69038,363.40793,64.79689,-31.777718,444.01993,388.23822,218.04863,-270.1395,-702.09106,-151.44798,4.3436613,4.7605724,-5.9911137,38.970478,-4.8855534,38.33862,2.999248,-1.8798745,-23.157291,-0.38091052
7.6861496,412.48154,606.58405,-5650.0347,217.03616,-4.879455,-111.82896,-77.63969,-5.898989,-2.9814105,47.11956,-1.6076206,0.8064452,0.5543848,11.888449,66.42117,-26.284218,19.872667,-28.719818,10.782362,137.80434,-471.34122,-0.4233287,0.36037856,-1590.6906,139.34647,-97.99192,201.57024,-1.9759936,346.073,197.86243,461.86505,-141.25473,-658.6377,55.25817,4.0162487,-30.07322,-2.6890965,-50.80945,-1.0978341,-45.205906,3.749492,-6.3145204,-2.2410877,-0.38091052
46.374634,1214.8458,612.3191,6030.323,364.45047,16.725174,1025.2706,-59.70205,-5.9810987,-3.2356775,55.10256,-6.539743,-4.2740965,0.34816518,-45.283596,124.56227,-18.102657,0.5748462,-34.993557,844.845,57.33827,156.44481,501.20517,-94.37877,4581.882,971.5097,-64.642006,1104.5671,76.15068,5092.552,-104.55881,37.7658,1112.8545,829.44476,-63.69162,8.719081,13.375724,-17.6279,-20.099752,0.7897853,-52.506462,2.6640475,-18.251505,-2.0735505,-1.1257519
-10.287788,42.608513,-1527.0065,3809.3132,-675.0353,15.218254,497.84592,-82.157715,-5.0774117,-4.508539,77.26592,-5.4395127,-43.08153,0.8330028,-43.677166,65.253,-5.887759,-9.947074,-14.19995,470.57294,-271.62714,479.4076,292.5329,-137.7345,-1887.4491,-195.04144,157.22229,-802.7362,249.09813,-2845.0972,73.50556,-490.38425,-440.8401,534.4093,233.83572,10.747906,-3.2736976,-14.752583,-24.942818,-0.14251643,-49.990955,-3.621225,82.645164,-6.4986954,1.4168137
23.405865,586.4249,632.76306,-7089.497,273.81387,-2.7588623,-157.41347,-144.70717,-6.446726,-3.5820653,6.768361,-3.4874787,36.521564,-0.37438416,-4.247281,44.233433,27.08883,-35.942207,68.314156,70.68291,383.52612,-422.53232,121.31666,-47.548607,-1912.6049,609.1257,-157.0614,1119.7501,-96.76403,5914.0024,-298.04312,723.40594,1975.5415,-823.61646,89.89236,1.18631,7.3746424,16.535261,-26.839697,-2.3338249,-44.105774,-43.465023,-25.09886,-2.0005136,0.28916457
-13.703546,392.86957,691.2026,-6083.3735,273.11407,1.7297772,-186.55705,-60.784645,-5.40109,-3.5247364,13.454585,-2.7057543,62.532013,-0.13596644,-14.520112,-27.844099,4.706935,-2.907168,1.4515615,146.15028,659.20703,67.02454,-59.076397,-95.361725,-1797.9683,591.02997,88.70173,1151.3574,204.9202,5423.0635,205.21077,650.50995,1900.3604,-826.3423,86.89535,5.0287786,2.41517,31.13843,31.625496,-2.7649994,34.20576,2.4947822,84.11709,-2.4661973,0.4557062
-5.1727724,371.89963,627.2675,-4381.4697,254.44153,-7.9153976,-98.90305,-74.61611,-6.80005,-4.744216,39.565334,-2.2702265,-6.4682174,0.5601094,23.306574,35.753906,-16.805605,13.832539,-22.423985,-232.16673,-271.38333,-555.97675,-137.7224,-66.81389,-2522.3362,-1054.4396,257.01215,-1052.6998,38.918,-4180.8555,367.7819,-505.68628,-1498.8112,-359.59998,-44.993393,4.075295,12.719029,-6.552522,76.85028,-1.807223,42.849,1.4089192,-7.2786055,1.4814718,-0.38091052
7.8561497,1221.8871,495.6932,5282.9023,297.46387,7.50919,-109.53072,-52.672344,-4.741311,-2.3667073,-102.9835,-3.078105,-51.267624,0.65052027,18.10404,125.72945,11.404116,-8.831738,22.811588,186.16133,22.260584,-398.89117,-416.03146,18.46771,-999.19916,-210.3045,32.55172,42.268803,-13.341081,76.603645,-15.758416,-13.475683,-622.5508,-539.9521,-61.993874,11.056804,4.500204,-12.384182,11.365388,0.94465655,30.993805,-11.55905,25.4228,-2.6908817,0.4557062
-1.935526,111.81318,618.12006,-5750.062,232.33052,-5.431389,-115.89382,-91.33428,-4.7629404,-3.1315804,39.776367,-4.4029317,-20.314177,0.1527938,16.145407,28.441114,-9.359839,20.569878,-27.947289,-139.98634,89.94975,-621.322,-229.57007,-55.818382,-2041.89,17.726423,-115.85927,191.39122,17.469234,266.2175,-62.777008,287.49222,10.073533,-696.2183,-51.55712,3.2584422,7.2978983,-7.1273375,-46.069466,-1.1016446,-44.320908,4.2382793,-9.203523,-2.4820843,-0.38091052
-0.42410964,334.67276,620.2006,-4934.7197,252.65857,-3.6133432,-102.552185,-44.34872,-8.494046,-4.829263,57.87205,1.0856426,99.200356,0.54440653,-21.380505,-126.96803,-13.042507,15.529436,-30.8318,-149.08887,-126.10501,-580.37115,-67.296455,-28.009287,-2140.234,-191.41557,150.34058,-736.31866,11.3930855,-2889.4084,375.91122,589.2394,-627.15625,-448.51743,47.941162,4.4806056,7.42715,13.819703,66.19712,-2.1972036,47.697952,1.5850981,-7.5358253,-1.7769952,-0.38091052
-12.733068,134.71378,556.29126,-4222.568,212.23561,-5.270155,-109.599075,-66.06021,-7.663608,-12.042468,46.71404,-2.84553,1.1402547,0.5114916,30.479673,34.15685,-11.005423,11.2209425,-29.973164,-198.0817,-295.46194,-765.8897,-343.10455,19.796953,-3508.1704,-1512.8247,188.77063,-1259.1228,130.72147,-5697.708,361.61295,-1816.4156,-2279.3118,-356.4541,61.62048,3.5098999,12.590077,31.39824,101.83083,-1.8026698,57.68125,3.1208258,-6.3257203,-2.2969882,-0.23553342
-4.9443855,-557.08887,-1009.9387,-5062.7754,208.71172,6.5675483,-80.802765,-149.85301,-6.49668,-4.624102,-67.920425,-1.4408884,-2.0918486,0.06410836,16.173233,-231.62093,-9.73591,-14.757826,16.388504,-136.84674,-273.48108,-67.0252,-263.8533,21.357454,-1569.7595,-921.42145,142.2113,-946.6022,25.954437,-4260.509,379.86673,-591.8126,-1632.1917,-685.58136,119.48277,4.360213,5.1406937,7.1818247,-43.19836,-2.0572834,-32.040462,2.8452759,-4.613157,85.81288,-0.43034887
-20.31748,-687.9873,402.63434,5166.7456,290.60065,10.164244,-144.86978,-98.012215,-3.3609052,-3.2111857,-87.79446,-3.51162,8.384387,0.5500949,-24.610033,-5.234518,30.483646,-8.275075,62.470478,652.36743,-309.71762,254.59877,-215.65384,-40.445854,-835.8979,1356.4458,-128.47424,512.35986,144.70763,2620.9736,-17.562456,145.35875,-0.1638289,826.6492,-69.65651,9.870973,2.1299715,-12.197848,2.2758121,0.7118463,20.09735,2.6261003,-6.4731827,98.69257,1.4168137
-4.4561157,-941.6177,373.45163,4574.0234,190.25824,7.667264,-129.6693,-49.941624,-4.435355,-5.4102683,-145.829,-5.3527946,21.713823,-0.010578697,14.033461,25.137775,22.290049,-8.084477,-31.262589,422.3326,-286.30695,152.80022,-344.07315,32.599804,-2253.9392,-1325.182,45.17707,-802.1477,104.56021,-3866.9812,-25.28984,-690.79565,-934.5654,615.52057,29.701714,9.968535,8.036242,21.266481,-5.017087,1.5038551,-27.213453,-1.1367733,22.192451,-5.9790974,1.4168137
-18.33312,388.00092,641.51495,-4899.6304,266.8318,-6.125534,-95.86033,-118.91655,-5.7044563,-5.7222095,32.823635,-2.2061074,-79.4232,0.505326,20.649261,36.243134,18.36994,2.1022458,30.021255,-177.76375,-246.80553,-630.4658,-34.09498,-74.169975,-2778.966,-806.6606,90.69171,-787.03784,-2.2434497,-3913.577,383.3906,-361.9067,-1395.3135,-382.2364,-47.05472,3.6842518,11.988391,-4.436211,-50.578682,-2.1289654,-43.650455,-36.666115,-12.17285,-2.1642015,0.28916457
-3.1904917,-842.83185,-1436.124,-7316.3374,61.236763,2.11793,-186.63416,-142.35313,-5.1972117,-2.2864184,-139.47343,-0.1360918,217.28288,-0.48205194,12.053148,-126.71326,-82.16589,-60.64042,-16.09694,-231.76497,312.50143,878.86084,274.723,5.4988146,-923.4543,886.2172,-220.27115,1413.4617,-196.85268,7171.75,-323.64355,1268.1494,3574.981,-1026.5955,-222.3265,-0.7528079,-4.28902,-8.693813,39.883633,-5.0210643,21.514193,1.3087608,-2.937393,-10.266652,0.4557062
132.8425,312.10822,-1642.426,4091.3984,362.74838,8.529785,472.52176,-115.050644,-7.642464,-2.9387176,100.26888,-5.615095,16.73357,0.705981,-17.592525,58.067223,-5.1338897,4.166656,-13.953774,491.1891,-272.73645,292.94098,668.2274,-84.2245,-364.2376,1363.7205,-41.398643,247.61172,130.94046,1296.5488,95.68653,117.629684,-7.814895,696.8765,-161.60397,7.5427737,3.608838,-14.69371,21.005806,-0.04483741,42.45148,0.024155943,-16.484735,-2.118589,-1.1257519
-0.4078438,412.2213,-1356.5062,-6247.367,259.57764,7.9973164,-83.41963,-108.97253,-5.439435,-3.4765384,-124.14269,-0.6536331,95.38741,0.56982636,23.675152,10.180169,-23.257137,-2.216244,-15.268431,-263.89615,-16.113459,-672.64954,392.78275,-37.79179,-1420.3966,725.33636,-65.49449,386.4921,-10.654651,1221.0355,-45.01192,444.611,296.30432,-851.9504,191.21368,-0.37380603,-6.6871223,12.029859,38.435623,-2.0497546,33.957355,-6.542752,-9.3744755,-22.822424,0.28916457
21.132732,-603.36816,-1241.0839,-6279.1436,148.64397,2.0654745,-99.18917,-104.84726,-9.740984,-3.5460968,-83.676254,0.037786677,225.88968,0.54715264,-18.670216,-176.61525,30.293386,17.322897,-17.782469,-248.98486,165.93927,167.23405,309.484,-63.455345,-1603.1979,661.93463,20.200174,445.48465,-16.250908,2225.568,-48.63968,526.8522,506.20734,-867.53735,-132.09474,1.5153525,-10.74093,-5.7460313,27.923386,-1.9459429,40.23067,1.8062373,-1.1909178,-5.7762136,-0.38091052
21.658482,143.92714,442.81625,4764.0386,353.51776,7.6053557,732.6875,348.34683,-5.256316,-4.1947246,-35.75445,-5.3426356,58.548344,-0.53962284,25.467512,49.404217,38.15243,-14.524964,33.79579,535.57684,-254.34547,294.5119,-124.12379,-24.437805,-1574.6815,-541.0178,-11.786874,-780.36163,-67.34558,-3501.5164,-2.2456114,-511.60837,-732.3625,270.58582,79.99276,9.658552,9.210601,33.458954,16.43069,1.0317874,35.386242,-14.973685,-38.492813,41.04973,1.2411437
61.370476,31.043062,865.37665,-6896.9106,-920.9084,-18.011034,-187.74225,-85.76305,-9.245817,-6.411365,-5.1221533,-5.094417,-6.548146,0.8471072,13.431509,11.257925,26.680195,13.942467,-40.11943,453.41437,893.8231,342.7841,110.88479,-121.283554,56.52436,1002.0339,-218.03433,1476.331,-79.74106,7961.4907,-300.21268,1650.3932,4203.237,-710.65814,97.65337,4.5053997,-26.18514,11.31714,-46.442062,-5.0503445,-59.759747,3.5424628,-5.0860143,-5.597219,-0.38091052
-7.2492995,375.86905,592.52045,-6047.8335,208.33127,-4.92616,-105.67894,-65.37888,-5.3637433,-3.0925467,49.766106,-3.7220845,65.29767,0.5901649,-16.054396,37.160282,-16.876534,16.34034,-25.539398,52.317528,142.57516,-495.87247,3.3754191,29.7954,-2036.8383,-10.66747,-122.21411,215.87642,0.2136817,241.86826,-31.559628,380.8537,-156.3435,-727.58514,55.09086,2.6905868,-25.416086,-3.3037543,-57.24022,-1.4558152,-48.49997,1.2786514,-18.925419,-2.3025615,-0.38091052
-11.600411,63.529823,-1469.2421,3967.1846,-891.8918,7.967017,469.83698,-98.4005,-7.402739,-4.408244,101.31298,-5.6015387,-4.268961,1.0774796,-23.720745,68.921715,5.138409,1.0054668,-16.567669,413.10846,-264.582,112.06306,-8.7176285,-89.3621,-473.92557,1277.452,-6.9343624,234.47534,-113.285225,1077.0737,65.52504,185.80496,-121.20222,646.2356,289.61905,9.296354,40.977703,-13.453371,-27.284111,-7.5443554,-44.68187,-3.26325,34.830685,-5.6293163,1.4168137
35.401737,-455.32355,411.9966,5931.5723,394.95004,7.587843,-155.42,-93.02622,-7.0684414,-2.369067,54.228302,-11.758719,11.426723,-0.44007432,13.902403,43.49802,49.424397,-12.14856,68.04851,657.84515,-58.43115,385.8043,519.7272,-78.429924,-353.60913,1670.703,212.55902,561.60706,104.89111,2722.349,69.06786,184.29881,258.06903,972.5672,82.59796,9.589686,-5.801909,28.733744,8.683925,1.3001281,34.471962,1.7710235,-12.466034,19.492104,1.4168137
147.7386,-951.8012,418.45413,6083.195,-823.96533,-1.5932682,-175.48262,-95.12384,-12.514833,-4.4747267,-143.54749,-2.996882,100.77702,1.4201137,-8.850453,-303.65363,6.900837,4.754602,61.8269,967.5901,-28.442133,330.13116,-373.59778,-30.875145,1090.7607,1754.3541,170.91385,541.83936,232.25204,2294.9167,80.569084,-82.30315,386.35104,980.984,126.32756,10.271915,-9.652529,32.42904,12.000969,0.037476193,32.55091,3.5749252,-5.27088,-7.24685,1.250272
-1.1782595,417.164,-1579.6534,-5993.1685,247.80684,5.7606955,-76.33456,-104.37014,-6.1927056,-3.8959098,-89.07756,1.9380851,-4.568112,0.59421134,6.8586693,3.256461,5.187997,22.368801,-19.635662,-227.41225,63.90797,-612.34344,183.66586,-22.251467,-2481.5205,146.15314,-70.59482,81.261444,47.853558,31.47218,65.44838,138.80016,-480.4623,-767.3629,177.28316,2.4000728,-21.404507,-5.8858213,81.35522,-1.3111124,38.554886,1.8331021,-5.5036426,-20.518896,-0.38091052
-7.761247,-552.95795,-1465.377,-5263.6426,187.12979,-0.09789601,-65.84828,-99.33153,-6.9283156,-5.582246,-50.93144,0.05536951,173.42297,-0.15094942,27.771656,11.583891,15.03014,12.776795,-13.945324,-106.47884,-139.04807,111.89396,-7.1338496,4.58991,-2164.6697,-147.13225,202.76129,-415.93588,12.001921,-2494.5676,208.51942,361.96594,-511.09842,-782.1068,-100.26952,4.7581873,-0.083783,-6.7876444,54.51549,-1.9235578,41.169205,-0.5835686,-0.07811644,-8.770046,-0.38091052
15.230659,51.543823,695.1438,-6062.203,-766.3485,-3.1706734,-127.007416,-77.05481,-9.115319,-5.375583,29.286926,-0.72017777,-180.45793,6.9715443,39.10167,-294.59982,-3.7073388,11.503136,-30.607594,125.88284,228.4249,-400.95325,-34.844727,-17.42364,-1650.4276,399.8441,77.446655,1065.9406,28.970922,5583.96,-524.3312,315.6368,929.5889,-794.96796,-106.58979,2.7448,-17.237226,-11.760844,61.80909,-1.8784924,75.18363,4.828768,-20.178709,-8.806647,-0.38091052
24.25189,176.27888,632.50543,-5512.6274,228.67668,-3.1170795,-100.66503,-50.294212,-5.535548,-4.734742,52.052563,-0.8755578,56.733322,0.48707074,12.460985,49.9661,-2.3684137,-45.7089,-52.878433,-144.05948,-159.71971,-643.7165,-113.62391,5.6642566,-2830.4238,-791.905,-160.55405,-814.46954,-44.089046,-3759.042,1.4288243,-273.20377,-1127.3845,-457.4212,-47.7598,3.7247183,12.553249,-4.477105,-57.424362,-0.8842267,-43.384308,3.494308,56.127792,-1.8958751,0.4557062
1.890866,123.454704,664.4342,-4775.633,277.95145,-3.1994684,-99.79116,-62.22795,-5.777888,-3.34318,35.400738,-1.7584691,75.5911,0.16380483,17.073017,32.441788,-2.0222342,9.161866,-22.914085,-113.25529,-173.56137,-580.43146,-251.44307,-9.989708,-2136.2285,-434.95663,132.13531,-128.09528,65.1255,-1121.9443,384.81244,362.90463,-865.05804,-638.8836,-44.263172,3.539844,10.238433,-7.285424,-49.201748,-2.2204335,-37.468517,-0.9892417,-7.9676003,-2.9347308,-0.38091052
-6.072777,-150.64137,-1447.3256,4687.006,315.77228,-1826.7483,-108.60771,554.1245,-4.9708567,-3.6208332,-97.20508,-13.942931,26.445944,0.26935259,27.252,49.841957,18.450027,51.896847,43.174774,438.41202,-158.2785,259.45663,191.00363,87.45826,-1778.0404,-658.7498,-119.21066,-650.0781,-184.76741,-3008.7964,-37.06264,-468.75116,-977.82666,243.23457,-77.39601,8.012407,5.889583,-9.779967,-14.091711,0.9107297,-25.316193,-29.304674,30.469343,-3.8420942,1.2411437
-5.0812564,-595.2491,-1121.4877,-4533.583,220.27536,6.4408116,-64.35852,-97.27936,-5.6797557,-5.2979746,-58.491447,-2.2051263,111.6059,-0.047827467,-27.365261,31.304274,17.845549,-16.779364,-5.770413,-67.62485,-228.79614,-331.24664,-114.81609,9.97179,-2470.406,-889.97253,451.3583,-866.17114,175.0825,-3998.2854,490.91034,-470.6318,-1451.3038,-552.214,145.60767,3.3312492,2.4855342,11.840942,-37.039448,-2.252316,-37.41132,-0.5873367,2.9046652,-6.7746277,0.4557062
-13.209264,911.8447,504.2958,6349.8936,325.29865,22.662603,1053.6947,-75.476456,-6.59746,-3.7393646,94.29886,-2.8368132,26.665106,-0.730973,13.799118,-215.41043,-41.214447,1.2142408,-33.1295,907.0823,66.15351,61.94254,1135.0865,-82.26929,5098.9463,1045.4099,253.21451,1142.0574,126.40134,5176.8936,101.04871,-66.83564,324.54553,933.8678,86.35717,9.12472,-62.64518,-12.180228,-16.381529,-0.07518421,-46.875584,4.5275593,-19.324963,-3.1447484,-1.1257519
-15.7674885,-669.4441,-1435.9421,7909.3755,-1943.3983,-3900.8818,-183.4186,966.33154,-14.368697,-18.715017,-40.124622,-29.907791,-79.939575,6.9775133,118.7804,74.95494,-25.7621,-109.12081,-54.713444,378.43115,135.1194,731.7135,653.68365,191.77907,14736.502,626.73755,480.93933,1301.3903,175.93973,9523.636,-372.6579,2063.8708,5288.06,541.03455,-6.918311,0.6096454,-30.317825,-20.001314,-63.762608,2.2724905,-53.42169,-28.323961,-9.132015,-3.5647094,-0.97057134
-10.743759,34.10219,589.90155,-4294.318,-743.8275,-10.98691,-112.37228,-72.02045,-9.356881,-80.61292,23.39255,-2.5816016,-55.26947,0.51774937,59.84828,65.59264,1.3675432,14.45357,-4.755236,-124.82858,-681.5027,-495.92737,-305.2876,-11.229286,-3800.9397,-1808.3785,41.667774,-1544.1605,113.71821,-6580.113,306.71048,-2357.7434,-2841.5156,-353.06863,-74.58303,7.0217094,-8.071415,-5.1577697,-94.15348,-1.8215545,-80.118774,1.1560854,-3.7094655,-4.7197948,-0.23553342
-8.870562,-116.34694,407.74225,4502.559,268.5976,14.163281,-113.85664,-74.131996,-7.093048,-2.8628464,-53.68037,-4.8692822,8.255733,-0.05571154,16.049858,41.020252,46.56756,-26.723114,40.21875,492.533,-298.78247,256.67603,27.008698,-1.7574542,-2090.6338,138.18904,-106.28188,-733.59216,-103.86603,-3041.1199,27.66485,-456.25812,-658.3677,512.18665,81.21833,11.286536,13.619207,44.828423,7.2420373,0.99549633,31.666767,1.5672196,-15.807086,29.933516,1.4168137
-24.079166,-719.1529,35.37618,-4203.935,185.42928,1265.314,-126.32888,-58.458286,802.9357,-5.2206798,17.55518,-7.223174,96.81507,-22.37,-307.62204,-85.82025,36.28263,12.849382,-16.47744,-24.028158,-282.7984,26.372566,25.964985,2.384135,-2365.6082,-228.64412,433.6658,-734.7919,178.98738,-2822.1824,353.99252,453.5053,-788.0657,-524.3149,-43.192787,12.982995,-5.717928,-2.9812293,69.07046,-16.892065,24.262806,-3.7801728,-1.0513482,-1.1308818,2.044168
-14.249036,132.20384,621.50275,-4322.359,224.6111,-2.8424575,-121.85651,-81.414314,-5.950574,-4.7673163,-6.594127,-2.9169445,8.959407,0.13699315,21.612648,35.8084,33.843906,160.96591,115.682205,48.104267,-212.89194,-297.01193,-139.71036,27.126314,-2174.2305,-878.1806,397.6178,-765.8044,136.30118,-3750.5798,342.66824,-285.98508,-1279.864,-521.8553,78.7709,3.8131225,10.7128725,15.886912,62.264362,-1.9780143,44.71847,8.206887,-33.850746,22.699244,0.4557062
21.998339,5.4670844,663.70544,-5898.8477,-772.4271,-8.867321,-144.04877,-46.137535,-9.797781,-3.5757737,44.291187,-1.3083402,24.20408,0.9766121,-25.662271,-15.43044,-1.7953136,16.259598,-37.914818,93.15756,359.99445,-295.74893,-9.775873,49.85812,-1985.2966,494.56158,9.134592,412.7589,63.944275,2361.763,166.54153,521.1296,473.98602,-733.1998,116.60959,4.866443,-10.084978,12.700234,-67.26452,-3.0951598,-57.217182,0.5971282,-3.4876933,-3.2903788,-0.38091052
-7.0161285,-482.8827,401.6387,6968.6055,435.73724,20.432375,-214.0322,-80.672226,-10.071082,-2.573328,72.760704,-2.5729442,48.711296,-0.15936819,29.979977,-348.44662,66.75251,1.1557739,7.90395,1102.7,-372.54333,84.15575,990.3828,-100.36487,6088.7725,1102.629,644.6741,1148.7805,356.2709,4901.3857,147.72844,-374.89325,65.842186,1113.922,111.40659,7.255181,-8.126119,50.900784,14.980396,-0.09496923,34.114433,10.889155,35.294174,-4.3767004,1.4168137
-27.272524,-487.26624,-1350.513,5855.8247,-1207.017,-3190.8545,-161.94234,795.2714,-7.9463277,-9.9476795,-59.46844,-4.186319,-222.59131,6.739093,-23.190783,-238.01057,-20.78886,-14.764172,-40.41721,969.31586,329.25455,94.14684,467.7206,-236.09961,3337.9058,872.0526,-196.19727,1114.1157,-217.51047,4762.1357,30.43137,-41.5403,1275.3019,247.52467,-188.23044,7.4396286,-17.286469,-23.496658,-47.41624,-0.04951887,-38.98406,-26.170856,-5.1852746,2.2121267,-0.97057134
60.633923,-369.35767,-1239.2689,6410.5996,-1170.6082,-3419.8403,-155.96385,480.95078,-7.559726,-5.746057,17.81437,-20.13545,-89.66475,1.8338139,-72.00733,39.45004,32.563946,297.8367,163.80185,788.3822,-252.20378,54.016293,723.86426,-97.25528,2692.423,407.42224,354.4423,1238.1945,216.4273,3816.7615,152.1273,-399.6081,153.33592,74.68246,190.7255,7.223004,-14.923225,42.583824,42.4278,-0.11859642,62.22867,-35.556973,28.352785,-3.8537345,1.2411437
42.555935,-223.50528,-247.48373,5118.113,-1520.5367,753.3478,1107.0723,759.92377,-75.25869,-8.367806,205.32486,-12.185841,-24.248585,26.317766,64.048744,81.08182,-58.889847,134.43277,299.49792,-286.6827,1702.6979,1507.1906,70.74077,24.131918,17169.39,2743.9148,-216.31696,2553.3137,-255.5396,11432.491,-513.96185,2495.7004,6480.1846,-237.02826,30.088362,-498.0792,-24.917019,-17.480555,80.71054,-278.67023,-121.37224,-15.328196,143.2578,-14.477385,1.2411437
-10.89844,642.9579,740.1424,-6414.9062,255.00586,-2.40931,-163.77962,-77.97608,-7.811095,-3.984678,11.497617,-0.41254038,112.424736,0.58868027,-15.086764,-212.30844,13.626963,23.397945,-32.91315,20.542711,504.8153,-32.337593,196.16133,-97.008026,21.7764,910.82086,158.62251,1519.3707,-88.02986,7186.045,-31.93357,1383.1102,3656.4617,-726.5683,73.55913,-2.508763,-1.539999,13.897634,-25.475386,-2.8534489,-38.04123,4.9468255,-15.45796,-2.7359326,-0.38091052
-4.002997,-568.82153,-1190.8257,-4713.0933,219.9435,-3.9565935,-56.784794,-155.91994,-6.4975934,-13.774719,-55.14041,-1.3781264,-85.34174,0.67672837,21.903912,24.024305,1.7504071,24.405645,-15.512378,-208.37167,-203.27136,-368.94766,-143.51152,-4.598183,-2826.1821,-1075.5947,78.8992,-994.79584,17.441538,-4917.4863,329.51865,-781.5152,-1995.5674,-507.294,-102.440956,3.315348,6.5710745,-3.3286753,-61.649982,-2.0958688,-40.589397,2.7780802,-0.52333045,-5.3419414,-0.38091052
42.299294,576.8289,813.14716,-6145.724,-868.26514,-6.583876,-144.26213,-65.82367,-7.1707215,-4.89311,5.5228148,-2.194231,-47.71903,5.957865,15.176661,101.65897,-7.7287817,5.7322283,-22.712206,207.97284,595.6534,-104.79599,120.79692,-66.988464,-1321.697,694.10266,131.94212,1173.0312,199.00899,5703.4863,216.1699,632.37494,2160.5723,-781.3021,-86.34161,8.502771,-13.923394,-7.5639615,-51.232777,-2.0611482,-62.922718,2.8281589,-9.180192,0.2922711,-0.38091052
-9.142918,314.52106,-1331.2316,3757.6465,346.93423,8.688185,397.81442,-22.809742,-4.9825616,-2.8957205,99.172516,-5.0104012,133.75116,-0.6539498,31.822737,14.528671,-5.0994706,3.9503124,-12.767447,481.08023,-278.83014,210.20242,137.08754,-112.35797,-580.757,959.5329,-94.00103,235.90031,-28.911768,801.43805,37.09224,71.05546,-174.0683,688.9852,167.0472,8.124481,1.2690089,23.27746,24.620024,0.31962237,51.18651,-3.513003,-20.912867,-4.831884,-1.1257519
-16.286926,538.5466,499.87418,4467.724,238.35466,6.50191,672.0108,-55.315983,-6.789474,-17.055988,32.10207,-3.069994,23.679214,-0.55131865,16.687464,40.18256,-32.176155,1.1489222,-22.37013,108.50582,-371.72577,-611.7469,-3.2237434,53.319717,-3087.0613,-2700.1492,-69.12164,-1405.4542,-186.7653,-5858.25,-11.560352,-1468.5223,-2234.5942,317.2251,64.717926,11.187017,15.153212,32.125362,23.007198,0.98412055,47.37488,0.020673849,-17.904106,-4.9885297,-1.1257519
-19.389172,1118.9221,504.93704,7193.419,369.20224,7.549139,-140.90266,-103.116974,-9.885514,-3.3484135,-110.53121,-4.568962,-44.25535,-0.47699752,18.046932,44.135075,-33.054466,-21.334726,-29.6014,690.5272,875.1681,-712.82043,-363.0862,33.726902,4696.4077,230.51108,662.007,1082.0227,384.75092,3835.4187,8.721625,402.77066,238.64886,-767.888,73.69201,3.0360897,1.2541134,29.113829,10.060923,1.5076847,-42.768166,-12.009537,-18.082554,-3.6732147,-0.38091052
36.886963,1167.2432,500.44537,6307.76,360.2656,10.665585,-132.35942,-137.06892,-7.466083,-2.3191845,4.5741568,-3.7909076,-82.473915,1.6725221,-30.680143,124.12007,34.332863,-29.765205,56.818596,605.4707,348.28186,-623.6196,-362.38196,119.4765,3032.301,-65.192474,412.14532,197.6614,318.64438,-130.93655,78.02636,-88.588554,-324.503,-636.93066,-68.016754,6.0882444,0.6906615,-18.537266,-3.7035668,0.043052353,-22.183184,-11.60864,-14.180597,20.389893,0.4557062
-13.227438,-396.59097,682.2114,-7109.1587,378.50195,-12.848291,-143.38606,-143.47687,-11.173427,-2.29686,27.676098,-1.878649,-63.958824,0.10878897,-0.7863341,-602.023,21.535954,-22.061214,-66.58056,298.1558,-77.4353,-1862.2784,-0.3105302,-11.452938,8911.357,-1062.8491,-155.2547,-142.72812,13.866254,-731.3349,-72.478065,-818.2391,-496.9383,-552.51196,79.61079,-0.49884656,1.0998605,16.23608,-64.81066,-1.02335,-29.448246,-128.62132,-15.105595,-2.8164585,0.28916457
-4.337809,395.01065,-1437.992,-6213.333,229.54907,6.9581494,-65.67161,-94.47949,-5.729665,-4.047345,-112.36112,-0.13759957,95.214745,0.58830196,-12.68783,27.9601,8.013349,17.073122,-13.660412,-212.06088,25.45355,-785.5142,74.30823,-45.86422,-2269.9536,148.8052,-131.18059,103.72828,-25.520576,68.537704,-47.01939,133.7531,-462.2004,-740.31055,168.12195,2.5551689,-25.255949,-2.9770598,-67.565094,-1.5290806,-41.811783,-0.37167335,-6.533057,-21.406174,-0.38091052
19.418604,-228.15245,-1303.231,3742.1987,-968.0732,-1482.0585,-83.11523,539.077,-6.9742274,-15.105071,-81.76654,-4.086385,-80.04764,0.47790352,26.903574,-51.162224,20.880484,35.614006,106.44062,248.33731,-3.569983,-936.9535,-249.481,177.36961,-2257.2747,-3460.04,-227.20435,-1563.4196,-230.3879,-5465.421,-67.21239,-1516.936,-2760.464,320.94666,-68.94981,9.602948,-3.38145,-9.615425,-18.444693,-0.012268692,-34.13987,205.54608,-3.627924,-4.106533,1.1276741
44.794594,13.734034,588.3428,-4673.533,208.98376,-0.76976097,-115.85102,-85.40692,-5.933537,-4.686288,14.188768,-0.81063145,4.6133766,-0.05200916,17.454493,31.284275,23.824308,-25.163212,44.913845,-4.481893,-243.32217,-530.9466,-142.57817,11.515349,-2831.2878,-978.1441,122.936035,-785.8119,-8.55385,-3535.723,207.6085,-312.89572,-1186.255,-442.85837,78.33628,4.0719275,-93.764885,-10.721732,81.4712,-2.096088,51.461693,5.7830896,-11.645003,26.846209,0.4557062
3.0939746,81.83329,651.3699,-5906.2705,207.55745,-1.6276951,-141.20871,-86.16986,-5.419329,-3.238949,40.730614,-4.373575,6.7300954,-0.20373103,16.453384,21.694523,-19.61202,23.402567,-25.973019,-17.1134,367.53125,-390.3522,-131.0053,-38.25272,-1862.1123,580.60126,-3.4245567,472.9883,67.9894,1886.328,-61.655144,613.539,487.14954,-751.5429,71.76897,2.5656796,-37.043255,-40.518574,27.436232,-3.1061485,44.413853,4.7783036,-7.5425143,-2.582697,-0.38091052
-4.52858,206.06587,643.7337,-4443.259,270.06332,-1.5111427,-116.47289,-85.63766,-4.887063,-4.785454,41.006855,0.538162,-153.71754,1.1804519,-27.007198,4.3578935,-11.690523,5.572129,-38.03108,-250.15488,-205.81076,-248.36752,-181.89536,-19.130207,-2388.0352,-679.505,281.46756,-811.6244,141.01678,-3118.852,419.87006,-130.87013,-957.17346,-523.39905,-64.238914,4.345559,11.104852,-4.8239374,-36.636845,-2.5362961,-35.73834,1.5831395,-20.33171,-2.4029896,-0.38091052
-5.817975,163.75455,685.60974,-6079.38,237.46762,-4.448834,-164.55948,-160.26627,-2.7069135,-3.4118872,40.91101,-4.228229,20.45067,-0.27159747,-16.25723,53.618767,7.914824,-55.311974,60.084526,-80.81951,397.1675,-432.2939,51.120197,-93.23405,-1466.987,435.48648,43.479664,1221.0598,18.061579,4583.791,-165.78662,348.48438,478.33612,-755.44086,-79.11045,-0.13338363,4.0310206,-39.843426,29.588339,-2.3614905,33.90989,-42.0283,-19.566168,-2.5935142,0.28916457
-8.7838545,1167.9244,443.58624,6009.9497,324.10614,8.700445,-136.02428,-41.13571,-10.050896,-2.3614805,-91.81602,-2.806984,109.70267,0.694009,10.660527,-244.84766,-34.412224,3.0056663,-24.800508,239.87938,347.18967,-383.87662,-440.82452,16.380753,-352.66824,659.333,282.94492,261.64264,190.57495,409.185,24.170269,339.10483,-88.1243,-591.1583,65.37349,6.2348084,1.5798721,25.928976,8.150115,0.23278579,-16.049545,-9.505447,-11.287823,-2.711344,-0.38091052
-6.580439,264.63824,647.2414,-6180.367,154.01344,-1.982086,-138.15535,-59.05882,-4.5583315,-3.2575862,94.007,-0.82804,-44.355816,0.84721565,-17.134697,33.493404,30.84175,-42.64343,-18.013119,48.29309,260.11557,-769.75903,-249.13847,-37.23056,-2701.0903,-95.12351,-31.48307,105.33426,48.4255,-1090.2129,-593.8367,328.13754,-567.06604,-727.0511,81.31494,1.5701287,-93.06187,-5.5987897,-64.00614,-1.3108042,-44.875168,4.245257,97.68343,-2.44132,0.4557062
15.861106,202.96515,-1392.0629,3956.8704,286.4537,17.177633,550.9886,-170.07007,-5.476409,-2.7518668,100.189926,-6.291342,-87.565025,-0.66329455,12.74307,75.274826,19.154886,-11.326414,-11.402843,653.3761,-445.99686,52.650955,460.36725,-66.582794,1348.8328,99.210594,117.602905,94.61548,164.59102,267.47913,126.15882,-643.05975,-292.48434,656.7214,222.27405,5.2243385,-2.0837715,-7.5141864,-27.195797,-0.07580149,-48.87998,-0.541988,-26.537455,-6.09327,1.250272
52.89745,243.76225,-1503.89,3901.1538,278.72147,16.344204,366.61777,-84.6268,-8.929678,-3.4220974,72.39898,-4.507741,-21.181684,0.5184099,14.804734,119.76131,-16.715767,6.2366734,-11.272962,574.7369,-316.948,309.34515,312.5865,-136.78854,-1152.0907,223.3308,-23.509813,-578.1432,70.293884,-1798.0421,126.13642,-197.52455,-452.63345,631.46344,182.72849,7.3884706,1.3003491,20.383007,-25.8173,0.26206774,-44.560234,-0.62576133,-18.825813,-6.471372,-1.1257519
-14.371207,4.5099826,543.1545,-5001.451,220.20755,-1.2960263,-131.64684,-72.33105,-4.2501373,-4.7236185,55.01134,-1.2755262,41.468796,0.66982293,-18.005764,38.454086,19.959236,4.3183727,44.75455,130.94923,-190.54497,-162.36453,-216.58057,-12.166155,-2207.8928,-866.56976,-156.45041,-772.295,-38.644016,-3262.3828,190.37025,-264.39316,-908.70087,-639.8619,68.25234,3.4489338,-44.547443,-6.3082027,90.02285,-0.9600992,53.07399,1.9852549,20.918598,-2.5743315,0.4557062
33.795925,1009.9545,445.35468,6369.222,366.5152,10.022451,-151.41243,-41.796154,-13.517981,-2.5984807,-119.4473,-2.4089878,85.80321,0.4545596,19.19779,-295.85422,-24.433025,15.0947485,-34.921337,568.0039,654.60376,-571.69763,-398.00958,-54.056828,4811.1,-187.58072,254.36456,1072.844,83.59876,3811.6995,-0.50580317,3.8915448,85.48311,-699.2411,76.838646,6.129523,0.9118321,29.92074,-4.1871204,-0.35709226,-21.1687,-8.036664,-9.569213,-3.6483042,-0.38091052
-64.4732,-46.463955,502.09274,5258.3057,277.05728,16.232695,-114.17606,-71.26547,-6.846125,-3.3917253,78.17706,-0.8155036,5.260355,0.32951942,20.776222,-20.513481,38.28725,-11.952383,19.48884,358.9361,-307.9644,217.03351,420.74777,-4.0137353,-2683.7058,219.80992,97.12773,-404.93387,161.99774,-1708.1624,-1.5242027,-350.85687,-501.01083,758.8967,-77.14093,9.968262,15.241295,-11.746639,-8.470336,0.9537627,-20.963963,2.6682527,68.38202,-2.6673326,1.4168137
29.561255,-544.5015,-1153.4337,-4624.9473,118.05606,-4.880617,-57.230255,-178.9437,-7.372267,-13.797132,-33.634483,-2.5050344,6.2287526,0.0028598588,-30.211071,39.826107,9.577191,4.2697067,45.206303,-202.5741,-136.9283,-591.0747,-141.42752,-38.206745,-3226.6326,-1376.6056,155.50493,-1105.33,5.936265,-5512.713,355.45398,-1688.1075,-2332.445,-505.23444,-103.980965,2.8484347,1.4472389,-5.0943775,-65.30997,-2.1747603,-41.21759,-2.7844968,-4.945945,-5.4822245,0.28916457
-14.180138,79.89449,542.6001,5509.2114,-1092.7625,-11.649623,771.5709,601.0992,-4.3873672,-5.254931,85.08836,-11.007848,9.947747,0.85908216,-26.671528,79.57102,19.19939,69.059654,198.51154,509.95905,-55.452984,631.1411,468.9245,-53.534245,-1095.7195,1711.3058,-131.29778,558.1415,-166.12898,2947.2998,119.47586,114.623344,500.80435,691.1097,-121.610016,8.213855,-8.623341,-19.16646,-19.701225,0.1606737,-47.380436,297.72437,-43.1852,-3.8582473,1.1685233
-15.9920845,119.94757,578.2204,-4190.8594,219.82251,-3.977783,-101.56948,-79.78339,-6.104709,-4.761414,35.968597,-2.838594,-57.242523,0.1758514,22.133806,33.98762,-27.860367,10.848519,-23.683136,-120.46303,-377.16953,-591.8259,-124.37193,4.4917927,-2555.8533,-1147.7003,287.474,-915.20764,108.44167,-4311.0244,376.86148,-710.9741,-1515.9764,-347.5689,60.4783,4.1241484,-93.50975,-6.787817,46.968277,-1.8252186,41.68896,3.1906836,-20.063911,-2.5952823,-0.38091052
-5.685453,-626.2514,-1111.5856,-4890.7847,230.10364,6.05848,-71.9947,-115.0927,-6.034664,-5.2497296,-41.78511,-1.1563014,14.028101,0.051168576,15.356069,21.930061,20.636297,1.2584436,25.649914,-81.22366,-265.09976,-7.013048,-7.6828837,-10.054274,-2538.7212,-589.71436,327.0851,-651.44086,126.78408,-3353.8389,413.2219,-81.14451,-1051.2133,-663.9481,164.7913,3.052968,4.2182274,15.924256,45.344448,-1.9720367,43.54848,-0.19697249,18.473013,-8.737976,0.4557062
-6.0917997,-353.3779,399.32483,4710.9507,327.98056,6.0745115,-139.13606,-126.576324,-3.547118,-2.6372263,19.278036,-4.0505624,-83.761696,0.2228874,15.33551,68.40922,30.901247,-9.162614,47.26328,181.46556,-276.9065,205.63672,36.1667,1.0388963,-1773.9952,-1220.6442,53.034477,-929.53534,-3.2835906,-3793.0027,-1.9766097,-640.19934,-887.8775,577.3927,-65.77769,10.084698,2.202528,-12.886652,16.010967,1.539904,31.384321,3.9388416,-13.246113,-2.2414198,1.250272
-16.515467,145.23392,598.2767,-5747.926,222.90546,-2.881878,-127.31494,-75.0425,-4.3716764,-3.0925467,54.329952,-2.135275,-60.061638,0.580991,-22.83778,82.42982,-26.185476,24.379786,-22.67311,-45.880623,26.018888,-495.77448,58.803425,-29.579012,-1825.0728,276.00882,-114.447105,437.33875,50.719975,914.85333,-10.054916,419.126,156.94073,-767.8512,71.55946,2.099101,-55.80725,-6.086302,41.10777,-1.5859362,45.73622,4.3968353,-28.339102,-0.939877,-0.38091052
10.62171,67.29971,602.23663,-5650.661,189.96527,-3.4050837,-122.24143,-115.75546,-5.07318,-3.0241673,44.93102,-4.1962724,-73.11297,-0.023075694,10.4176235,38.611034,20.44497,-13.825005,-63.16439,83.08328,-2.2335496,-582.20355,-206.11241,-91.390495,-2062.7373,-46.616344,-153.00842,195.97528,53.05124,333.6495,-4.7591963,222.0014,-143.08916,-745.573,82.98911,3.2096694,-55.682632,-2.1668594,-46.67839,-1.271558,-42.482346,-45.45029,-14.539072,-2.1650693,0.28916457
-16.81786,-18.734013,656.1844,-5728.008,-762.9837,-5.9770303,-117.25995,-64.432175,-5.8705115,-5.0369015,33.608692,0.8239845,-67.192345,1.0497164,22.243994,4.7928495,9.75644,10.63593,54.6554,-12.56921,-46.339546,-700.74963,-123.16571,-4.9447055,-2659.8315,-620.8371,-81.924866,-829.6286,11.317477,-2977.4458,-121.03119,69.25026,-755.8101,-513.8681,-85.37058,7.0337567,-2.0504622,-2.3098154,-77.81927,-0.6333939,-70.79112,2.5619395,50.05952,-2.8259645,0.4557062
-21.080833,1154.0254,442.73956,5825.4775,316.032,9.466342,-150.18135,-28.685457,-5.670021,-3.0463243,-151.2506,-3.1351767,83.211655,0.63473547,-15.100312,-10.023194,-18.519009,9.649569,0.08715583,-413.77393,892.3389,-345.35974,-236.52135,-52.132755,-1359.373,679.4663,-53.939472,1300.4131,-52.90726,5356.005,8.29096,498.3849,831.7564,-678.5461,31.965544,16.672777,11.733443,30.408398,1.0500206,0.2869198,26.740488,-12.678627,18.421946,-4.7258534,-0.43034887
3.57156,324.99832,638.7105,-4853.7793,242.19792,-2.343425,-111.4514,-70.37419,-6.9217496,-4.7183776,60.23886,1.0548553,-82.77969,0.40165243,12.429639,-159.63034,30.487822,-16.413244,13.641362,-49.16325,-159.42935,-493.6491,-160.50029,-34.56673,-2244.4546,-618.2385,99.32764,-792.95166,-24.803625,-3193.865,205.25882,66.33026,-792.48096,-461.71326,84.73369,4.0048065,10.432421,15.645908,88.37546,-1.6478379,45.451385,6.882904,25.955126,1.2748497,0.4557062
3.652257,-575.15656,-1281.6414,-5184.784,173.96945,7.9453087,-63.031773,-129.96062,-6.914811,-3.9440122,-57.52035,2.1071277,13.133519,0.6075641,39.420284,8.599105,5.9724708,15.126,-19.979958,-190.1867,-68.62749,-75.30298,10.085813,-24.208523,-2111.1926,-150.94232,288.7861,-166.13786,0.16690068,-895.66565,202.0601,253.22658,-756.09296,-801.1847,141.36768,5.3784757,9.350712,-6.0038233,59.902855,-1.9426268,39.255474,3.671635,1.4415863,-9.978932,-0.38091052
-21.403875,386.0144,-1694.0725,4571.8623,-863.09875,2.3627877,670.56384,-111.29756,-6.535689,-5.2457976,147.13988,-8.656889,12.0941925,0.881114,-45.42702,-10.379447,-9.792831,-79.26311,-23.845394,698.1004,-27.647665,977.9262,533.9158,-72.45513,-1288.1948,707.0995,179.6205,1496.3358,158.32922,5286.6367,80.75833,261.79855,501.49905,805.0857,238.13812,8.173108,-8.415707,31.475937,-15.137674,-0.4718443,-52.408413,-6.747602,37.958267,-4.0463767,1.4168137
-10.237799,200.82698,614.9185,-5535.5566,243.92555,-6.358802,-133.70715,-83.7622,-4.826164,-2.9566844,30.68882,-4.3979907,25.394806,0.035378736,15.571148,31.57604,30.771523,-23.937159,46.706734,-47.12096,76.31857,-330.77768,18.68244,-29.884872,-1607.5774,127.67734,-39.49765,262.9543,-0.006842375,682.05475,-55.347366,489.98972,139.42503,-676.85156,75.91961,3.9711742,7.6008406,13.691373,33.6786,-1.0870243,46.58946,4.5412846,-35.87625,21.233345,0.4557062
0.34500206,-499.19983,-1328.0657,5848.742,-1364.5673,-3376.2715,-138.66833,445.10178,-6.4266768,-5.3538,-14.377955,-15.438529,-43.679325,0.3231408,23.16126,17.987051,21.975382,10.223955,34.06935,759.2104,-344.63913,115.49679,643.4785,-157.12045,843.0859,1446.1624,116.40756,233.86467,136.28389,125.03272,117.491585,-371.04697,-88.442375,40.170246,134.51219,7.6496778,-15.635849,24.500767,-34.302532,1.2778045,-47.34382,-22.473354,16.851677,-2.320029,1.2411437
-5.382906,215.47025,663.46497,-5541.7485,284.68942,-8.333022,-133.59052,-88.027756,-4.5864487,-3.013528,33.164505,-2.3187616,-11.785085,0.36454213,-22.075401,41.31347,-16.312473,21.781818,-37.611286,-265.54156,-14.279973,-321.78052,25.81099,-25.596365,-1591.8468,276.73657,-107.912315,284.08194,12.10865,610.8028,66.468666,483.5716,133.64262,-730.37463,-63.664146,2.634442,8.495905,-2.3937573,-27.585432,-1.447575,-39.99389,4.348783,-28.416208,-2.7709763,-0.38091052
-103.259926,-10.0702305,990.3069,-8986.906,347.58502,36.50815,-265.00858,-135.10208,-46.18934,-10.053775,52.63904,3.4905188,-96.25279,0.5913968,-28.200476,-307.73413,87.167305,55.425068,34.525497,-435.63348,1641.1616,2601.5518,290.5607,235.38805,18307.285,4077.4717,148.4154,3685.2058,-10.153638,13037.744,-676.19653,3043.7,8120.24,-657.32825,-63.955772,-115.29072,23.808508,-48.32159,-90.762184,-10.9376335,-60.90217,8.198332,-18.024225,-2.4739254,-0.38091052
-17.235435,598.27954,-2175.396,-6985.8203,274.72495,4.3187227,-141.59085,-181.42545,-3.6913974,-2.3385866,-91.612785,-2.7708368,166.0693,0.8609929,15.965447,51.965347,48.778557,27.148746,-10.497194,-79.40506,455.75983,-327.5331,345.08237,49.304752,-44.564163,941.8962,115.41136,1238.3805,-89.56142,6462.776,-38.19359,851.9312,3124.4175,-969.7242,-212.51273,-4.750297,-1.2308851,-11.290008,33.318367,-3.5338519,36.894848,0.5180905,-5.326463,-17.012718,-0.38091052
-5.5500174,233.18898,606.0451,-4927.2075,230.01656,-5.496788,-110.076004,-70.71338,-4.34703,-12.292149,53.577778,-1.9382445,-75.78683,-0.04503786,-21.398922,37.27758,9.1471405,-36.44175,-9.645336,-264.9598,-234.81596,-793.35767,-343.89404,4.560206,-3384.7476,-1226.1765,-141.67499,-1159.2842,-17.856825,-4828.1006,73.879196,-836.68353,-1853.3214,-419.057,-66.64992,3.3744926,10.242312,-4.9299936,-74.60175,-0.95725554,-43.594326,5.301694,63.376747,-2.2397351,0.2911339
-5.9973626,9.529145,681.6708,-5679.194,-815.7855,-12.130484,-114.74476,-42.985905,-8.224935,-3.5520294,41.622253,-0.3816469,238.34514,1.1778163,23.786741,-199.52141,2.1076381,17.07272,-19.580072,135.69427,24.06406,-482.41537,-236.63399,26.484861,-2224.9678,-102.84983,-49.854473,-56.021572,39.55348,-1124.4846,44.225925,280.86133,-518.99097,-730.35956,-43.76147,5.847782,-1.6601186,-4.3403006,-65.84077,-0.8288738,-65.429344,1.1054988,-4.664701,-3.0538087,-0.38091052
-11.790661,119.55807,-1541.5933,3786.4692,-686.29205,15.344983,422.13275,-61.79557,-8.025359,-4.103885,29.92824,-4.792783,79.097755,0.6086349,21.720558,44.219482,-3.0723498,-26.765364,-16.896244,553.3744,-305.865,214.84499,118.93105,-145.0834,-1576.9469,-70.20106,6.7961526,-460.2011,-82.57675,-1946.2627,23.452824,-300.4062,-903.5051,472.4265,234.00328,11.583666,-7.5712175,40.262764,35.31219,-0.8259575,63.459625,-4.4664674,49.16468,-7.4687815,1.4168137
-14.33362,-608.76056,355.2617,3967.868,-1011.15405,4.3222485,-116.12797,-37.457535,-7.3668456,-3.3111365,-10.1470785,-4.7384005,33.745785,0.8641037,-26.178942,35.148285,14.920868,-11.5247345,16.80498,415.7083,-409.4433,63.76406,-81.453186,67.086655,-2240.2517,-1464.5198,-146.99994,-951.81226,-229.53362,-4325.449,-43.39332,-620.22253,-1185.8661,476.38074,118.74448,11.83836,-8.88988,29.112267,-28.12191,0.5680458,-54.88635,-5.0865808,26.323982,-7.520433,1.4168137
-2.6454902,212.9999,647.1304,-4729.038,242.27307,-0.17174803,-116.82415,-68.21833,-6.721085,-4.690202,24.082312,0.50351465,13.050539,0.43416387,12.771926,-111.928055,31.049685,-16.29393,8.9261465,-39.68061,-143.72556,-292.63034,-186.83441,-1.4832271,-2280.2327,-626.3029,120.69614,-777.4833,138.20251,-3125.1675,371.13455,103.8388,-777.4407,-565.8077,83.501045,3.862038,14.136164,11.020943,-44.007645,-2.2559004,-37.179146,5.8752513,64.160736,-2.5265234,0.4557062
119.74679,-889.79645,-2097.476,9110.7295,-1719.3159,-4950.0063,-286.35318,944.46625,-26.048138,-18.73973,-36.85457,-31.249405,33.690197,-77.287056,199.44986,-70.607124,-27.743864,-51.032585,-86.016525,-146.91661,1197.3894,3094.2378,1155.6975,159.77892,24750.277,4421.3975,45.11609,3700.0251,80.44361,14652.061,-595.0959,2681.3445,7750.9473,285.18796,-22.811323,-5.731668,-13.422405,-58.81933,59.420006,57.38891,73.402054,-23.976023,-13.69745,-12.041934,-0.97057134
-45.40966,-302.4827,-1429.9384,7205.2627,-1487.5203,-3578.8196,-211.01387,768.7036,-5.195555,-4.7234497,14.136491,-15.521255,153.7711,1.7948716,30.926683,45.14858,20.25364,21.487356,-149.3652,1389.2506,-6.8723173,72.4016,1158.8323,-105.076,4903.1836,1247.182,554.16254,1193.9202,222.07053,5078.9487,54.78745,-31.801981,1718.2617,442.92606,-146.52171,4.280308,-16.46821,-19.817411,-28.362165,0.20700817,-35.475796,-39.853535,18.480345,-2.5798717,1.2411437
27.55631,-462.9785,-1388.2157,7231.0654,-1615.6702,-2527.0322,-220.21631,999.9036,-10.573177,-17.156664,-13.314632,-32.996243,-164.71841,0.36729088,17.650972,94.2911,-23.100975,-64.71771,22.309301,571.0077,297.62354,634.45374,1286.941,-154.80151,6433.9907,1746.2644,543.07153,1498.6652,26.529976,6771.518,184.16911,1827.5314,2718.705,535.7499,-203.04367,4.5590615,-14.9160595,-20.83159,45.500153,-0.35335174,43.881134,-24.17653,-8.334549,5.416894,-0.97057134
-0.52722025,353.5028,667.66174,-5315.881,-724.6084,-11.717378,-104.64231,-49.607574,-7.527973,-5.533095,47.596222,0.68654776,-29.411493,0.632128,10.092508,92.54127,1.4366164,-34.366066,9.031193,36.320396,-243.76964,-858.727,-179.55573,-37.92878,-2701.8213,-1037.2676,-95.03249,-1214.3054,5.0265603,-4593.706,-13.599652,-630.8285,-1520.9569,-450.86432,-93.268425,3.6796641,3.7008092,-4.989912,-82.83761,-0.49255782,-68.305504,3.2684226,28.185835,-2.196936,0.2911339
-5.5869217,430.42776,740.3367,-5073.5874,-893.7665,-12.025418,-110.1104,-45.87788,-6.5384426,-3.2432368,50.01839,-3.7196317,-37.014202,0.61999536,21.240364,29.695084,-9.565871,10.757344,-23.195478,51.85027,17.041397,-269.61716,42.072113,-4.898497,-1638.0868,-90.647705,139.17345,-126.36174,9.103473,-1027.0702,244.71138,385.20563,-576.3648,-697.8909,-72.24396,5.3092737,2.5522082,-4.4650245,-70.77952,-2.2470767,-59.615044,2.9935992,-7.720758,-3.4768226,-0.38091052
-10.769882,160.39291,-1360.9023,4028.3706,319.34442,16.60968,471.57205,-49.228115,-3.9412556,-2.7320302,97.39541,-6.5062437,85.54741,-0.32097656,28.373867,36.050705,14.6431265,-4.0132136,4.4572744,713.5074,-348.0468,38.0674,348.52783,-193.64117,1323.3112,290.64468,40.474297,61.09238,80.66708,68.10744,96.78363,-587.67926,-380.3956,623.6945,172.44008,7.7835627,-0.38033715,17.87348,-26.145983,-0.026339157,-45.246788,-3.286568,42.815174,-6.444844,1.4168137
-26.42411,-537.181,448.7032,3833.195,-919.50336,1.4160877,-119.562546,-96.391785,-5.5089025,-14.605815,-21.197575,-2.788484,-66.57939,7.8570924,-20.333351,21.451101,23.197123,-11.996684,32.04308,78.2598,-167.65105,-678.4448,-199.95047,67.43714,-3024.3833,-3754.2375,-308.38412,-1844.9966,-242.94472,-6382.023,-10.016797,-1640.4551,-2772.1685,454.31818,-94.989555,13.109894,-7.9472904,-9.993829,-32.445076,0.68036467,-56.711628,35.64367,-10.690241,-5.7072835,1.250272
4.5350595,-20.134672,660.9201,-4971.311,-851.22,-6.7338233,-116.95948,-124.14751,-8.736153,-4.8959246,20.382502,-0.29076552,-117.49179,-3.4523618,-40.660095,-279.4853,9.805434,-33.14343,50.882214,-77.06141,-292.3727,-523.59406,-128.55894,6.868626,-2128.2517,-641.49207,-97.022835,-790.28394,22.838978,-2923.3982,197.23143,-224.39183,-1065.0123,-437.77475,-99.54691,4.546915,-1.1722256,-4.6988764,-77.7259,-2.1078331,-56.455128,-33.613476,-2.784312,-5.87334,0.28916457
-22.669935,847.1777,974.047,-6433.747,278.12796,11.375082,-242.89926,-170.19962,-9.050286,-3.3409996,58.705643,-1.6040394,-26.747686,-15.631931,16.888878,-99.592384,-26.747587,65.87054,112.68545,-366.97998,1687.3333,-165.37971,622.22217,12.56671,6262.1333,1129.1455,156.10168,1363.791,241.11874,7014.944,369.25464,2355.2551,4975.1753,-621.6037,-82.77176,-27.375378,0.91855633,-14.012249,-40.450016,-16.314423,-31.484705,10.501236,81.5215,-4.433438,0.4557062
2.4614155,-647.0809,-1329.809,-5582.174,236.81998,5.429609,-76.736206,-111.05293,-6.7830215,-5.3824825,-68.722046,1.8721206,11.789473,0.40218475,9.763811,82.633224,-8.661685,17.847692,-15.696624,-173.41873,-126.09877,129.2908,23.232971,4.6536627,-2258.2415,-15.94893,-135.45119,-528.84973,-0.91492826,-2669.7058,172.44688,328.91574,-450.29337,-792.8387,142.48674,4.4050975,1.1055735,14.039787,64.62243,-1.063087,46.948513,2.2187922,-2.6594057,-7.4590387,-0.38091052
13.231437,-399.88928,-1289.6515,5422.195,-1257.9895,-3496.0566,-110.74201,774.6199,-7.586517,-3.6930065,-71.481155,-5.018453,22.116297,1.1760833,9.050254,-352.39444,35.27287,5.8979445,74.087074,641.29285,-560.3809,190.31187,337.72238,-101.30728,-461.6266,-50.961796,106.767235,-431.3244,134.27632,-1274.3136,139.67786,-291.91312,-726.59265,-169.40337,99.847084,9.495106,46.0902,-11.940851,35.93818,0.5894641,33.927082,201.75694,-6.234297,-1.9689698,1.1685233
38.179947,905.1633,423.98828,4723.755,258.89798,7.659106,-120.29359,-15.844709,-8.443573,-2.7856057,-94.42058,-1.9818035,135.85197,0.68725085,-14.997182,-245.17479,-21.452255,3.0784576,-23.382977,173.34644,6.3552394,-442.28638,-367.26358,4.496934,-1898.741,-1352.9435,-15.833465,-894.928,29.720304,-3934.469,39.544907,-603.2291,-872.1036,-173.15239,39.300957,6.985223,7.0084987,25.116087,2.7133865,-0.5067347,24.18819,-9.526857,-10.324905,-3.219657,-0.38091052
-11.982867,394.83606,878.5723,-7312.2114,237.02435,-1.8445666,-188.57141,-176.30418,-2.6629329,-4.306275,46.048893,-4.7458215,-136.60213,0.23346712,-3.3133883,75.196495,-76.08575,-15.657319,-81.39441,73.67108,799.4878,207.50237,111.91078,-42.53924,-149.33008,1056.6599,-211.19087,1623.2891,-65.01296,8164.822,-428.84036,1857.5006,4456.3823,-776.3343,-76.041855,4.1367226,5.8768578,-2.4778337,-22.153955,-4.497993,-36.015633,-54.602013,-43.05702,-2.072908,0.28916457
-15.862018,98.913376,789.4358,-5631.9434,-987.4348,-13.796941,-163.3726,-108.25377,-16.473774,-5.025614,-17.563725,-5.1446905,-49.671783,1.389665,18.049131,63.637638,-6.281669,-0.7195804,-24.186844,236.24524,580.9484,70.531906,-7.0504436,-81.56174,920.51154,610.2685,367.4042,1131.903,331.01968,5239.771,526.71295,472.6879,2149.0583,-743.5803,-92.86194,6.565263,-20.089592,-14.003704,-52.841125,-10.920011,-63.136135,2.1858127,-1.4896634,-6.2974563,-0.38091052
21.154394,-545.44476,-1118.9148,-4634.6787,122.00858,-5.6838837,-58.722885,-183.70375,-7.6958675,-13.808089,-39.129017,-2.5102437,-18.98594,-0.012730412,15.180616,34.040623,9.41851,0.33422336,44.507668,-201.10121,-98.80886,-346.34186,-102.26861,-4.5389786,-3103.6226,-1153.5833,136.10002,-1062.7971,-2.2698696,-5185.5728,370.64975,-1273.9009,-2109.7314,-502.9703,-117.74956,3.0501904,1.532528,-5.0005946,-63.103096,-1.7464715,-41.967255,-7.9656754,-4.656376,-5.4558525,0.28916457
-7.385687,1036.6838,465.7535,4188.1074,306.02762,8.559604,-117.02543,-49.48034,-7.5872483,-2.8972442,-83.745674,-3.0127316,-11.351132,0.67682946,-21.29658,45.70882,-28.855444,8.722895,-30.418577,207.32558,-7.3594904,-218.70857,-326.04852,12.566413,-1669.6549,-696.51495,-278.3147,-859.7967,-242.55779,-2925.999,45.908962,-438.34595,-650.4146,-387.27304,-57.72644,4.482611,7.876316,-9.92347,-0.97176355,0.20563331,-28.43723,-8.22324,-7.166843,-5.0500493,-0.38091052
-3.2587843,-501.9027,445.34637,4928.8423,-1309.6,16.456322,-112.07741,-51.41079,-6.629472,-2.8267972,24.290157,-5.8222666,-71.26735,0.3810667,16.06888,49.73355,-18.67502,0.221506,-26.419758,626.2006,-310.45886,130.06009,267.56934,-79.18737,-1302.3589,255.88623,-15.031438,-181.06583,-86.1157,-731.3719,-0.27974766,-79.99867,-836.2956,658.8855,-92.072136,11.995058,-13.710525,-11.198046,-31.119326,1.2966326,-50.71932,-2.4144986,-9.1386595,-8.755877,-1.1257519
42.97769,-612.8983,-1096.956,-6730.021,90.22577,9.010589,-175.22948,-101.95357,-6.9699554,-3.9723039,-127.76174,-1.7552959,41.189472,1.2006125,2.2369275,-30.422752,24.294676,6.894513,-22.197746,-34.371025,474.1051,347.97195,446.1867,-86.56692,-1836.4852,620.43176,115.412636,1098.0878,-65.21534,5841.8037,65.56568,626.84644,1949.9092,-974.8075,179.8146,1.0257705,87.98147,-11.423433,32.433704,-1.8273238,30.756561,1.3306972,-2.7596598,-5.642241,-0.38091052
29.359825,-914.7767,337.43848,4500.5093,216.144,18.070839,-114.74168,-54.25096,-7.8397055,-2.8913085,-139.62086,-5.2093205,56.793297,-0.031147588,14.045844,25.856316,22.171926,-21.328932,-36.49377,633.7936,-325.05777,269.30676,-384.12183,36.65105,-1842.3181,54.68484,-125.37249,-466.24496,-85.77191,-1890.2914,-3.1439707,-146.94768,-620.2316,628.37103,46.039055,10.71374,5.9120903,25.123972,-5.5126543,1.0576667,-28.440351,-1.1153729,21.83692,-9.858556,1.4168137
10.057397,268.7829,-1612.1959,3351.038,272.18503,-0.8566762,362.28842,-109.52341,-5.970162,-3.4746275,1.9221759,-5.203856,4.615161,0.038082857,24.675917,31.506674,-8.1607065,-0.8445711,-16.186665,276.01276,-202.24657,267.49728,-13.7114,-95.45807,-1572.4081,-670.66846,-7.203889,-821.55835,-91.573845,-3431.2676,8.30044,-559.4468,-729.60034,349.50638,-148.05692,9.101839,8.54,-9.317215,-22.490416,-0.7626503,-40.434532,-2.2706263,-20.636019,-5.0828495,-1.1257519
12.85174,-243.26497,-1278.6648,4184.2017,-926.2495,-1727.2292,-106.69835,616.72156,-4.9074707,-15.386868,-16.194115,-12.441303,117.071815,-0.5569432,40.891956,71.14404,23.650764,-8.773749,161.57358,303.4655,-488.30685,-718.4921,-29.86035,233.18999,-2720.5303,-2655.7214,-211.14412,-1325.3557,-237.03606,-4974.455,64.25262,-1354.7596,-2150.7617,342.47775,-102.62187,9.616211,-3.9334939,-11.256248,38.693806,0.8178055,62.91358,-25.637197,22.706444,-2.8643312,1.2411437
-14.725711,-386.89474,580.9454,6313.383,1252.1615,18.868876,-194.92596,-95.41231,-7.96794,-2.6087966,39.936592,-3.3342514,30.273539,0.4492833,31.992126,-384.4796,-24.471895,-1.9370692,-26.756351,689.47614,-103.51347,118.31803,447.96606,-184.10503,3243.51,1103.2842,306.40424,1276.5792,179.12589,4902.033,87.605705,-49.262856,114.77357,1089.3269,-80.085945,9.322232,-25.902643,-13.083363,-68.16695,0.57612,-42.76623,7.4090433,-12.15288,-2.287076,-1.1257519
-204.22581,50.658886,685.45166,-6608.7637,374.8344,1057.0923,-232.20085,-154.93942,-67.487564,-10.1587515,86.19295,-22.916977,296.24557,-24.761045,24.668257,61.323185,96.94773,54.02418,34.906487,-439.842,2354.5618,4355.4604,745.50775,404.17163,25003.326,4140.8853,87.28121,3740.9954,198.57512,15009.73,157.38173,2282.0247,7868.0356,-231.59814,66.78648,134.40465,11.005697,0.22066551,67.951546,276.67535,-25.556965,8.427045,-40.803112,-3.6867504,-0.38091052
-59.664227,-186.77692,447.85382,4833.1514,1121.8213,4.0271363,-135.52037,-66.29755,-4.4677334,-14.304207,10.133409,-0.31376398,-101.167336,-1.8584723,-20.1707,-27.02086,-34.93924,2.871227,-21.962757,97.04226,-234.7306,35.75119,224.00774,92.26309,-2843.8677,-1870.5251,87.495125,-1155.9706,-23.65742,-4362.543,-62.951904,-869.6542,-1369.9346,502.6296,83.53974,11.244524,18.710623,-12.4010725,37.67186,1.2421426,40.74575,8.469507,-10.511936,-2.8325853,-1.1257519
-11.371242,-840.46655,371.89926,6032.499,262.37634,12.119137,-187.60759,-82.42126,-4.0607114,-3.4546323,-146.70924,-8.8963585,58.864807,0.10602779,20.387972,49.424683,25.821798,123.6793,20.715343,1075.2699,-7.940039,138.59706,-279.29822,-42.223454,1108.7094,797.4699,120.06098,1408.9703,227.19505,5282.722,50.176193,198.98474,424.05392,1023.8394,73.74368,8.491291,3.5990565,38.724052,9.500849,0.32375762,34.832985,1.8216323,-16.578892,90.80749,1.4168137
-8.2711935,217.18689,-1424.9523,-5865.905,-621.25195,5.1609917,-71.81606,-98.1413,-6.521474,-5.4707165,-89.61602,-0.35912418,60.171146,0.09394744,14.459413,35.49563,-16.315357,-33.312782,-41.970516,-113.72908,-146.79012,-701.9762,51.034588,-5.1367235,-2446.2114,-399.67242,-66.42278,-799.4164,15.55548,-3562.899,37.574425,-207.3048,-1040.5646,-517.1906,236.96149,4.282263,-3.0840433,11.039636,-70.04341,-0.80442923,-46.33068,1.4262102,10.622984,-23.26337,0.4557062
-5.5320644,157.80385,677.80145,-5118.974,282.18973,-4.941753,-140.45087,-171.91438,-3.7604558,-2.777574,55.848305,-4.846609,-86.310875,0.074894235,10.242077,33.823467,10.65787,-48.35396,38.373856,-67.35909,-50.71155,-300.91318,-21.726177,-28.803684,-1199.2839,87.7847,308.48703,427.8068,-5.0214424,1918.1995,104.75271,406.86578,166.56703,-669.1059,-75.79263,3.423184,7.5278635,-12.62323,22.67684,-5.040041,37.712563,-38.26654,-8.30866,-2.9042492,0.28916457
-5.284808,1151.5554,465.97522,5215.4556,353.72324,8.094458,-93.13848,-34.732536,-6.7537746,-2.3886223,-93.68461,-3.3026376,78.65029,0.68694514,15.467179,-23.903683,-12.389621,7.548097,-30.11098,171.60829,0.2102578,-369.40973,-455.49655,12.3424,-700.35974,-129.74533,62.182053,-169.75363,-96.18472,-988.4761,0.91481036,-65.31524,-865.67474,-540.69794,-52.988388,12.1916895,4.3756495,-9.027665,-8.469448,0.80936486,-18.76811,-13.01098,-9.010589,-3.1679175,-0.38091052
-57.755543,-444.60355,-1418.4956,-5247.15,308.32977,-0.8812017,-85.4005,-165.41302,-4.9626007,-3.2868195,-46.36468,-3.0092802,-52.501526,0.48344696,-18.744724,66.63165,-9.98122,35.751385,118.09884,-171.0069,165.09894,-197.13322,154.39268,-38.222633,-680.3018,127.30602,497.75595,67.06423,112.65585,652.87036,507.92734,191.77979,-195.19398,-752.016,-128.618,2.5145128,10.774301,-3.5176113,-26.106081,-4.6391826,-27.878685,2.4617856,2.9111934,-8.777935,-0.43034887
11.379488,253.48346,-1288.3834,3799.3884,283.86963,18.975733,471.81393,-83.3516,-7.23806,-2.8074234,54.23789,-1.8395422,-87.83719,1.6715596,33.044773,-194.88597,-24.825323,1.4373063,-12.634895,436.7777,-318.23416,184.40866,199.89001,-100.91444,-914.29047,204.48338,21.196133,97.36719,-23.169773,431.1721,89.856346,-99.30757,-510.62122,701.26825,180.04286,6.8522687,0.358345,26.958975,29.145857,-0.75192547,81.39587,0.80624145,-22.677334,-6.5407557,-1.1257519
-7.6112676,489.36206,-1688.9092,-5465.004,257.97678,0.098848805,-70.14101,-132.72089,-6.237054,-3.3602874,-72.65755,-2.5821593,132.53098,0.19874352,17.298597,30.41906,11.596492,14.687234,-17.201183,-214.8167,116.116684,-412.59824,163.24976,-30.017908,-1316.7059,713.1726,275.9749,262.5842,-11.16677,1208.4412,254.9222,534.75214,413.5571,-829.40857,-160.55617,1.2091612,-3.8482373,-7.914004,36.77919,-7.757311,35.819695,-0.9723808,-0.56980836,-21.91495,-0.38091052
-8.607771,374.63022,599.85504,-4807.9453,244.37474,-6.3922668,-89.95016,-71.097946,-7.9390793,-11.991568,41.813423,0.010929942,9.447854,0.013160705,-37.33773,-0.16139431,2.9644997,-55.938225,63.612362,-301.3444,-198.70473,-851.57855,-391.6803,-58.905815,-3490.6921,-1438.8853,-68.09835,-1295.2374,-38.901295,-5791.085,346.56158,-1658.784,-2383.5752,-386.20596,-66.32147,2.702182,10.952753,-5.1637106,-85.276184,-2.0138865,-43.415966,3.3800492,29.050528,-1.6576035,0.2911339
-5.2341704,19.643879,491.4178,3942.6057,-1088.6147,2.278048,659.8618,167.52342,-5.931551,-5.532914,20.702717,-5.1311126,-64.97318,0.9928186,18.087914,53.649956,-20.850218,-5.7166467,-42.26312,353.393,-301.75134,-25.049139,-314.88818,21.494793,-2270.5696,-1986.0284,-254.25026,-1171.0365,-196.9236,-4688.871,-1.5044265,-697.98706,-1558.6588,220.31847,-96.05912,11.480474,1.4346207,-10.443892,-26.899767,0.7505927,-49.694466,-24.485203,-29.395632,-5.6419935,-0.97057134
31.78061,455.30405,661.85443,-5180.1714,289.75522,-3.6886106,-126.96853,-65.645935,-7.0193186,-2.8451161,64.651955,-4.148892,167.26102,0.1489205,33.48787,13.474216,4.743598,16.73377,-21.728447,-109.525894,148.61954,-258.3702,47.1051,0.99977803,-1152.718,540.0432,236.5639,444.60712,-40.141907,1305.8326,402.7967,568.4854,445.19836,-678.7254,-31.20201,3.168301,3.737035,-8.678387,10.358701,-5.9248652,38.54225,2.0123048,-6.5397053,-1.8762712,-0.38091052
-14.838168,-3.742341,763.4189,-5747.9707,315.33197,-5.681924,-143.8865,-125.71891,-7.134533,-2.4406488,2.8674731,-3.769868,-97.78864,0.3069758,-24.19018,105.20207,13.5620575,69.97298,163.14278,111.31267,-153.90591,-859.1429,-420.35822,-42.725533,4152.5356,-1261.71,107.09998,-61.54343,13.723199,-671.32605,399.7422,-687.634,-1189.823,-599.016,-71.51591,1.3776413,4.6925817,-8.633648,-123.609985,-2.972212,-37.50409,10.62804,35.493378,-3.162845,0.4557062
-5.5896244,87.86884,589.9304,-4440.3574,239.94041,-1.2433798,-111.640945,-75.729,-5.988655,-4.747934,28.357656,-0.71103954,4.223194,0.50364697,-32.762947,36.62777,24.86703,-29.432838,-0.19991751,-6.984277,-268.6313,-412.84943,-170.37578,-9.681577,-2430.7415,-850.7918,199.2009,-760.54926,85.665726,-3519.9514,191.4655,-225.45537,-1068.7246,-444.6104,78.58202,3.3421843,13.309423,31.296673,75.35051,-2.3933709,45.914364,5.8162613,-4.756842,26.595556,0.4557062
-4.2414017,171.03186,442.4263,4521.234,337.25858,8.121158,710.3907,308.50763,-5.5407734,-4.2097673,16.30381,-3.095562,28.971775,0.57654923,22.92891,-2.3996906,-43.821693,-6.512574,-56.745224,212.50693,-184.50665,215.46877,-65.37429,-2.8546712,-1344.0724,-1086.6113,-268.1686,-853.5452,-52.93504,-3875.7075,-11.597869,-610.7812,-912.14044,250.07898,73.5357,9.303592,8.7599745,24.747065,-11.532632,0.2979778,-33.147392,-15.672911,-35.098576,-4.516827,-0.97057134
-20.868242,16.622402,501.6985,6152.8687,-1358.136,9.044916,990.9434,280.75092,-7.6449366,-6.41285,47.140358,-11.034418,-41.604374,-0.06790168,21.05688,79.487816,-40.31796,-22.721025,-62.8546,922.2954,181.59059,-40.61629,298.95844,-93.08871,4800.3276,1604.5955,-157.60309,1338.3462,53.360607,5394.438,169.31107,647.1211,1647.859,795.3568,95.85059,7.641754,-12.37432,37.992313,49.468964,0.31762147,59.386265,-33.698097,-45.01345,-5.0414386,-0.97057134
-17.077976,893.3988,453.423,6439.3174,352.83478,10.021583,-150.25075,-72.33827,-5.2786684,-3.0090525,-108.965324,-4.558005,-91.65656,1.4202679,-39.938114,91.5925,-29.146553,5.199644,-27.096773,848.27594,326.7361,-504.9658,-309.58606,-78.12909,5430.7207,-217.33163,-65.81464,1068.9847,208.56874,3371.6323,69.28733,174.28954,12.74342,-728.4016,79.950455,3.8103895,-8.949767,-14.2705345,-8.650024,0.06848027,-31.056353,-4.541899,-12.027986,-2.8472266,-0.38091052
-3.5871298,-453.88974,-1377.824,-5162.6597,171.45142,2.507194,-54.8229,-153.87544,-6.878315,-5.6489463,-35.775753,2.2234576,-3.9772415,0.39693645,9.770472,-7.8343678,8.735455,9.56564,-25.738924,-213.38736,-146.1735,34.40186,36.91575,-23.039759,-2316.676,-184.38086,207.954,-430.88525,30.420095,-2196.6475,373.41,381.55447,-619.7204,-751.49835,-133.06404,4.0953984,1.6567698,-4.7346573,-33.99721,-1.9615939,-32.483364,4.0925794,1.8424273,-8.832353,-0.38091052
-20.75181,398.3853,-1637.9716,4392.911,-813.7284,-6.9824057,598.38196,-86.61967,-7.5491743,-5.340997,101.47375,-8.030474,126.00578,-0.59945714,22.722582,4.3090696,-11.212842,-66.45895,-19.229706,544.8991,63.354992,713.9759,465.88644,-57.742226,-1270.1622,444.13284,-86.75689,1402.023,-132.34917,5090.692,-33.563023,240.2726,465.9942,713.44855,245.7888,14.188223,-10.779489,50.832485,24.938423,-0.1032151,59.179104,-7.7277474,55.677166,-5.382197,1.4168137
-11.9541,103.89698,-1631.5724,3349.44,-822.52435,-2.9412072,386.83762,-107.13749,-6.3128457,-17.043379,15.8634405,-1.1408147,4.619922,0.33347437,-21.463266,93.38635,-2.4934037,-5.5911713,8.238512,272.21802,-374.70068,143.8471,-172.16893,-186.4714,-2164.6538,-1628.9928,-10.635399,-1030.7607,-157.9228,-4316.7124,3.317766,-686.1299,-1293.6324,362.8085,-186.20071,11.104271,-0.467247,-15.546385,-29.468832,-1.2372551,-50.50875,-6.7677274,48.92155,-4.7462616,1.4168137
-3.2856092,1345.9092,726.4532,8089.3696,287.4641,8.28338,-178.02306,-110.11735,-5.285226,-3.187477,-135.47018,-3.4549887,-78.2644,1.5359814,3.3193665,-40.760277,30.885117,44.715115,35.411068,703.4064,1968.4261,-223.60426,-299.30045,-223.08324,5177.2036,1605.0477,652.5832,1366.0381,316.138,5768.5903,135.6323,2265.5103,2575.7346,-718.0501,-88.36577,5.012006,2.0037873,-14.240982,9.536671,8.337088,33.65154,-14.5709715,51.83384,-4.6836686,0.4557062
-8.929278,269.7273,649.44086,-6057.194,246.92358,-0.45712793,-153.55531,-88.613144,-5.7525654,-2.816857,70.613625,-2.1480029,12.331193,0.4257028,-22.668524,5.430272,26.596205,1.3425103,45.301125,-62.930397,209.94104,-434.8146,39.49471,-8.770373,-2176.9985,482.3008,-2.0386863,401.26837,60.71791,2119.9233,-184.19666,437.94922,355.6147,-765.27094,91.01834,1.5581743,5.155156,11.503181,38.683525,-3.43148,45.003258,8.083202,92.94484,-2.7156122,0.4557062
11.389129,-65.73351,423.71234,4346.839,286.72662,6.61835,-126.01266,-60.4107,-7.711325,-2.892754,-19.242973,-2.6057642,-91.63354,0.21002048,-29.625282,-22.435415,-30.083458,-0.8957957,-24.765482,128.34892,-309.12744,146.78651,-80.3491,0.6305794,-2121.2788,-1628.3953,-97.0198,-955.46375,-150.23737,-4215.4546,-29.493898,-674.8974,-1155.1532,480.913,-64.2891,9.870852,13.606971,-13.895309,-6.038929,0.116235584,-16.105936,-0.08843899,-15.327303,-2.7863696,-1.1257519
-6.0041723,126.36832,619.91486,-4381.472,235.92923,-5.033339,-97.11546,-73.94013,-6.2557187,-13.076626,29.973673,-0.90199715,-61.425495,-0.119388774,15.116966,91.84943,-12.816364,13.611485,-21.955534,-294.65643,-272.91367,-651.0894,-108.33027,43.1926,-2989.4155,-1180.303,199.41687,-1017.47943,104.72163,-4387.7915,463.42407,-843.5664,-1548.1648,-348.20248,-47.910374,3.969438,10.734508,-8.244027,-45.53734,-1.8312201,-42.947037,3.5756187,-6.259422,-2.186256,-0.38091052
-9.025355,665.2671,-1569.2623,-6114.52,239.49937,-5.3572574,-88.27567,-154.04834,-4.756503,-4.111184,-20.499054,-2.336466,116.26967,-0.022435112,-10.157044,40.725407,6.422706,-23.94783,45.273716,-68.3689,155.40889,-375.48767,335.22745,-34.645317,-1524.1401,598.6819,160.24149,1174.1787,89.218315,4844.327,192.2419,359.0703,560.3944,-904.3419,209.3849,-0.50246555,0.06135694,-6.612787,-25.645481,-9.0748,-22.373388,0.7577707,-7.2757535,235.02773,0.4557062
-20.190939,176.49135,-1849.0199,5024.605,-1207.6042,9.707163,806.46857,-127.65667,-23.183247,-6.788139,63.25993,-2.48972,340.7147,-0.34028283,-37.56506,-153.35828,6.7064943,3.5472567,-12.552291,812.6466,181.30333,892.22906,1101.9822,-135.53616,7359.252,1770.9833,248.4315,1495.1089,74.76133,7140.656,176.2667,1979.9146,3205.6643,684.5616,273.6612,2.05798,-9.302944,36.510227,56.89231,-0.74204785,66.71094,-0.16594708,-20.37312,-5.7866807,-1.1257519
-10.237852,4.6068125,433.12027,4797.3325,285.45297,19.967337,-137.02367,-62.58561,-6.639877,-2.129796,-1.2652524,-3.6492121,-81.013084,1.5111161,-11.4002285,-21.450912,-29.941181,0.18573895,-36.300236,423.5164,-229.08864,77.63732,89.31205,-20.83175,-1156.1898,406.8931,-143.42366,157.74742,-175.54538,354.72763,35.041306,-44.85586,-543.0479,636.10406,-67.610016,9.06459,10.186256,-16.876574,7.858431,0.0088278465,21.399626,1.6986275,-15.908061,-2.7169912,-1.1257519
41.623466,-266.45047,-1409.9596,6193.9463,-1230.7665,-2419.659,-168.19135,653.5299,-9.077715,-10.140976,-20.195549,-13.103069,6.4980288,-0.64870375,9.083488,-228.7451,-21.669008,-16.040588,21.676306,1136.878,840.18695,630.6788,744.4513,-173.4747,843.11224,1829.341,-191.29932,1596.8947,-122.14661,5671.373,10.179074,671.46875,2109.436,513.2899,-167.11145,7.269657,-16.723179,-26.226665,-40.307198,-0.22080012,-30.963503,-32.78305,-4.6524243,-6.8222146,-0.97057134
-29.94124,211.72475,475.36453,5804.4688,308.72467,4.0773544,-194.14786,-33.592236,-9.32897,-3.1138656,10.2010765,-10.921239,136.97066,0.22754706,-28.239382,64.688385,-35.730827,-5.7656326,-29.72391,914.03143,560.0202,222.86288,284.48212,-82.84528,982.91455,1444.3054,-272.88904,1371.2229,-145.77676,5431.929,59.507504,125.87321,1618.9526,993.7915,65.505554,14.067041,5.2410235,198.53856,18.286549,-0.06539832,35.19668,-1.320038,-16.689085,-2.772854,-1.1257519
-8.656244,274.2988,458.10532,5383.578,372.42975,18.308825,609.38116,123.09652,-4.440473,-3.851121,58.95123,-6.0845237,-192.43883,-0.3823944,39.962864,37.641468,-16.599083,-10.076466,-63.121784,473.60602,-337.46417,183.44989,518.57385,-21.408741,-820.2991,270.98984,177.91278,-142.65616,-25.173662,-950.6471,34.060226,-127.55766,-751.75586,563.3364,13.431419,8.370664,6.6869116,21.190014,-7.532177,1.4627498,-34.279842,-14.304207,-34.906906,-3.6124,-0.97057134
-0.16865112,-100.15598,-898.1661,3942.534,191.6081,789.14453,-107.271034,-14.230944,-8.676738,-2.7258437,-7.439489,-10.314285,31.874666,-3.1946273,-74.152,-57.885715,-8.613232,-4.6548786,-15.512093,330.58328,-356.7951,306.08725,165.11697,20.891443,-1781.0426,189.45573,-154.57443,-728.42114,-129.68628,-2607.1865,79.33268,-339.83676,-613.5591,425.15924,-29.731522,14.096114,7.307299,-6.5166526,-10.620032,3.8432293,18.583775,-4.080102,-15.083593,-3.4749355,-1.1257519
62.02988,309.81024,640.08716,-5358.022,283.85648,-0.94211787,-201.0027,-83.018295,-11.737431,-3.5226338,-22.264368,-2.5353243,77.207504,-0.18417032,3.0123851,-3.1556501,17.147573,-26.34696,121.61164,-52.478638,656.5511,39.052498,99.55686,-27.12877,-1605.8773,579.7742,301.0285,1276.3457,71.86158,4725.289,379.39917,496.94858,616.6035,-735.4092,93.925964,5.5881557,4.447105,31.384705,23.270485,-15.21361,34.211796,3.9597843,-34.61383,26.623459,0.4557062
43.782413,-845.6661,373.48062,5234.346,307.07983,9.728439,-140.51372,-69.81598,-6.93765,-2.938273,-97.73486,-6.622369,39.545444,0.6240567,7.511743,78.72593,-11.998725,41.76216,104.714355,741.7777,6.8989515,250.16743,-159.97552,-36.78322,-959.4467,1552.7391,-76.18816,493.5774,-96.67195,2662.995,-75.395256,142.77075,136.90825,851.44336,10.131495,9.86482,4.765774,36.195538,5.238041,-0.04791825,31.039276,0.4650333,21.245531,-11.636716,1.0717654
-14.229997,1065.0897,459.94025,4411.3906,307.51028,9.234478,-119.44945,-62.92002,-4.7897773,-2.494335,-93.65718,-4.7002063,-3.9671752,-0.55083656,19.130224,50.58147,3.4531446,0.19587481,-1.6573911,-209.57231,-136.84521,-299.4089,-389.0461,14.713934,-2010.1906,-263.58777,-187.79285,-228.26022,-166.11809,-880.3815,183.69547,-55.664707,-1020.11774,-483.6882,-22.238132,7.9241223,13.932997,-10.028365,-26.279696,0.51991254,-27.117016,-8.243656,27.928991,-4.0239406,-0.43034887
42.18958,-266.9583,385.36795,5702.815,352.25305,5.83142,-143.9432,-36.38605,-7.4423556,-2.8203921,-11.620888,-10.449045,182.32974,0.06893727,29.636568,34.851795,-17.448969,8.640575,-33.97936,673.2141,10.36823,176.98535,368.1502,-38.26398,913.8932,550.4756,-178.43704,1353.6959,-131.46786,4325.218,-22.121792,-87.2782,276.2836,886.6782,9.128783,15.097499,-5.7605314,44.643642,-4.902593,0.13159108,-27.744781,-2.308194,-12.585099,-3.4306748,-1.1257519
32.50638,-310.45053,399.49838,5136.071,368.4118,20.735092,-141.15779,-58.255577,-4.680362,-2.1126995,25.668728,-3.538424,-30.268896,0.72205526,-22.758774,-33.18912,-27.74606,4.3810754,-39.8824,288.48187,-174.46663,153.27791,-10.334889,-71.73657,-1272.9562,533.53174,77.73454,188.15479,-85.570984,295.94623,-52.882,-55.625248,-474.51895,692.40485,-59.701626,11.275625,0.94373626,-10.522361,18.901928,0.6971553,27.008474,-1.1841279,-12.891825,-2.3046138,-1.1257519
-10.518644,292.90338,639.2407,-6431.7715,212.66595,-1.7127789,-174.1883,-70.90544,-4.812305,-3.7159884,-11.552458,-0.73177564,4.290879,-0.22754206,-30.785519,-2.8787565,-18.806658,18.033821,-31.323942,22.937857,350.71585,-300.2652,-54.79964,-95.99235,-2107.4497,553.1538,-126.355225,1052.9193,18.721682,5196.5137,-131.22244,514.65015,635.4464,-834.98566,86.71018,4.7370443,3.3274078,13.300178,20.260286,-2.4870863,37.17424,5.082881,-40.261147,-2.086271,-0.38091052
-5.9683175,372.77988,637.2003,-5650.897,-689.5183,-12.472254,-129.72899,-42.77911,-7.3747034,-3.3331234,49.84937,-3.7371545,90.55249,0.55325866,32.85612,12.347206,-1.3050023,11.601653,-26.35794,119.51821,178.12915,-444.74036,16.119253,50.185898,-1493.138,252.54103,-115.38628,229.56744,47.89057,563.7495,123.88477,459.77008,86.78066,-747.81396,57.642895,5.037317,-1.8044434,9.068607,-57.12853,-0.6594277,-67.73822,-0.46148357,-8.127526,-1.9993621,-0.38091052
-4.438795,285.96667,-1578.3959,3480.874,292.12512,0.40864056,377.56302,-107.06259,-7.236059,-3.5988219,5.176512,-5.184848,0.4072942,0.60006976,17.517448,40.05036,-6.780385,4.6581855,-11.164194,224.07625,-227.61455,265.37628,5.687856,-117.44941,-1018.5689,-1009.3763,24.722782,-818.30334,-73.16684,-3671.5168,-34.52352,-613.77747,-856.6411,366.4785,-146.64232,9.260792,1.2996603,-9.116792,-24.204798,-0.2922198,-41.049606,-2.090326,-17.2461,-5.1633754,-1.1257519
0.28880203,-612.15796,-1231.2421,-6036.176,202.05446,-0.11468246,-101.98808,-130.6624,-3.7359753,-3.5149975,-75.2595,-0.9293188,128.85686,0.45253152,-27.799936,49.099335,-16.063038,-21.167818,45.150524,-254.60399,37.099384,118.82809,255.08997,-45.255367,-1630.4951,519.66425,13.670549,444.18997,-19.945868,2239.6655,23.796701,459.96014,345.3764,-862.39,-145.71101,3.1138375,-5.4370685,-5.9763284,31.23741,-3.016068,36.072327,-1.3609649,18.809895,-7.6842475,0.4557062
46.115387,191.02524,671.16376,-5426.2534,256.382,-3.7967231,-102.43539,-59.15458,-7.38585,-3.2292576,66.10382,-0.78579885,123.40575,0.3937823,-11.075537,-209.85661,-4.242533,17.818077,-39.240643,-165.21877,5.837706,-502.50876,-234.34195,-11.111392,-2357.5903,-259.65747,-140.32777,103.91091,1.152084,-1110.0237,92.33692,294.02954,-624.9657,-711.06525,-52.19608,3.9827511,11.18194,-4.0950904,-68.10472,-1.4809604,-41.982388,2.6533854,-24.350798,-2.4801369,-0.38091052
47.139503,333.7998,640.2003,-5042.5854,219.62589,-8.298675,-106.202415,-50.403015,-7.4651527,-4.7240763,34.5457,0.99195504,77.724236,1.2736386,-15.989923,-130.10423,8.281342,8.315335,-23.787697,-156.47679,-107.30197,-556.57764,-137.59845,-63.273735,-2376.8528,-775.27014,-149.24463,-814.32434,3.2049136,-3802.141,250.86517,-214.77094,-1151.2312,-385.04083,-28.47307,5.021151,10.621301,-6.035079,81.76741,-1.2906214,41.621426,3.6866891,-7.2752357,1.4968773,-0.38091052
145.95694,104.68262,644.34924,-5179.742,294.95035,-1.3361535,-99.829384,-85.92623,-4.6283507,-4.330896,44.616955,-2.838286,160.64925,0.43962437,-19.0918,4.0310736,-21.700062,-21.516432,12.646554,159.89764,-248.48145,-596.4266,-246.94771,-23.766214,-958.31665,-634.79694,241.61302,-403.06555,-1.4088541,-2217.5203,114.20177,-54.22334,-851.9644,-489.62137,-44.953934,3.5640295,5.9250197,-7.6413307,-47.134197,-2.594185,-34.92134,-15.620389,-9.589709,-3.161252,0.28916457
-2.6763134,27.141912,624.81,-4644.438,-765.3925,-9.644634,-105.8594,-125.06471,-5.9155703,-12.574912,11.509534,-1.2739847,-53.284565,3.3758132,-35.27849,26.216467,11.033036,-22.119081,33.562466,-31.148563,-318.0268,-720.947,-161.4021,-31.78136,-2632.3413,-1199.0751,10.654339,-1110.4531,-7.7044764,-4511.392,335.2425,-860.8932,-1620.9132,-401.50977,-90.19614,5.5285153,-2.0051396,-5.3023524,-65.17797,-2.5027409,-72.969444,-31.102161,-4.6551185,-4.6985173,0.2137514
1.8495499,105.50193,632.30786,-5367.004,237.88596,-4.717126,-111.68419,-74.858406,-4.120745,-2.8700275,34.969418,-2.889309,-54.44093,1.3505895,-28.681532,106.1793,-21.732578,16.711851,-29.295338,238.68748,-53.44975,-510.91168,-254.85426,-75.22862,-824.6692,-190.563,-108.51435,89.641655,-1.3635676,-38.264885,78.62732,150.7572,-315.7935,-640.5163,65.706535,4.290823,-41.769863,-7.933202,-51.41492,-1.1743494,-42.034927,3.8542743,-6.706409,-2.5065122,-0.38091052
-6.0868225,82.45234,538.7248,-5537.3315,240.72949,-5.7935038,-132.5377,-69.32786,-5.4606376,-2.9926903,74.48025,-1.5260295,16.10403,0.43815884,-30.620985,6.2485294,24.434807,-51.43476,-63.11388,5.9989495,25.540638,-734.7306,-229.6822,18.073324,-1822.3683,-284.5653,-93.87036,-87.59521,25.82899,-171.8382,57.595615,198.39497,-604.8725,-691.0687,82.49142,3.4679525,3.8544917,13.444713,86.388565,-1.3358078,53.204727,4.775197,2.7817724,-2.375372,0.4557062
-10.347062,442.71753,-1526.1643,-5889.7974,207.56401,5.1401715,-69.50778,-85.02304,-7.1296473,-3.2752538,-92.58881,-3.7276635,138.26132,0.361453,-19.762695,36.126938,7.4036636,16.302052,-16.961597,-151.4388,27.663923,-637.917,52.744045,-6.24438,-1663.7208,122.14293,-16.277811,101.84152,0.17301036,52.364895,22.98648,182.06386,-532.7512,-791.2104,151.8104,2.8348289,0.6306265,7.100195,-63.064953,-2.3508275,-38.778275,-1.0678595,-5.2706513,-23.36925,-0.38091052
11.201851,-449.27414,-1142.0854,-5113.5435,124.19226,-0.95656496,-62.073677,-131.71654,-8.371654,-5.43079,-62.61551,-0.24727671,22.72614,-0.11707413,13.530907,-199.23756,5.5446067,12.58322,-20.155283,-193.35728,-181.29279,0.87243634,-31.335941,38.332584,-2591.631,-890.05927,-44.272533,-780.6494,17.766323,-3999.4211,374.81503,-567.9565,-1524.2358,-682.1228,-123.66617,3.8469117,0.97934675,-4.65751,-50.985012,-1.2869883,-36.390884,4.2053556,-0.30038434,-6.7106566,-0.38091052
12.830046,637.6576,-2424.9949,-6393.865,303.30176,-0.106998526,-117.277534,-192.92754,-4.574351,-7.684401,-68.83542,-3.250723,-46.82029,1.4044464,15.881796,46.59575,14.420018,19.033663,-23.530441,-120.921425,663.4645,-154.84651,284.33463,-130.31937,-535.0919,800.9034,119.48805,1183.365,246.15395,6152.0723,241.60638,840.372,2659.7039,-886.3808,-199.55418,-0.9467469,-5.969232,-13.496849,43.826195,-2.276618,24.111723,2.1434395,-1.1582018,-14.438771,-0.38091052
16.307312,203.45055,562.9489,-4182.149,215.63597,-6.373335,-108.4941,-76.673355,-7.89525,-80.32472,-6.3337746,-1.2021698,-40.32794,0.7590255,54.44493,71.41747,17.977608,14.997225,-7.8002343,-141.07271,-602.0087,-650.20087,-399.62558,-69.53101,-3909.2524,-1892.29,125.7967,-1625.2821,132.12526,-6641.69,318.36902,-2360.425,-2930.716,-331.83588,68.20437,3.7741632,12.156816,11.0476,-73.958626,-1.8808068,-50.90636,3.02417,-26.123735,18.986986,0.2911339
-7.033796,-443.82242,422.14178,4577.511,-1074.9204,1.8053074,-120.78448,-39.55596,-8.752645,-3.457823,-59.694675,-4.331727,272.6531,0.9066438,28.657337,49.175926,1.0054255,17.368202,11.700358,423.91403,-366.01672,204.43321,-22.381533,20.243855,-1657.5552,-727.90186,9.639192,-791.7482,-112.79489,-3637.4912,-25.865604,-564.0621,-935.7831,481.777,-67.58624,12.332757,-10.510316,-10.067768,-2.4907575,1.3398854,-40.18521,-5.8631663,-9.617995,45.62024,1.4168137
36.699257,-34.07945,562.4867,6974.991,392.02393,37.2442,-214.15427,-123.576324,-12.233448,-3.010411,25.12951,-6.2275248,-120.92962,1.8681285,5.630719,75.552025,-24.294874,-25.163713,-18.885292,513.9688,468.1534,232.40895,885.31396,-19.162937,6449.467,2211.7317,190.07878,1454.7673,74.44701,6957.3076,268.8683,1865.8215,2886.5935,884.1061,-68.2408,7.0892553,19.677446,-56.872646,24.890202,0.47998354,46.03608,5.6942496,-20.256271,-2.248795,-1.1257519
-10.688322,-170.72241,448.25952,5786.805,318.42844,10.178616,-149.70331,-38.163994,-8.773756,-2.851471,25.758923,-5.0033026,135.16615,0.17221346,-12.945293,-10.089671,-38.183075,-0.7227705,-27.174898,632.37024,-51.108036,247.82127,327.92862,-54.767044,1053.1365,1487.5419,-41.497433,510.6898,116.35188,2458.8784,90.47393,-142.77274,318.3395,974.6882,46.828487,8.889803,1.5817579,41.593887,13.559494,0.33758858,27.101585,1.661119,-16.390211,-2.7524607,-1.1257519
44.297092,283.074,703.6659,-5727.1787,267.26266,-3.3131564,-146.1835,-91.05099,-9.086705,-3.2294393,56.818874,-1.817412,-117.17663,1.1553999,14.127218,-214.0394,12.392838,-29.717968,63.055454,-165.97282,145.7963,-449.38065,7.0445294,-21.919886,-1800.4712,516.29724,9.474239,460.22964,50.00426,2253.213,87.253075,439.8855,320.46722,-755.4828,-83.46506,3.1623785,6.827662,-7.459778,26.113247,-3.1733127,41.676582,5.5912085,88.87498,-2.2188153,0.4557062
-5.563874,-580.38776,-947.3117,-5924.826,151.8726,27.120657,-61.167194,-128.65681,-4.266482,-4.9700255,-39.647858,2.6252415,-209.11841,1.3712611,-22.207685,58.536537,-2.1527338,28.610132,-14.939912,-159.35194,-18.825718,106.89252,109.26088,-55.148533,-2066.3198,-57.442078,16.102232,171.15662,-1.869386,4421.893,-889.2298,35.953373,-201.51582,-928.88983,188.96916,5.174658,-13.77286,-6.960544,-20.572153,-1.9005766,-24.615147,1.7962507,2.8794584,-5.3969316,-0.38091052
-9.956929,186.09184,692.114,-6722.9756,226.91086,-4.4995337,-175.59868,-101.31428,-2.7560313,-4.143963,17.403526,-2.5748744,-68.72739,-0.9994478,16.37175,40.708504,-6.6146884,22.11558,-19.28362,-109.370705,260.48718,-390.11514,-22.663036,-82.75212,-2135.2043,402.17905,-82.15983,982.36774,-89.97208,5338.5645,-390.103,547.45166,1533.2109,-761.8738,-59.579098,2.8757162,5.2927136,-44.05306,-18.986893,-2.5884097,-35.963203,4.3067307,-19.271864,-1.8346198,-0.38091052
-4.666809,263.73514,660.24023,-5704.767,235.3317,-2.948049,-121.85372,-95.751884,-5.1997867,-3.0954046,42.68826,-2.4855676,6.172576,0.48336676,17.10033,82.91437,31.995628,-33.19922,55.807915,73.37468,19.014929,-615.5936,-251.70822,-18.056677,-1737.6237,-275.2349,-104.53545,46.826946,25.024197,-1094.925,-92.88255,274.0341,-516.7255,-752.8321,71.419136,2.4064143,10.38818,8.684318,-51.139065,-1.1054517,-45.82867,5.283084,75.90478,-2.4645886,0.4557062
-1.571868,-632.7346,-1287.74,-5625.0146,248.53542,6.6416183,-70.57095,-146.02122,-6.287361,-5.52902,-71.8405,-0.06814894,-15.268379,0.1670028,15.166203,11.190851,-7.217275,14.846622,-15.945025,-199.68858,-142.24283,145.59033,-2.4840546,-14.806768,-2250.3792,-40.482307,-103.31919,-441.47095,0.49084634,-2170.971,135.40471,265.30807,-537.8983,-792.851,148.5767,3.425426,1.3165281,3.5613632,-47.620697,-1.311185,-40.315113,2.5321312,-0.8026855,-8.114274,-0.38091052
-149.50804,-19.48161,103.19775,-5223.344,341.0495,1006.5979,-248.83821,-203.66719,-35.75806,-6.125742,57.047073,-6.624559,26.249731,-55.241184,-1.7840115,135.67076,16.95492,33.984447,-18.643814,-414.00623,1577.5748,242.63835,632.7642,28.362251,9161.565,1548.0206,64.5298,1726.5051,323.53308,10067.973,511.04196,2725.959,7688.6367,-292.3002,72.86544,48.115696,4.1906652,-8.327242,95.36348,486.33447,-15.139899,8.666846,-5.3574677,-4.371627,-0.38091052
-11.08666,999.5953,461.73984,4622.4307,285.4797,9.042699,-109.5801,-39.188362,-5.222261,-3.419173,-117.44577,-2.9032903,61.89812,0.81741744,-22.316414,11.295144,-6.246208,5.403888,8.847598,-330.58658,-5.823792,-361.93842,-519.5149,19.23973,-2170.554,-240.14888,-48.930653,-489.53195,-220.16924,-881.46497,86.54364,-87.188736,-1012.1251,-481.30753,-21.879587,7.0562243,11.134854,-8.896455,-3.3308816,-0.032521475,-16.77954,-9.135166,26.508049,-4.6055274,-0.43034887
26.892626,121.36731,432.0509,4185.739,276.19604,6.305566,743.44086,281.36002,-6.0581155,-14.363318,39.69785,-3.2063518,-11.395738,-0.58642656,21.51607,42.53483,33.755325,44.225594,92.9879,282.80548,-386.0365,-48.896984,-467.42227,65.00209,-3073.2805,-2441.2122,-302.85965,-1259.1537,-227.39474,-5161.843,44.847073,-934.95935,-1967.522,206.40987,70.011696,9.929134,11.599815,23.33817,15.975723,0.9124121,36.42271,-13.078017,95.79438,-4.2736244,1.2411437
-18.450258,-1076.3699,-1226.2986,-8375.92,239.36191,11.670684,-264.49017,-246.3621,-7.931526,-3.5663047,-100.585266,-5.550726,103.601746,3.7840428,7.504557,70.49536,-63.31367,31.179367,87.98139,-326.2808,869.76666,3.7939088,368.69748,120.792755,11431.615,77.84849,171.69077,1214.2516,-59.99812,7884.2163,174.27327,1255.3738,4082.762,-818.44763,247.56523,-41.695137,6.287927,23.956427,46.622993,-3.1758647,33.754276,9.110907,20.954113,-14.196147,-0.43034887
-7.217404,309.2955,-1271.4404,-4751.213,243.53075,6.8166776,-42.012875,-82.171455,-7.8020825,-14.025275,-38.12995,-2.4752665,115.91954,0.05722069,-37.983032,35.033752,16.379292,11.725537,-17.549675,-108.63704,-157.49655,-800.68066,-192.53214,48.086254,-2939.8574,-1125.52,30.338787,-1109.95,-22.96241,-5378.3105,317.9089,-1500.3981,-2168.9644,-455.92126,129.88106,2.662381,2.447754,9.079911,-69.739784,-2.2566507,-43.87952,-1.426841,-4.117786,-18.641216,-0.23553342
-233.2893,788.57764,389.94482,-7219.9917,219.50784,872.23425,-171.7536,861.4061,2376.8767,-9.097931,-64.71468,1.3737016,130.11438,-22.824183,221.6243,546.65106,152.28253,68.42385,-32.31216,-318.69244,797.22656,2118.6448,395.20215,280.56482,15312.645,1686.3586,-72.56145,2288.5986,-121.97466,10291.756,183.99162,1963.859,5832.8193,-651.0342,109.99917,130.82256,-11.384098,-0.7161425,-96.76934,-41.688473,1.3177304,-7.933728,-2.1089332,-18.072397,2.1993484
-5.062643,462.95364,-1876.805,-5957.9966,307.07846,-10.195996,-90.13343,-171.00336,-4.087628,-4.415573,-131.30608,0.032253437,11.437546,-0.29754293,13.325504,-12.610871,-22.426325,-20.652325,9.329948,-229.3571,180.1626,-484.8948,266.20407,-35.642902,-1103.2539,445.6808,159.99768,1133.9811,52.215157,4805.8184,209.13553,337.22653,400.9315,-828.1754,-181.98714,0.17370078,-4.374844,-8.410986,31.373245,-9.099174,20.470886,1.2860104,10.302912,-23.73011,0.4557062
-24.381102,-787.69745,-1452.259,-7255.595,226.92128,1.608606,-172.56998,-146.63342,-3.276566,-2.1711307,-127.69682,-3.1726274,174.2247,1.7540243,7.617141,19.267374,-34.178978,-17.476912,70.75906,-110.8423,306.01285,581.44214,395.76492,-0.01055821,-1129.8848,784.3488,-199.58125,1246.2029,-221.49226,6291.416,-146.1175,862.9048,2343.9578,-1121.8973,-210.41539,0.92736924,-1.4346008,-8.666455,-31.009457,-2.590748,-24.925014,1.975801,2.022172,-7.3135543,0.4557062
-4.999034,158.89667,596.0982,-4259.168,233.81877,-4.948463,-115.25293,-74.34132,-6.85818,-4.712098,46.62081,-3.0348115,-0.22262798,0.12717648,21.08423,32.217117,-27.965868,10.553988,-26.693874,-54.698208,-242.97067,-253.72345,-168.6386,-12.919597,-2396.2068,-771.14026,341.28308,-738.874,148.96744,-3835.161,485.69562,-249.7067,-1316.354,-545.86523,59.906113,4.3563647,-92.85946,-7.058415,62.37621,-1.8016505,41.935886,1.4592711,-18.696377,-2.2423277,-0.38091052
-2.3965163,-701.2916,451.9609,4812.951,-683.4611,7.3165684,-122.47384,-24.062227,-9.82935,-3.5982735,-74.87196,-3.1639953,229.83643,0.9680576,30.997179,-221.25235,-4.6874394,-3.250048,-13.241597,657.4883,-397.87106,314.47012,-249.48616,55.652954,-1445.3527,-505.56656,150.17303,-768.5056,322.25836,-2995.948,35.23112,-549.445,-409.91412,652.9966,-30.537468,11.041592,-2.9356494,-15.637479,19.472443,0.52592653,-26.252018,-1.8939339,-17.286325,-4.182956,-1.1257519
-5.241927,100.440155,449.54492,4358.7734,297.76218,6.4442725,734.68195,287.92072,-6.394566,-14.193588,21.485247,-2.8443751,-7.1422825,0.55703574,15.217643,-192.98213,52.952087,44.30915,57.766865,363.63974,-361.32245,3.9760873,-511.57156,54.24546,-2230.6196,-2279.1829,-338.3171,-1257.5343,-217.92027,-5136.28,-38.537262,-1018.9384,-1953.2537,211.65698,90.80073,9.811296,10.007509,31.871471,12.72357,-0.05869737,41.384342,-8.964824,101.196,-3.8043523,1.2411437
47.688904,332.09024,-1817.5009,-5976.282,-864.466,-14.179867,-83.07617,-153.77791,-8.419429,-4.621435,-82.026726,-2.235659,107.23438,0.53616685,32.757866,80.29023,-31.313114,-21.228195,31.49781,8.31022,134.27348,-642.18506,150.96251,2.3519971,-786.46967,485.4723,-101.92403,191.66673,-8.568099,952.444,83.825294,400.7401,161.95152,-815.8287,-192.63318,3.5762672,-11.598454,-5.576157,59.600937,-0.94906163,50.638157,-0.8577283,10.873017,-20.814646,-0.43034887
-3.030185,429.6718,703.50006,-6194.361,263.2676,-6.928032,-141.5696,-58.346558,-6.0884566,-2.9983125,38.745052,-3.2397459,155.59584,0.6602098,27.908684,33.21566,4.4866805,18.7457,-12.922161,26.49279,339.64786,-549.88904,-46.0636,9.363496,-1326.9779,526.2414,-168.54938,411.93375,-12.387166,1917.0045,-183.60854,604.899,522.02264,-737.9326,-14.712751,1.8705754,1.5260931,-3.3983476,-2.9775333,-1.933559,-43.72162,4.5396557,-17.858883,-1.9624679,-0.38091052
25.706045,93.4858,588.8159,-5239.6724,201.95909,-3.4237926,-108.37684,-102.25037,-6.468501,-4.938884,54.45348,-0.8091225,-43.759575,0.2546734,16.221903,28.571596,20.662846,-17.317402,8.649216,-179.59987,-243.39847,-701.92126,-176.93254,11.6159,-3277.2554,-987.07214,-86.91384,-822.9402,-23.5906,-4107.32,58.909904,-465.12067,-1436.4175,-433.24152,73.08648,3.0393577,13.222292,25.83414,-76.1214,-1.7349815,-45.361763,-41.126072,-9.441528,-2.3098254,0.28916457
12.753463,845.33844,397.97256,4090.0461,262.25406,6.563183,-115.73164,-62.651447,-9.777547,-14.773178,-61.21697,-2.8433144,-10.473288,0.27591786,-62.210342,22.277203,33.97149,4.9801936,-18.939804,16.35497,-461.32117,-551.5153,-630.1338,-40.212715,-3457.3743,-4097.339,-335.03165,-2059.998,-301.1401,-6890.811,77.9397,-1844.5428,-3250.7031,-266.87286,69.93498,5.485201,2.7162695,19.880436,-10.468295,0.2392663,-29.422516,54.43364,-10.652451,-4.3771753,0.2137514
70.939186,348.033,688.731,-7256.028,202.55061,-0.14349297,-170.47183,-41.624386,-12.156636,-3.5803993,4.927997,-1.4011258,44.293884,0.8635288,-23.902758,59.869335,-8.347105,17.220465,-39.29114,132.72923,851.5011,-158.06534,-47.515324,-61.944454,-2683.377,625.08563,-140.89655,1141.4309,-94.18852,5748.975,-625.11865,756.5911,1910.9747,-861.6002,71.670586,-1.6783599,5.602472,175.34357,28.679588,-3.9012702,39.81603,5.5359945,-20.146862,-2.6336277,-0.38091052
-59.020756,-359.04828,-1410.8544,6788.2593,-1497.5579,-3248.7292,-195.2648,764.4755,-5.827183,-11.451618,-39.74923,-13.741525,3.9327033,0.10817979,-34.86639,-42.84574,-27.647099,-34.22583,33.325058,1205.0378,38.171223,181.94522,1144.7274,-105.09826,4015.389,1383.5264,463.5964,1241.1245,108.491806,5076.75,107.99133,-14.416926,1761.2087,373.42822,-172.6276,6.286237,-16.467472,-14.135078,-41.629314,-0.47251058,-34.491352,-39.91169,-7.1585417,-3.7146354,-0.97057134
50.531853,142.24704,443.12808,5124.387,361.34613,8.202278,740.18207,372.60742,-7.5067797,-6.2669573,27.779697,-5.350017,31.883833,0.58829635,-15.873472,75.824936,-29.33138,-11.576522,-59.4438,394.58258,-182.26047,306.6251,-152.54546,-11.078165,-1404.5146,-646.65314,158.95395,-761.54626,-1.9609903,-3749.0454,120.94448,-635.5125,-818.4839,283.56842,59.75924,8.055475,8.854536,18.366121,-14.409168,1.2228844,-32.227745,-16.552517,-37.187473,-4.2938285,-0.97057134
-8.460944,999.5659,452.84613,5241.346,287.9614,7.877263,-107.83491,-22.483648,-5.4706693,-2.880794,-95.099724,-2.34936,67.80935,0.65240914,-29.40551,-186.09573,-7.4757886,12.611729,-26.766653,-33.50052,29.011753,-557.95105,-358.02435,1.5881116,-1759.6652,-1344.2523,410.95874,-1018.5192,103.321846,-4078.7676,-84.47952,-608.97345,-927.64813,-224.84167,-51.863815,5.2181063,6.0576596,-8.312994,-41.413067,-0.080094635,-13.31066,-13.004404,-8.928988,-2.4590852,-0.38091052
36.392845,-225.39993,-1329.3572,4411.854,-1109.6418,-1773.4766,-86.68167,331.63852,-7.1067085,-15.280926,-73.054115,-12.35198,-29.304232,0.8596073,22.630737,44.36707,-20.279314,-11.851724,-8.28808,413.77203,-458.8776,-465.7198,80.68727,183.66945,-2280.5325,-2184.7288,-5.51336,-1110.4774,-220.1824,-4234.276,-63.43447,-1028.8474,-1819.0127,294.70435,-109.04748,9.222704,-2.386783,-10.716689,-34.52916,0.8589432,-49.349766,-32.341793,-6.940021,-5.8158073,-0.97057134
-212.60014,375.41534,585.9164,-5849.7046,233.07373,-7.177628,-119.120346,-77.19489,-5.1590652,-3.112743,60.79616,-3.3772178,50.965588,-0.21137281,12.845141,47.71066,17.753345,-26.470367,47.26605,-7.90059,100.09164,-423.8174,-33.229717,16.726309,-2039.1698,257.66385,-107.328125,180.71405,47.81619,453.25354,98.06912,451.16403,59.088127,-735.9378,72.529305,2.2183902,19.132885,13.006395,48.3996,-1.0911509,54.367947,1.9380667,-12.625762,19.740265,0.4557062
13.196896,61.706142,559.25494,-4249.638,260.81894,-7.360414,-109.79321,-69.925285,-8.749701,-13.071556,20.346485,-2.264414,-10.564196,0.018268595,16.741606,35.18957,10.838026,-24.92996,-3.9287293,-189.09177,-276.19986,-848.3454,-412.45264,41.844032,-3292.0042,-1535.1025,195.36067,-1423.2062,95.38841,-5836.472,369.42883,-1863.0614,-2470.7847,-356.03256,-66.43951,3.2724288,8.173361,-5.1373115,-68.475494,-1.8476828,-44.673363,2.881218,11.843497,-2.144288,0.2911339
0.23092793,1078.2478,481.37527,5224.287,303.3917,7.862488,-104.330376,-85.078575,-4.514589,-3.005852,-108.33561,-5.2984843,-152.34209,1.435869,14.243744,91.51376,-19.741127,2.177615,-17.632448,336.82114,-46.192593,-406.11334,-337.71896,19.976578,-1102.4066,74.221344,-52.158104,-452.1132,-74.15385,-2160.0017,55.57999,-8.002823,-645.74036,-326.12045,-46.061268,6.0125737,7.14386,-9.7606325,-7.739975,0.9933343,-27.415123,-8.346848,-10.150157,-2.1324131,-0.38091052
-11.813998,63.234467,627.90796,-4282.55,272.07193,-6.8421936,-99.84695,-75.18848,-6.0871634,-13.39386,17.422989,-0.22305053,-5.497726,-0.037811927,15.025343,81.02052,20.795298,84.928955,140.04956,-133.05191,-275.58838,-577.7277,-69.923256,-62.81884,-2837.6497,-1176.1477,172.46227,-1188.951,90.41069,-4866.3857,419.57837,-884.2321,-1906.1869,-332.49023,-65.602715,3.637287,8.356059,-5.133894,-50.45439,-1.8413541,-43.66548,7.1276913,23.700998,-2.0980408,0.4557062
31.85463,128.53983,-1832.4786,4209.6567,-1085.0186,-4.5283413,523.7259,-99.82398,-8.064527,-4.105732,116.77657,-6.186842,195.7535,0.02234887,33.705364,41.201656,3.8287601,11.207204,-13.4987135,683.3088,-320.2479,-153.44308,358.96838,-39.96974,4856.784,751.2132,111.48624,19.695282,199.36993,730.6417,144.03055,-762.3788,-241.33405,711.047,-215.4249,8.783891,-8.718905,-15.822786,-44.23709,-0.16873948,-47.58437,-5.652443,-16.882141,-1.8577381,-1.1257519
38.244225,564.2922,826.2114,-7169.365,271.00458,-1.8308511,-177.69595,-100.73551,-8.807821,-3.785706,13.336069,-4.16825,23.587528,0.29987118,-3.3637967,25.77396,21.748491,28.573433,-41.989857,141.39746,752.3062,-30.046595,52.70717,-5.2533393,1838.8419,980.984,-160.3602,1471.325,-122.67836,6953.607,-389.15463,1776.0704,3980.9062,-713.8126,73.66763,1.1840985,1.1764647,9.807955,-22.296246,-4.6261187,-39.881207,3.7653704,-19.764822,-2.3749,-0.38091052
-0.28877014,-575.4527,-1416.5104,6067.968,-1256.8584,-3140.4023,-125.97655,1149.647,-5.915841,-5.6041865,-7.2350025,-14.605432,-83.503876,6.3673773,34.69262,9.372785,27.463314,37.424065,-13.438829,689.5248,-244.07292,-205.6683,774.86584,-134.47995,4330.888,1372.6449,324.9341,304.77542,195.40608,2155.595,233.08916,-475.16446,-171.74234,193.3796,-125.49732,8.357572,-15.549408,-10.172968,-41.863415,-0.14051661,-32.2141,285.2902,-8.717848,13.885396,1.1685233
2.4602392,134.2877,628.78723,-5500.2085,211.5208,-3.3143196,-110.09102,-51.378735,-6.0751114,-3.3465426,45.912907,-0.8421129,47.71577,-0.09044491,29.52338,9.529123,-3.475268,9.008846,-27.411228,1.1836557,-12.907196,-481.02798,-247.35811,-6.4298644,-2246.9316,-276.93872,-153.6011,-56.779922,-22.580105,-1077.9408,16.94365,276.6003,-509.64197,-718.7457,9.959304,3.4140275,8.3588505,23.624084,-66.45991,-1.0299271,-48.040955,1.4896448,-9.745739,-2.590105,-0.38091052
5.4817142,42.542194,621.9178,-5563.5435,182.68565,-2.6989226,-111.59767,-103.596954,-3.6042624,-3.4378278,57.220566,-0.79440594,-47.704853,-0.30309486,13.437629,30.507915,24.058786,11.7303915,36.12216,-7.2176847,-40.92418,-732.1631,-310.95233,-16.18457,-2621.4434,-406.03503,-123.93402,-191.58174,33.87863,-1177.3817,-96.8156,197.76025,-705.359,-708.7089,72.730705,3.6729958,-83.55866,-6.5229096,-56.492214,-1.0784675,-44.88141,4.276048,34.703518,-2.5890973,0.4557062
-67.943405,-262.5673,-1260.6995,4329.2817,-1050.213,-1897.8301,-110.51056,670.09216,-4.6939244,-3.989027,-91.26135,-13.348106,6.113304,0.9968273,-20.192884,-30.170195,21.341717,13.218591,91.66205,391.1592,-342.11435,275.24442,8.381328,39.98568,-2061.8875,-1270.054,26.866657,-721.5099,-211.59082,-3520.8728,24.719963,-541.10596,-1155.572,283.44635,-107.42502,10.464421,-3.0654237,-12.686542,25.228994,-0.024464417,28.684319,-34.82538,9.817443,-5.188412,1.2411437
-7.655932,465.9392,-1759.1487,-6491.787,260.90576,12.920399,-105.73852,-103.83088,-6.6149673,-4.378187,-129.38109,0.7379935,51.484676,0.54980236,-25.315123,-119.59175,-10.083739,-18.082418,77.39539,-229.35216,286.60724,-742.3198,265.15454,-47.502098,-1300.4908,685.12726,51.34368,383.90826,-17.038671,2531.6885,-171.05019,462.69232,499.36682,-846.44995,237.0843,0.1870195,-6.301533,17.34267,34.642666,-2.4794898,33.822933,3.3243098,20.323206,-21.974583,0.4557062
-12.060206,150.19258,614.0008,-4324.6523,246.57935,-1.8425173,-104.12768,-84.82518,-5.984681,-4.7068915,21.778368,-0.998802,8.083624,0.50846833,-20.81111,88.982574,33.36845,-22.411768,36.119152,4.82008,-258.3392,-443.77765,-172.27223,18.288538,-2403.3853,-830.46027,343.3682,-842.1266,127.53308,-3782.5574,357.34344,-255.03706,-1169.9396,-390.59018,78.33359,3.8651788,13.106425,15.483455,54.996662,-2.1911206,45.603554,5.440052,-25.743675,22.513643,0.4557062
-29.620403,26.016241,477.56912,5617.5825,-1273.1926,-5.5830503,835.75806,269.0607,-5.952084,-4.861997,92.52547,-12.160579,83.17311,1.3260849,13.95075,64.08424,17.531218,-24.975412,132.1495,521.82605,-82.31323,-59.294285,300.70126,-93.756454,4506.4907,1138.7743,98.559364,326.6313,166.65363,1391.079,106.185425,-579.0385,-152.12643,671.85425,98.38924,7.256681,-6.8432546,23.12847,-37.20999,0.6901547,-55.50815,-25.452456,111.67287,0.49898803,1.2411437
-1.3408067,495.5322,-1472.7919,-6113.6665,217.17873,4.140485,-73.71369,-85.5128,-5.266134,-3.1720426,-121.297676,-4.3796215,153.99174,0.06924079,24.707531,22.499159,-19.557146,-10.989144,-54.78594,7.5394917,9.249273,-686.8164,149.31367,-11.109884,-994.3265,267.4147,-39.706493,120.7615,-5.447144,340.69235,-90.65237,142.48102,-213.6171,-864.2268,162.55153,3.1903133,-8.56786,7.3135233,-54.94886,-1.1186208,-37.65442,0.28185147,8.179381,-25.378687,0.4557062
67.79721,-123.34466,525.8534,7257.4097,590.481,17.87948,1223.1719,490.30954,-12.655756,-4.2438607,111.83233,-8.470548,110.74704,-1.0595975,48.02853,109.8533,-25.215405,-38.176952,-42.032726,307.7637,196.12285,445.33978,765.52435,29.408257,12741.756,1189.2758,705.08844,1518.6099,248.07253,8159.6953,216.55284,1332.5111,3518.7651,515.2335,-49.586014,3.0199108,27.892965,-13.9986515,-25.049292,1.8827016,-4.0563626,-9.618985,-55.017498,-4.462943,-0.97057134
24.796007,1040.7745,445.84692,5897.2153,345.72882,9.161703,-154.41617,-43.513367,-8.578769,-2.7658906,-106.0464,-5.3605256,134.83482,0.07897181,26.76642,39.30766,7.1470137,-47.928528,-44.634075,636.2935,646.6642,-532.1901,-318.46793,-41.92631,4768.9263,-214.33215,-161.91093,1032.9971,-132.54478,3724.995,12.739797,-59.951508,66.01168,-643.994,65.68239,11.807617,1.4512684,36.510715,23.242523,0.5885716,37.88692,72.673035,-7.25368,-4.4507737,0.28916457
-0.23040962,-440.46066,408.1973,5806.7773,419.6802,21.826338,-147.96886,-80.536575,-4.714656,-1.9663564,-28.706163,-4.1828337,-4.210006,0.6582683,-32.159966,111.05414,-44.78524,-1.4873916,-22.580181,527.76874,-227.6299,-223.7377,618.73083,-120.05886,3540.868,681.52527,234.87497,256.95117,306.97098,538.09686,90.244835,-516.7357,-317.88275,938.38947,67.52682,8.143133,-6.6744204,25.351307,-27.968998,0.24672216,-30.357733,1.6697496,-15.22354,-0.5137908,-1.1257519
-70.983604,1009.9563,571.99286,7841.4165,402.80267,6.912385,-208.06276,-87.81587,-10.907399,-3.48424,-82.78711,-6.1907787,93.01284,1.4942188,3.3546534,52.00314,1.4084669,-19.740396,-7.854168,388.58594,1260.6008,-546.19104,-173.64584,-20.80192,11722.636,1188.634,438.76578,1310.8904,263.17255,8372.888,113.62577,2811.1958,4521.3257,-483.66867,67.60508,-1.417991,6.704018,35.770245,-0.41330084,10.677314,38.99526,-15.227229,-14.129684,-3.8864942,-0.38091052
6.4925365,-1070.7147,-1122.548,4050.651,155.59407,765.7068,-152.2959,-142.09676,-33.5282,-2.6437986,-22.953524,-22.454088,-124.074326,3.0291245,3.7107916,52.8047,-7.3715644,-14.142838,11.79349,257.9515,288.35782,-82.3124,-108.93908,-29.066437,-1757.8127,1738.1532,-185.50006,603.76697,-297.47516,2518.329,45.85537,499.34476,155.00722,483.63312,-2.507391,-729.9384,8.323125,-6.034059,6.0484266,-79.70603,-20.888449,-5.6060867,-11.912577,87.60348,1.0717654
29.966295,-136.5703,429.48114,4683.862,266.38556,5.82649,-125.40164,-56.81728,-8.442127,-13.938396,29.935814,-0.92350096,30.127222,0.32216886,-22.910824,51.786354,19.630636,-24.672129,13.099626,-110.03925,-457.6661,-307.79346,-29.944635,21.886194,-3613.2559,-2674.8416,-16.864017,-1313.985,-100.54957,-5383.456,-13.69806,-1255.4021,-2029.9794,555.8354,-69.932816,10.033537,15.786633,-11.8832655,-21.019405,1.0285671,-31.372034,-0.4589699,39.50509,-2.6435087,1.4168137
-7.735029,1017.67737,472.00723,5312.575,285.47708,7.348438,-117.40516,-61.67008,-5.754511,-2.897534,-74.190956,-6.0861626,-54.092136,0.6608654,16.670992,68.34863,-26.3385,9.150915,-20.538551,83.14511,-70.131035,-555.30054,-400.4314,-5.44034,-1581.0977,-1307.2223,265.57416,-1024.1278,121.413734,-4045.862,-18.157919,-615.8553,-886.55634,-244.24106,-44.159412,4.665825,4.4646277,-8.823786,-8.5214615,1.0026537,-26.846897,-10.200145,-8.927757,-2.8289814,-0.38091052
22.163761,-513.3569,-1082.1302,-5002.2397,196.63045,7.5125723,-58.139156,-148.1572,-6.9555225,-5.358264,-2.061876,-0.10113227,27.297392,-0.31587392,16.695152,33.341045,17.603685,57.957626,-9.514182,-0.96469486,-253.09856,12.440525,22.72681,-6.0250254,-2346.1414,-612.8535,355.0222,-655.642,28.142094,-3535.6377,415.04996,-135.5437,-1083.6249,-696.1994,170.26534,3.6376956,-32.131527,-4.756014,-40.26594,-1.6302763,-33.90407,5.639107,-2.0181053,104.60125,0.4557062
-9.573493,384.44495,656.61926,-6627.845,270.7296,-2.6571827,-202.58888,-116.064644,-7.6304965,-3.88523,27.252392,-0.60315466,-107.86659,0.5861435,4.7522025,-216.49567,23.865883,2.7293313,51.393238,184.52261,457.62167,-18.090118,56.29048,-75.95337,-900.9472,615.1858,-165.71448,1185.9828,97.820885,6367.2114,-323.16394,843.5542,2308.938,-845.8735,91.960815,4.5733867,3.370835,14.095712,31.187687,-2.410034,30.013784,8.590694,88.5697,-1.8393784,0.4557062
-7.8153896,-884.21985,343.38593,4159.7456,165.80966,7.2856317,-126.746666,-92.74001,-6.7265143,-15.518781,-106.54387,-3.0700178,3.7065911,-0.17715135,12.82023,13.334268,-1.0822856,-2.8860824,13.316629,120.44291,-418.8231,-484.18515,-554.7312,21.953836,-3574.3284,-2988.3213,-291.97906,-1545.7924,-195.67995,-5968.1157,70.19159,-1479.5802,-2455.1875,528.0685,-3.1306748,10.724915,8.199172,21.388752,-13.876061,1.148527,-33.3512,2.753242,-13.693758,-9.94851,0.9052238
-32.208794,94.296585,-1628.6633,3679.4062,334.72336,11.912066,469.70074,-120.331154,-6.9602246,-2.8192523,5.9618096,-1.7133207,-322.86597,0.96928257,16.73297,-599.91675,-12.220741,9.635725,-9.711878,409.00073,-336.318,-452.59116,-159.18909,-223.83963,3994.941,-334.9827,-90.907135,-111.06456,-68.54921,-393.4466,36.339973,-980.33386,-675.0317,567.10266,-166.85533,4.9216814,-1.0454924,-8.239231,-51.090214,-0.1808193,-77.34648,-0.54220223,-20.696857,-2.1613328,-1.1257519
-18.184645,172.25122,-1629.067,3778.5103,243.22058,12.453463,356.95813,-95.20222,-4.1179867,-5.9847374,15.40683,-2.5373936,0.8899902,-0.48103234,18.474209,36.520252,19.54643,-5.4757934,30.531136,433.68652,-321.3875,405.14758,221.54092,-186.1304,-2319.8179,237.70808,-14.6315155,-803.2704,91.68502,-2641.711,164.33702,-293.2175,-537.29346,483.54886,198.82999,8.70479,6.82731,22.367157,-24.554304,0.27635303,-43.43318,-0.46026817,-24.138372,56.672203,1.4168137
-20.18854,-499.96808,-1253.8551,5357.4385,-1172.497,-3335.3555,-138.50249,462.2658,-6.6622715,-5.1107197,-38.468414,-14.411081,-60.90677,1.3330097,-12.823224,94.932205,-32.884666,-63.499596,-35.968082,633.66174,-377.7645,74.29417,304.63065,-36.381165,996.3065,1295.2717,-145.32706,195.31253,164.53171,178.16042,167.19255,-440.60776,-103.80445,41.1321,161.76683,10.308886,87.53036,-10.911384,46.95386,0.36847,45.39602,-30.531271,-6.2539473,-1.545429,-0.97057134
2.119319,144.57434,606.2034,-5069.9565,253.04646,-6.5076113,-125.14854,-107.16389,-6.786581,-3.035417,58.104687,-2.2448556,9.697927,0.65577775,10.317507,10.096191,29.97511,-49.230934,15.176976,66.70994,19.442064,-452.90762,-242.36009,-72.68834,-1891.6781,-173.48141,147.38449,159.93567,-36.554092,-119.03044,135.37025,261.48636,-446.97134,-671.9561,77.01624,3.0752013,-73.228134,-6.2126613,72.17466,-2.051723,39.246357,-44.049965,-25.339966,-2.788311,0.28916457
1.057776,1132.044,482.10208,5829.5435,354.6581,7.939047,-138.61588,-58.504005,-7.7576127,-2.396089,-83.08599,-5.9859314,-31.23402,0.70360637,22.419834,69.37686,-26.492296,9.243473,-28.906443,234.87744,179.50375,-383.74908,-422.87552,-37.138206,-200.34946,329.3833,286.49796,180.47879,78.32921,309.0095,8.879767,62.895332,-99.941345,-589.7618,-52.382774,5.4106016,2.6089766,-7.784209,-2.695448,0.97840315,-28.321423,-10.327727,-10.464159,-2.6966758,-0.38091052
5.0034337,316.29205,671.9764,-5614.826,279.6752,-1.9654001,-166.49973,-105.851,-16.546427,-3.6317532,-18.58126,-2.604902,14.003542,-0.038488466,42.272297,-12.006098,-11.63679,18.08754,-38.27944,80.36481,596.8761,47.5888,203.33578,-86.96752,-1103.8795,649.5747,268.47287,1125.301,213.02153,5975.4404,-48.79415,648.9065,2319.3667,-786.733,85.04948,4.2588315,-11.097888,-12.084818,-21.69636,-13.879416,-22.415594,6.579965,-27.66023,-3.1514297,-0.38091052
-4.249663,123.15639,576.0851,-5511.5474,220.21028,-5.023571,-115.01683,-55.790535,-5.656768,-3.1313932,80.526474,-4.5448403,57.849064,0.62299347,10.128119,43.392357,11.248638,-57.260418,-55.442093,29.522602,-25.348951,-523.77905,-244.91673,-69.71576,-2009.409,-32.96555,-139.20825,153.65782,-14.701368,154.15446,51.110283,229.66388,-223.73288,-710.3395,56.379208,2.0885363,5.61484,28.299416,73.46382,-1.2241777,53.848186,2.392319,19.03662,-2.3790312,0.4557062
-7.6120872,-161.99,493.14014,5953.8223,347.09467,21.318293,-130.2006,-69.25165,-7.3542852,-1.9806155,-23.62329,-4.5631866,174.36583,0.70936793,-37.958138,-242.2063,9.910082,7.1207705,-23.393314,555.9461,-241.53552,-164.23965,300.95267,-112.308975,3378.5354,475.45547,373.7594,173.11644,264.55884,235.33397,143.7069,-557.87604,-366.98495,987.7634,-51.267586,8.963426,10.243106,-12.735344,-0.034555733,0.19518343,-23.51469,0.14765137,39.12301,-1.6031681,1.4168137
-2.8506732,-523.99615,-1241.535,-5904.1934,272.53174,-11.047679,-88.2393,-186.9356,-4.2636056,-3.5058432,-78.681526,-0.8566529,143.65126,0.335158,21.091324,67.4577,-5.196223,-3.9886637,80.06939,-326.9146,100.867775,189.23338,282.05368,-30.607016,-1538.5336,560.6937,-28.400726,238.22641,15.720241,1064.351,113.31806,508.82816,335.55533,-826.0582,-128.92702,1.6794388,0.9558163,-5.856588,-27.161627,-2.634336,-33.710453,-15.547922,-3.336214,-7.738697,0.28916457
-6.011338,72.30481,487.11545,4752.874,-1439.4738,11.791414,714.6778,151.04768,-6.4979887,-5.422022,1.1534848,-6.185443,-21.442642,-0.007884629,16.234306,65.67924,8.408391,-6.6946526,25.602211,504.13727,-242.8842,-390.39127,-182.74113,-57.07372,3440.715,-395.41342,-195.48949,32.29944,-249.44904,-395.92172,-52.41382,-895.79333,-825.6362,429.15027,-108.18137,10.730069,-4.9997034,-11.334417,54.214523,0.23448353,49.23682,-28.45312,93.5607,-6.5750957,1.2411437
-9.161107,-654.67084,386.56992,4813.383,264.92172,18.028927,-129.33752,-77.95836,-3.6490753,-2.4120634,-107.09449,-5.8689322,-65.92298,0.022135828,17.361256,72.81601,-17.052599,2.0907962,-21.004313,560.8079,-469.94598,142.15529,-475.49472,19.118193,-600.35205,-423.21014,-32.53996,70.92155,60.559265,-139.91307,27.161615,-184.88728,-691.3459,743.7522,-11.513166,7.946762,2.843529,-14.478347,7.168343,1.7379514,30.222805,-0.6426036,-9.573858,-5.258217,-1.1257519
-10.660607,94.12738,469.30087,4288.963,289.86942,4.5943866,684.914,260.14194,-5.64828,-14.395708,-0.38958752,-3.191846,-57.34777,0.3168157,-18.86389,56.36726,11.469692,59.85367,-39.106953,253.0338,-409.26245,-154.15234,-425.43176,29.499434,-2628.3005,-2702.7395,-274.28183,-1371.5376,-203.40741,-5456.304,-6.372734,-1276.1663,-2139.2964,191.2034,-47.07876,8.764672,8.517509,-8.85305,-14.887029,0.50193745,-31.08193,82.235176,-38.72347,-3.0522428,1.1685233
41.844574,860.68066,579.5986,5836.526,283.94217,11.875411,885.7969,-34.24304,-5.762066,-3.6887794,126.070724,-3.630718,170.78607,0.73002726,-42.94145,-20.567556,-3.0486808,8.218289,-26.595228,378.2098,-221.18748,376.30334,1051.1866,-35.04196,-1471.3162,1702.8627,321.0012,626.5586,183.21414,2870.3005,170.13013,191.54587,201.32594,704.1239,-27.058853,8.978364,11.784034,-8.500559,14.211812,0.24585405,-36.2304,0.7246456,-26.671928,-2.3375154,-1.1257519
-5.643878,310.83337,693.4712,-7077.3657,299.94824,-3.5209124,-165.44032,-156.12085,-3.1256115,-3.8950322,49.119087,-2.452309,-56.237938,1.675993,-21.060915,139.28618,12.647605,-0.9514314,54.405224,95.86424,311.84647,-183.66306,-54.433163,-45.220005,-1360.7388,613.10345,-113.90098,1199.0822,-135.29463,6039.231,-485.61145,793.4558,2161.3562,-861.55585,-74.247185,0.51689553,4.6035247,-7.1154466,-23.435637,-2.6567051,-33.05879,-33.168438,-34.653862,-1.0208763,0.28916457
-6.2290635,188.07549,618.266,-4219.498,253.81227,-5.2001247,-98.01935,-111.54134,-4.867201,-12.374734,17.340136,-2.9149323,-47.869473,-0.06555235,-28.709333,41.642273,20.311964,5.898974,36.888756,-176.11926,-295.9423,-634.66846,-263.61334,-23.254374,-2843.1836,-1257.4182,228.72649,-1150.8097,93.07874,-4939.1978,440.35834,-834.63934,-2025.2329,-329.3045,-63.56728,3.535452,10.398947,-5.0474405,-45.001614,-2.249087,-42.889515,-25.235365,-27.127607,-2.0487218,0.28916457
7.2388744,-326.27106,-1373.8591,5296.4062,-1404.9308,-2315.4514,-109.91986,590.1947,-9.295756,-5.5722585,-23.934998,-3.5485282,-39.616657,1.2570411,32.6202,-118.05375,-18.47572,-12.872444,-6.5548058,422.22064,-364.28217,239.91081,575.4843,-185.2292,-619.3503,1793.912,-171.1004,473.32462,-279.44885,2501.0842,-63.319054,-8.150036,103.76155,326.4597,-142.88176,7.85437,-12.525967,-18.080265,-31.633045,0.19951294,-34.251667,-26.910648,-4.332689,-7.6815357,-0.97057134
62.15836,-461.3895,-1355.243,6441.8154,-1286.4062,-3162.8188,-160.00479,702.4713,-8.449632,-5.7616973,18.668158,-20.107714,44.535088,2.8835058,16.362011,48.61262,51.385906,-24.093086,175.75293,1126.1272,296.92755,240.52098,995.8396,-209.23848,3284.786,1025.0227,243.83635,1317.066,130.05794,4055.2312,110.11999,-35.706326,247.58076,336.89728,196.26762,7.5805554,-15.540342,34.95901,45.93173,0.52334243,48.035496,-35.223045,22.113016,-3.782569,1.2411437
-28.25881,489.32352,-1903.8207,4269.633,310.6096,0.62828034,645.63513,-135.33803,-13.050328,-4.5593977,31.320728,-7.1304026,-190.96744,0.43425044,33.673035,44.27841,-6.774978,10.772559,-16.607828,725.404,255.48398,87.345184,449.659,-135.59082,4222.604,906.12103,-75.60652,1076.294,-206.08257,5084.7593,-163.85243,-11.894783,1217.1848,753.48883,-207.7811,10.788199,3.2418742,-23.162075,-40.207985,-1.1572115,-47.2265,0.07700897,-26.849943,-3.568509,-1.1257519
-7.474716,464.8112,-1433.3376,-6074.006,237.84592,6.071171,-75.62915,-77.85859,-5.908327,-3.509326,-106.826454,-2.9815967,120.95654,0.19649942,17.103086,16.860867,19.194866,23.309525,-12.201802,-224.3654,50.07817,-701.66034,151.87517,-80.70856,-1511.749,356.3859,-98.44782,165.6211,-0.51287633,703.2479,-115.105316,255.2602,121.582405,-862.0871,172.41217,3.5979233,-0.36336172,11.970876,60.117138,-1.210909,41.681286,0.75298786,-8.223166,-20.634537,-0.38091052
-10.4369545,-79.401184,510.40103,4477.7866,291.84872,19.818537,-113.452736,-64.26204,-6.2976727,-3.4351342,15.410501,0.8997826,-6.462687,0.7326771,-17.154745,-3.1908772,38.990868,57.96561,85.44858,350.76746,-287.4791,-102.91946,363.5151,2.303516,-2257.2869,-92.52038,-118.36094,-448.25073,-170.23288,-1122.1,-7.5153227,-84.80248,-862.3271,679.82166,-82.73376,10.749304,14.012713,-14.857609,-6.940859,0.14206049,-16.62762,1.7828165,43.491783,-2.8439696,1.4168137
-73.30921,836.2294,489.30396,5243.2715,337.2206,17.007599,583.5394,-63.84304,544.217,-3.2556794,30.266455,-4.0459447,6.3863726,0.55723655,-114.05453,-60.474808,-34.174072,-10.129831,-35.932514,366.63477,-424.26602,38.392475,260.3518,-1.4526343,-100.18224,-60.5766,-30.82317,-423.1015,-116.37733,-720.15247,-57.9817,-240.04984,-793.7874,510.52612,103.36934,5.2547297,9.135618,53.85952,-11.267293,-9.063017,-35.204994,1.645924,-15.657285,-3.646231,-0.30544105
2.4463024,328.1273,670.4309,-5178.985,230.86067,-5.2503963,-103.57501,-47.270172,-5.7509594,-4.6517143,55.312252,-1.57004,96.38046,0.57448715,13.22303,2.1267085,7.8675075,8.381135,-18.134523,-85.31425,-96.8469,-551.35236,-162.1659,-24.41329,-2136.1372,-307.1106,-161.78427,-777.0952,-10.570866,-2858.8525,270.11218,522.61444,-820.12604,-436.39948,-26.478346,4.428173,6.593689,-5.4850855,73.17581,-1.1031489,48.770523,1.433614,-7.3542585,1.3731526,-0.38091052
1.5611904,44.945007,607.7567,-5509.937,208.00027,-7.210147,-121.67668,-118.934494,-4.128742,-3.2902286,63.121407,-0.88302624,6.4943485,0.6667788,-18.254408,41.332355,25.430027,-0.9761898,40.26654,82.62347,-7.967807,-443.63693,-109.94447,-71.690956,-2219.78,-30.40081,-53.427387,151.14323,-0.4801213,-109.448746,32.54612,226.84854,-431.80853,-670.2514,70.25175,2.7004223,-64.56471,-9.766426,75.23592,-1.4462365,44.578407,-27.419394,-13.530015,-2.752646,0.28916457
-2.812416,-12.429136,628.9214,-4849.914,-797.8274,-4.6182065,-129.74751,-77.85897,-10.13693,-4.9497676,30.740398,-1.3431127,65.28765,0.51472676,7.104569,-235.24495,1.4075282,-16.67597,-53.685665,13.058102,-250.30473,-194.00308,-112.730484,-0.34253448,-2079.8513,-260.20807,115.22732,-691.97064,78.99348,-2596.8257,363.68607,484.90964,-690.20355,-650.36,123.92965,4.676191,-2.9716783,15.307907,74.12586,-2.2000053,64.432945,-29.567945,-4.0424967,-4.6940775,0.28916457
-8.213361,275.7343,-1685.9164,-4836.54,-861.6546,-3.5286357,-58.747795,-145.0606,-6.1514726,-5.5276437,-96.907005,-2.8437982,-103.625336,0.369064,15.559787,4.2620506,-10.439466,34.237087,98.42917,-10.496253,-244.50504,-710.3843,-74.01646,-11.905547,-2086.2822,-811.0943,102.77364,-849.2617,40.220657,-4184.8975,405.64612,-484.34442,-1473.4454,-486.93942,-162.4441,5.479831,-0.697599,-5.126082,-53.178226,-2.1836402,-36.19225,1.2564385,6.31729,-18.52017,-0.43034887
-7.2136908,17.618677,590.66986,-5517.7456,-759.65063,-10.782776,-132.042,-55.752216,-7.4720345,-3.4497633,84.161644,-3.6472735,15.744792,0.92443794,12.646015,41.228893,-0.1988552,-55.26527,-51.289185,153.769,-20.741308,-233.63367,34.49363,53.385628,-1960.4456,268.15405,-3.3299706,181.49213,-11.900449,563.14294,135.39374,368.484,87.67856,-744.66284,84.94283,3.3717954,-7.4207463,14.853565,72.84112,-1.5649655,71.73075,1.3413042,6.432803,-6.1900444,0.4557062
4.1215963,348.95038,-1477.3928,-6202.501,236.61272,7.3075457,-76.43001,-144.42667,-7.287973,-3.3566644,-111.21486,-1.0392578,47.095543,0.79151714,21.252497,-243.82227,-4.341268,-1.8699379,26.915062,-170.08199,-0.27540103,-693.8658,214.24518,-10.361523,-1722.8091,216.23311,-67.59159,96.312325,26.178047,-936.5208,-171.40065,130.02342,-550.27905,-792.9839,176.39772,4.2928433,4.3003664,-5.1518483,79.61884,-1.4349145,46.34746,-25.138252,-11.972183,-22.833826,0.28916457
321.33252,-791.0164,462.54532,7711.347,-1836.2302,-46.82765,1040.2639,432.81927,-113.925735,-8.87639,120.46612,-5.864915,20.188028,55.287903,177.58437,14.658168,-33.141346,-33.72185,-65.11045,1583.5521,2433.0225,7310.3794,226.79808,923.7772,32285.094,6362.867,45.548264,3958.1646,291.7548,15908.211,-65.54148,2862.18,8605.948,327.4174,-128.33655,0.82618123,-7.3190575,-82.59216,-111.89246,63.950222,69.307785,-19.781956,-59.978676,-12.509638,-0.97057134
-8.6146965,951.2545,403.4495,4354.341,264.2623,10.198691,-121.868454,-21.664963,-9.392436,-3.6064506,-62.87083,-0.6048299,47.54465,1.0137668,-15.075611,108.43466,4.2378516,5.998664,15.175552,-275.02176,-158.0977,-181.49629,-402.47165,22.120127,-2462.4165,63.16673,-142.99304,-589.55896,-150.23634,-1963.8523,178.69147,-58.174393,-751.12054,-500.14545,27.258493,7.823552,11.067281,26.828487,12.041141,0.251089,34.18412,-11.709701,28.677092,-4.6696477,-0.43034887
-0.45633423,122.11164,424.60977,4856.184,281.83844,5.6906595,672.59344,91.01658,-8.19373,-4.0393863,21.332027,-2.1262927,-38.656746,1.0570574,24.34067,-182.30568,-25.178448,-9.637029,-61.973442,408.69177,31.19789,112.6972,74.71982,-45.5156,-1043.9174,1524.2827,-142.00406,580.2823,-232.88954,2414.7698,33.464836,76.26961,16.313833,599.39307,30.158417,11.352983,-58.509163,-17.487118,-4.890296,-1.6007535,-31.624846,-14.465155,-38.088364,-4.665,-0.97057134
37.924976,-362.39612,-1466.9169,6437.2334,-1187.1251,-3182.236,-192.06914,799.2479,-9.353915,-15.412004,-40.35641,-5.2232676,13.1807165,-0.4778665,76.09342,-293.12503,-12.775089,-31.893124,23.582804,413.93164,608.9823,139.02695,1001.195,-145.09245,4619.598,1819.007,-202.74176,1283.0072,51.495815,5491.651,7.0770984,1859.9396,2666.8247,370.67435,-205.38806,8.271807,-13.212726,-15.864682,-52.40554,-0.64403087,-33.51812,-29.237923,-4.9394107,-8.898596,-0.97057134
-28.49112,1238.9683,637.8716,6539.6396,379.05917,10.4188795,-145.02594,-63.27421,-5.0959744,-3.3133783,-145.38435,-5.566277,10.429684,-0.20079342,8.984314,82.083984,-13.743537,10.3999405,-23.810593,653.2319,816.31836,-394.7096,-215.6908,-32.651344,5193.4507,1321.61,-190.42749,1185.7252,-62.824978,5374.4746,-134.33633,1401.6595,2441.6436,-807.3207,-57.300545,15.798198,5.2806416,-22.324234,14.672896,1.275538,50.881584,-6.2094507,-7.8347044,-4.075367,-0.38091052
-35.17986,25.1765,-1460.18,3432.089,-708.28516,7.837615,450.63254,-91.745415,-6.3851843,-7.6520457,40.092846,-2.18625,-42.262787,1.3326701,27.33119,4.283755,-5.248164,-4.575474,-6.3768177,205.43158,-378.20932,216.94943,-85.35984,-212.39922,-2109.8015,-1569.4043,-38.60667,-885.82666,-81.45225,-3993.1787,29.517015,-613.4791,-1135.383,379.4671,238.10822,13.281839,-1.5171266,34.621944,-31.75647,-0.342118,-62.661278,-2.0560584,73.02267,-7.2563243,1.4168137
33.996906,315.33704,646.1634,-6502.523,239.46774,-1.0102477,-150.1531,-75.97285,-7.422497,-3.6046002,-14.264577,-1.1228428,26.689125,-0.3035875,-25.271381,5.535104,-18.435995,21.45738,-43.49973,37.965473,354.96146,-380.10205,84.2435,-65.76189,-1787.875,529.98425,-66.3064,1109.0414,-6.241932,5223.281,-451.49988,586.79785,670.4027,-871.11304,84.53902,0.7189458,4.2918134,20.52166,25.765623,-2.584217,39.322754,6.2581096,-41.042164,-1.527096,-0.38091052
-13.418391,92.89664,-1478.8253,3506.182,-701.2567,13.269711,420.30658,-94.44067,-8.599444,-3.4565845,46.217533,-2.7794893,-11.554884,0.60880446,23.313879,85.47363,-5.9800997,-20.330158,-6.015174,265.12674,-327.0698,284.60455,30.642097,-143.57509,-1943.3135,-735.97485,-19.026731,-893.95667,-99.24148,-3121.9768,25.70943,-516.6552,-726.7197,349.12195,233.25475,11.14854,-1.2965525,32.631123,-32.3147,-0.25357875,-59.46419,-3.8103137,58.075558,-7.2187023,1.4168137
85.054955,-639.4017,396.35928,5459.44,297.1405,13.79529,-157.82614,-87.3814,-12.884938,-2.965961,-140.82738,-6.836686,-6.45291,0.61230856,18.25863,38.749725,-11.314602,56.3022,109.39439,777.7857,34.409935,214.6114,133.20146,-72.19409,-484.18524,398.2382,-90.72397,1351.5219,-176.18242,4874.374,-47.819653,57.493687,243.1225,907.91833,14.034321,13.328666,2.032413,30.947517,-8.671086,-0.037738286,-26.54728,2.074787,20.811447,-10.295989,1.0717654
-12.6767845,168.87093,659.0211,-6101.0444,186.5752,4.1007185,-191.86667,-117.51991,-3.784165,-3.7997475,-32.311474,-2.11935,33.687786,0.12423421,15.031252,-65.95572,19.945549,-38.179886,53.36895,282.25818,550.95386,86.16973,48.061775,-70.535736,-1626.9912,642.1349,144.1555,1213.1138,226.20064,6285.612,-74.90681,768.0006,2556.3254,-821.88666,89.87974,3.1244512,-54.949917,-54.36465,35.61396,-2.3948143,32.790123,5.725196,-13.957438,29.596022,0.4557062
14.379297,-883.16754,375.48492,5053.2,191.40508,20.695993,-132.26973,-146.78003,-3.0351458,-2.2930012,-109.278076,-5.8811183,-49.040554,-0.32398343,13.21583,49.226627,30.562021,-15.5854225,40.178486,844.5275,-337.13602,125.50293,-428.87488,-57.277664,-1204.3718,100.75716,43.409454,136.43413,80.17487,233.42648,55.949802,-177.67339,-541.9183,791.9206,49.96903,8.173611,-23.740604,-14.67029,3.8670692,1.416501,29.585026,-2.57984,-10.422824,-6.5603333,1.250272
-11.066095,877.1241,484.26477,5295.6875,287.15656,7.803162,-116.71064,-50.063778,-6.5365477,-2.847791,-83.33595,-3.1361017,-86.82357,0.52368015,-33.312233,-224.51353,24.020046,-26.091122,-35.273186,139.08377,-30.895012,-461.74796,-307.29193,55.200626,-1695.5021,-641.55597,378.94537,-885.5307,150.06232,-3464.1438,27.289795,-386.29895,-408.53925,-338.6673,-80.44326,5.122411,7.9800725,-9.221336,6.119624,-0.09262672,-9.655634,-9.95527,18.727003,-3.269731,0.4557062
-7.954498,-548.5451,-1202.4454,-4889.8843,232.43916,-3.3591719,-65.647354,-203.49716,-4.518078,-5.447843,-72.39971,-2.3374531,-103.776695,0.6492155,18.305431,29.651455,7.8569326,-1.2101791,22.125505,-151.04901,-273.00143,-26.7565,-133.43887,13.00739,-2449.2944,-883.87195,124.3436,-786.1599,79.8448,-4007.408,378.98096,-449.83893,-1426.3943,-662.85956,-111.16483,3.2895296,6.452134,-4.809419,-47.150635,-2.1564577,-34.14464,-9.7248955,-2.5034375,-4.4662337,0.28916457
-13.924426,-867.0247,-1364.8785,-8076.034,239.79187,31.518892,-236.87303,-222.49646,-11.635268,-4.39284,-110.341576,-1.8586519,-94.185555,-2.1252031,24.531124,133.32816,105.30165,67.77784,15.263548,-370.09238,1381.0822,1956.277,877.0809,117.9521,10004.4795,1940.2891,-206.62796,1738.8433,-274.84897,9711.4795,145.46893,2186.5605,6618.6475,-841.9802,-225.63768,-23.070576,4.55383,-0.72512656,69.4918,-32.183987,30.254938,8.257606,3.4937935,-6.9332395,-0.38091052
-41.048607,137.21999,526.30005,6419.1,360.9258,28.108624,-219.43991,-105.5815,-9.255399,-2.910832,40.221428,-10.89723,-6.973599,-1.1321176,-9.256259,96.7166,68.36109,-20.557154,62.754536,976.5892,298.5846,-204.89929,892.6794,-12.15138,5345.941,1532.8677,-250.13022,1418.9839,31.999807,5342.896,114.792366,1073.5085,1916.7596,1169.5452,101.50093,8.065783,7.026504,200.3244,32.481403,1.628177,39.35213,3.4528024,44.721046,-3.283177,1.4168137
-44.399826,146.38333,509.96124,6178.55,406.18417,4.198007,961.89197,320.16318,-3.5707295,-4.603693,79.27148,-10.8483095,33.150112,-0.24854092,30.972786,61.122456,-7.4954123,-9.232135,-62.343,650.6051,-151.18703,-19.803946,575.5522,-105.701935,5001.9565,92.60583,374.3548,1164.4559,183.88432,3607.4714,143.17226,-496.4083,-143.7973,676.6545,-36.642776,6.9439344,8.048037,-12.025305,16.260992,0.73071903,31.799576,-19.066027,-48.76584,-2.4453568,-0.97057134
5.0741973,424.6372,606.1281,-5740.199,218.17014,-4.4354753,-143.5292,-82.83521,-6.0762,-2.794293,59.333725,-1.1757329,12.507682,0.56955606,-6.3478217,24.464886,-21.330975,20.547216,-28.27855,-9.898542,286.97107,-472.78574,-20.632235,6.0682983,-1445.5818,262.34946,-127.70125,275.69913,20.807001,1162.2452,70.99759,513.368,312.68802,-730.1225,69.295044,4.677828,-39.655163,-5.5053673,39.70952,-1.5934733,43.752544,5.3877473,-7.273333,-1.9615653,-0.38091052
23.47071,-583.34125,384.84616,4374.332,-1032.5844,5.450225,-132.38551,-38.881454,-6.8567033,-3.1825001,-15.565818,-4.3536425,-40.168118,0.7769225,-26.572002,45.51534,25.002352,-12.200589,17.380735,519.5656,-372.58307,270.4093,-36.439243,25.741514,-2119.1726,-736.0191,10.805605,-788.59174,-189.07808,-3710.8474,17.400414,-535.6661,-964.8504,483.7205,122.30082,12.275003,46.74297,-10.927427,-27.498789,0.5910916,-39.387424,-3.0204103,23.937702,-7.2042603,1.4168137
-22.079716,-694.0923,-1181.4686,-6266.647,281.5341,20.885721,-135.7949,-161.96768,-5.82571,-4.725092,-60.478195,-2.1126752,59.5428,0.13088122,-25.799242,201.65042,-29.190264,-81.881615,6.6490045,-900.8459,514.859,409.04764,400.399,-106.88055,-727.6175,622.07355,304.25644,1103.6537,34.20383,6945.3687,-1805.2052,661.5396,2523.814,-862.3896,157.12311,-3.3778937,-155.46552,-11.07741,-19.07467,-9.236883,-29.31139,3.2142446,0.46852994,-2.0292122,-0.43034887
-81.43768,-704.6493,-1394.2963,-7428.3677,180.77823,12.034578,-204.27892,-152.34738,-7.7330494,-5.338283,-88.101425,-1.240781,48.920856,-14.393498,48.071465,65.28068,39.55473,30.289484,-11.758541,-275.62192,673.88306,651.4669,373.59827,31.30394,-160.77649,946.49744,-43.829277,1609.7584,-202.6424,8046.388,-45.231106,1617.8658,4444.092,-953.4838,295.09293,-2.5672631,0.20743762,13.943117,-37.725533,-5.726698,-24.263645,0.06643287,5.1908655,-9.06507,-0.38091052
-5.752874,-704.31836,436.79663,5499.965,-1243.8179,-1.1196563,-151.106,-51.717743,-6.5931096,-4.0290627,5.437566,-9.840517,-82.09416,0.9138789,13.734175,72.20583,-30.319023,-48.22983,-26.736134,882.9841,47.36269,-172.16615,282.22598,-166.46136,3037.247,183.42244,-120.07383,1248.6631,-197.77065,3596.7742,70.075584,44.70688,-6.167564,818.47876,119.1178,16.772848,162.73183,-21.113173,-42.007263,1.186556,-45.10934,-2.2739499,-9.118928,-5.6879773,-1.1257519
46.589996,1078.4238,460.34293,5096.5503,288.74518,8.965939,-105.5554,-27.526382,-8.356177,-2.915864,-98.77994,-1.9902686,128.22559,0.68442225,-21.376675,-240.57062,-9.727907,9.422401,-30.99812,14.222407,113.63545,-373.44168,-418.54376,4.905744,-1790.0953,-138.88452,149.80055,-471.2745,-43.70101,-1060.9882,-19.525976,-69.06835,-965.6474,-542.7997,-53.22978,12.398566,5.1245227,-8.947984,-4.944853,-0.053491313,-20.462246,-11.766251,-9.834507,-2.921416,-0.38091052
14.845419,387.12213,322.40125,-5967.8643,-58.875748,1331.6663,-201.63292,-181.35304,-8.531036,-3.1633584,82.99296,-9.454497,321.91653,22.06522,38.04825,44.91026,30.534039,29.54769,-14.143987,-13.588408,1463.9039,-202.7416,154.84766,26.105442,4006.9275,922.14813,588.5573,1115.4124,212.86797,4981.4785,-71.7948,1468.9413,1992.9535,-655.82495,-33.99449,13.571278,-1.1793382,-47.319687,64.66361,-32.025517,0.67606765,6.4533486,-11.010674,-3.3300872,-0.38091052
-26.948484,-1255.4913,408.22656,7279.776,331.51486,30.131783,-186.37694,-74.83449,-5.281631,-3.485261,-132.90302,-6.304469,208.1187,0.7328388,-30.523573,78.61752,15.917588,-11.589528,-16.452955,1280.5001,-184.29056,-41.030113,-468.7238,-18.437515,5637.2812,1057.435,576.4818,1119.698,190.49286,5388.774,18.47964,496.9265,1717.2212,1049.2292,-18.897861,6.603712,1.3574995,-18.545204,-4.5674076,0.89032286,-37.608295,0.4230949,-7.4704757,-14.843402,-1.1257519
22.309238,63.69263,635.3448,-5036.023,236.5445,-1.7713152,-105.28923,-86.60679,-5.0487957,-4.722316,42.596653,-0.79844505,-22.482851,0.16797028,16.866976,35.57498,-10.091088,18.354496,-30.016733,-209.27419,-207.29564,-551.56067,-141.77948,-21.028584,-2659.79,-844.2866,-107.084274,-796.4019,10.139674,-3368.543,154.0415,-254.48222,-1041.4822,-435.25662,-52.29543,3.497953,13.314304,-6.682137,-54.78214,-1.1859617,-38.127415,5.502733,-8.191178,-2.3328247,-0.38091052
-18.346104,-554.4355,399.13882,4448.514,-1094.3812,4.006251,-132.09274,-50.32712,-7.478546,-5.391545,-3.386719,-2.4646766,-102.86385,0.80550385,18.912241,109.19571,-18.873999,-1.6302525,-15.926063,330.227,-378.87958,62.232986,23.146353,77.78245,-2196.9834,-1669.2874,8.86408,-1198.0084,-111.945045,-4370.266,-37.53269,-669.98334,-1315.6942,475.48593,-89.36014,12.892639,-7.3435855,-11.700738,-31.01412,1.296004,-40.576275,-2.4302933,-9.0601425,-7.09098,-1.1257519
43.527252,243.74535,-1770.7075,-6263.905,-807.4629,-7.70364,-118.8356,-150.64107,-9.510293,-5.0088525,-91.30011,-1.2906023,93.41509,-0.24796396,14.54899,98.19947,-22.055882,4.9311085,98.06179,134.35529,378.34164,-619.9069,-67.34155,-31.991968,4449.7583,266.20328,280.23254,902.1173,48.168182,3186.108,299.15076,-160.68726,-520.1982,-874.96875,256.495,-1.3611108,-16.994438,20.968544,89.80116,-10.960415,38.82382,4.2564588,16.683107,-23.350079,-0.43034887
-4.6051445,-398.25153,367.24664,4632.434,317.82974,6.320934,-124.26673,-83.48026,-5.646106,-14.315725,8.565802,-0.34331217,-9.07737,0.34524384,11.552751,-17.23339,28.888607,-16.086714,-36.361958,179.96706,-185.95364,-11.726943,-154.81197,57.02488,-2494.4207,-2630.3777,89.209785,-1262.742,-101.43483,-5361.129,-86.52699,-1297.7775,-2189.1501,483.93066,-78.8193,10.980802,-0.52428186,-10.736812,-12.930584,1.017309,-22.636509,1.4327276,33.937565,-2.9374433,1.4168137
-8.641865,-42.856678,510.56772,4929.735,313.09467,11.979021,-119.31522,-68.80634,-9.12239,-2.71044,13.605073,-3.0796092,-108.29055,0.10965362,-32.27023,-273.3885,33.41341,-15.825604,-32.5524,346.1411,-286.58633,213.07364,292.70352,16.519867,-1697.8737,-469.6271,95.48864,-778.1307,103.29058,-3041.1348,79.19199,-485.31863,-518.8489,647.6264,-84.3793,9.715561,13.593876,-13.098379,-1.4193959,0.46079877,-17.53722,0.5613694,33.538647,-2.2461333,1.4168137
21.434284,-225.63487,-1209.3912,4751.753,-886.7399,-2475.0564,-100.877556,457.61646,-9.163679,-5.229787,-111.96585,-14.35233,112.67459,0.91543716,-58.075855,49.09057,-12.746349,-12.786097,-25.469175,628.4324,-246.10188,372.35278,249.99733,4.8238735,-1370.5573,99.43842,1.6099665,-602.7737,-89.173134,-2971.3982,47.69144,-340.06702,-707.1828,131.26414,114.65735,9.520889,-7.027307,30.247833,36.70393,0.6884889,40.238045,-25.158485,-6.3079185,-5.2894197,-0.97057134
-4.366614,182.71762,607.01025,-5753.7617,252.35059,-1.8705225,-138.01677,-86.741264,-5.906255,-3.1688426,59.882927,-2.0897481,45.614796,0.4088332,16.918287,9.954027,4.904552,-2.6117492,-3.4188795,-58.36118,56.262848,-341.29306,28.284317,-26.69165,-1751.6212,351.65845,-92.583435,458.25208,34.841587,1104.0848,-143.36967,473.22064,222.85832,-766.8595,64.86499,3.3175282,3.5771017,15.5681925,22.316893,-2.6690176,46.56016,-20.976421,-31.775772,-2.4008963,0.28916457
-14.268228,82.54154,552.59033,7439.653,489.27902,26.581608,1219.5087,950.0768,-4.381975,-4.0764995,137.14748,-6.6897507,53.397957,1.2055311,57.949364,166.47954,20.95529,202.35562,-63.8589,654.98035,47.4747,500.3336,1038.3604,35.875347,7217.871,1987.8961,600.86786,1513.5322,243.45915,6915.241,327.68735,1741.2363,3004.5012,664.97986,-66.38504,4.5784035,19.066423,-19.628212,-16.394966,-0.7550082,-27.990847,182.51968,-57.4467,-3.4307632,1.1685233
205.66252,-829.1476,481.2693,7362.958,-1697.0094,24.228022,-233.86539,-148.73181,-13.779194,-5.7430525,61.802868,-6.845232,40.76399,6.4017487,17.661655,100.339905,8.239598,-30.870296,31.925262,641.2152,118.522766,177.71683,914.838,-286.22546,5802.0303,1841.4119,534.71155,1472.0719,246.62277,5742.115,120.65802,1461.8997,2376.1091,1118.8711,-85.74465,9.143292,-29.516117,-21.386372,-51.156242,0.94517064,-66.097496,0.7085462,49.505756,-10.3255825,1.4168137
-15.379021,-1016.7608,383.45102,5423.1763,169.00417,20.889637,-163.59576,-91.16457,-3.6400576,-2.7819178,-79.17721,-5.4359417,-1.828471,-0.19366954,20.442747,19.097628,-5.1146607,94.827415,25.572462,676.3281,-364.23193,174.47449,-331.66586,6.096915,-2073.0796,579.8384,129.06989,172.32146,116.43388,534.1803,45.17706,30.311302,-296.49622,833.7928,9.5114155,9.570607,5.967019,29.352987,7.862033,1.4080856,31.555382,1.0559838,28.591425,-12.881403,1.0717654
-6.040145,-499.21484,-1335.5079,-5723.701,300.95633,2.4744189,-89.77919,-183.83014,-7.4685183,-3.4299154,-63.86545,-2.9783409,15.9815645,0.54899377,26.86215,32.705128,-18.988476,5.785318,68.33629,-211.02948,176.48772,173.61563,390.82526,-33.118587,-791.1174,633.33466,174.4607,423.49762,52.61262,1734.4943,545.8293,441.8053,334.13522,-764.38226,-135.34581,-0.6078663,4.4869504,-4.391463,25.927065,-8.541407,30.318336,3.2488067,0.090095885,-10.450065,-0.43034887
-7.623308,-94.2458,397.07675,4269.807,230.99193,14.257548,-97.613205,-24.12448,-8.2384405,-3.009246,-9.56235,-2.4787378,135.88737,0.4521594,-27.234917,-175.20053,-29.301338,1.699618,-22.458578,313.4704,-278.5561,160.4998,-36.579586,5.730256,-2257.7605,79.59364,-166.35263,-786.9982,-148.15945,-3048.0405,34.647823,-505.52335,-695.8825,503.24966,32.573162,12.297982,10.022514,37.285816,-0.47572005,-0.12589686,-18.64424,0.033710815,-15.449995,-3.2065585,-1.1257519
4.4967422,303.7498,-749.6494,6156.731,321.35428,750.74677,1132.6665,654.436,-6.195696,-4.444113,45.15161,-13.146559,-45.500286,4.992614,40.220856,110.86448,41.200684,-43.958206,151.37338,742.0991,100.51202,-50.100796,956.24536,-17.618742,5836.1094,1626.0833,288.11996,1509.885,38.640755,5594.6924,42.03381,1049.9625,1853.7732,906.7104,-71.12479,9.018105,8.584685,-5.7160993,22.146341,-1.3585241,24.657278,-20.286821,-50.204693,33.904495,1.2411437
10.503629,-297.37555,-1353.5139,4313.4087,-1161.9092,-1662.0626,-100.73869,415.32132,-8.011476,-16.568329,-57.790455,-4.796664,-64.02059,0.5960509,26.240866,-122.223305,25.031479,20.481539,13.32239,404.03394,-493.81042,-380.49496,-7.933036,170.13066,-1535.3701,-2050.5063,-178.11073,-1070.2874,-222.08054,-4202.6953,47.522697,-1164.8695,-2028.1448,362.3413,-131.17389,8.877318,-4.499,-10.560536,-24.538668,-0.0010334514,-36.66532,-34.219345,10.528287,-5.328074,1.2411437
-105.45414,-52.05082,534.1426,8193.776,653.15576,14.202929,1190.835,511.70587,-21.970299,-10.672033,94.276276,-4.6262546,-30.128216,5.2206674,63.295124,54.926758,11.913549,-90.112114,-111.74618,-134.56569,313.47598,3013.706,944.28406,272.0993,20572.344,2568.7905,733.3234,2371.4795,208.01035,12110.379,-65.05741,2337.964,6290.1436,434.2924,-55.875996,3.1661515,24.581463,-86.3852,-26.864845,10.963713,-47.631298,-7.7764807,-59.983624,-10.912569,-0.97057134
-12.312189,-848.1031,387.41943,4873.9297,231.8756,18.585995,-143.6707,-52.180218,-4.2311716,-2.3856754,-103.35954,-6.80953,97.92562,0.024910677,15.0580635,50.75603,-10.975134,9.048602,-23.597979,598.70026,-471.6467,139.60791,-456.19632,-1.8976754,-1254.5142,-204.96738,84.138535,60.876316,45.250385,102.722374,96.69156,-197.44914,-601.80396,821.21954,-13.575253,10.410155,4.684509,-11.864798,9.843931,1.4916214,28.873438,-2.6011276,-8.275574,-5.6523447,-1.1257519
-13.801138,327.38232,-1383.7937,-6126.446,159.29944,9.055217,-75.59791,-110.05212,-4.0195713,-5.183615,-112.26283,-0.011065483,-100.39211,-0.048381023,20.381361,42.064316,-7.883052,-23.088675,-12.74177,-212.88411,-114.98071,-890.96155,102.55628,-100.75542,-2630.9316,-340.4075,-162.06117,-740.02325,-14.572556,-3219.8623,-263.47562,-256.1171,-952.85156,-567.26294,200.31686,5.120543,-0.5931257,12.434578,79.43991,-0.68514866,49.815876,3.838753,26.956888,-20.902468,0.2911339
10.271327,-17.239733,411.38983,4916.582,285.37067,20.31338,-137.25366,-73.6114,-9.232297,-2.0717232,6.103784,-2.2820606,-157.99089,1.4496509,26.886316,-242.37614,-47.17584,-7.531916,-28.048532,367.35245,-230.02155,59.493664,160.08368,52.265232,-1318.3641,412.3178,-155.48866,254.64952,-173.03076,432.94928,38.61114,-61.164085,-384.00092,737.1045,77.1915,8.360815,12.388108,51.025677,11.824116,0.043307915,27.211018,1.7745436,-16.174286,-2.5912163,-1.1257519
-11.629275,-637.2213,-1180.9509,-6126.9185,139.87054,-3.5384774,-108.38873,-99.32328,-6.9867635,-4.081389,-123.27745,-0.37354022,157.37926,-0.3118092,-15.838332,-7.8148046,18.115576,20.340847,-17.340446,-163.58492,290.66882,330.21402,289.50632,-37.426468,-1557.6477,437.73074,46.485012,1238.6959,-3.0303586,4486.846,56.25027,447.57645,563.8371,-919.4486,168.11578,5.6209655,-9.6456,14.717763,33.32818,-1.917383,37.549988,1.0529864,-2.889439,-8.8748,-0.38091052
31.825514,-285.26004,398.977,5292.287,359.4833,21.23263,-140.64005,-77.82533,-5.56129,-2.151875,31.316858,-6.4086447,-8.019706,0.266524,-26.758614,70.2778,-44.827484,3.6119661,-29.560276,482.2816,-288.97427,229.1307,260.15775,-46.21111,-1228.0364,214.07486,227.51762,-154.37874,93.18255,-837.8687,55.77141,-113.628815,-744.01025,803.01636,63.018044,9.586751,0.5453475,22.610828,-6.3684816,1.2666544,-30.854445,-0.76223725,-10.656774,-1.8365489,-1.1257519
3.8513064,-108.85805,395.2586,4004.6804,266.31198,8.96097,-97.39371,-65.67087,-9.041029,-2.967267,-17.967594,-1.9438448,78.46782,0.29426157,4.9854507,-125.623795,39.654613,-19.226082,38.973858,301.73065,-294.91257,90.14869,52.51198,0.3285357,-2185.0527,-1175.7604,-172.66414,-829.08435,-167.99568,-3727.266,59.29906,-572.2084,-919.75494,534.45526,79.87683,10.82789,12.90564,35.569645,3.5770912,0.23321417,-18.228088,-2.3938298,-15.284583,-2.8881946,1.250272
-6.906008,-675.70996,-1421.9148,-7156.416,99.36801,-1.7326854,-170.07399,-176.53773,-8.939052,-8.841632,-109.60087,-1.6093254e-06,3.5484495,-1.1424155,38.377907,-165.37419,28.381516,31.59446,-21.152292,-175.70535,242.3139,638.21436,340.29324,21.639109,-1329.7329,801.2402,-126.86068,1245.3774,-228.72098,6279.151,-180.79343,848.4028,2223.2827,-1135.7046,-233.80858,4.1846166,-9.843496,-5.868715,-36.345768,-2.0205061,-26.179733,2.1792507,8.406593,-4.4471817,-0.38091052
-8.896052,-256.68372,-1303.5978,5723.701,299.61935,-3376.862,-150.76596,486.5833,-8.957107,-4.816119,-45.763504,-18.47446,97.616425,0.24230848,-51.440624,103.63305,-17.518305,-9.764997,1.2227207,949.0785,389.6466,26.324255,346.21075,-131.93289,3097.2312,990.2103,-341.933,1169.5492,-216.60889,4760.306,56.65737,145.54556,1658.5623,188.20164,161.46011,6.3794155,3.477173,57.039238,31.354107,-1.1899376,40.686916,-19.187214,-9.971358,-3.1526806,-0.97057134
12.132427,72.66153,654.6387,-5513.9644,232.56435,-3.4329093,-103.46643,-52.51975,-5.1634455,-3.2363145,53.613445,-1.0081224,126.32848,0.5706019,-22.268238,43.182983,7.443049,17.731985,-25.79476,-57.33051,-30.468845,-650.60126,-134.45543,-20.749573,-2576.1143,-284.3483,-151.37544,-157.26323,-8.435568,-2447.9587,84.522156,239.53291,-555.25757,-572.6146,-31.932295,3.300812,10.763266,-7.6233187,-62.312843,-1.3614566,-45.10429,1.4745389,-7.897384,-2.3191054,-0.38091052
7.0317264,-626.68207,-1106.3895,-5690.333,216.87898,8.428698,-92.93627,-158.41574,-3.9790614,-4.820674,-68.031715,-3.6754553,-14.32267,-0.094540134,16.47109,15.887821,-11.468843,-5.621921,-6.6344333,-186.16617,-218.11462,147.11644,1.22174,10.156257,-1893.8728,-292.2967,-124.86305,-718.14734,19.646345,-3066.2092,61.705406,97.05639,-785.131,-733.7058,120.237015,4.1184006,3.6542666,12.386831,60.877193,-0.9258407,43.806305,-1.4414154,-3.5386317,89.28216,-0.43034887
-3.687601,206.18529,692.0496,-5157.782,249.05745,-6.0818925,-109.578354,-64.39454,-5.7789836,-3.1367254,13.220354,-3.1716242,-27.635012,0.38314933,-33.827225,-6.492168,-4.4640374,14.070242,-40.759384,-220.86302,105.760376,-424.3285,24.211973,-18.529154,-2040.1946,-163.75378,-107.11308,125.31126,-4.7700305,-97.92509,471.77084,236.28175,-374.3219,-602.69147,-62.586246,3.304725,9.901049,-6.5690746,-49.416195,-1.368687,-34.53854,4.99913,-7.887473,-2.4719102,-0.38091052
28.094927,382.5893,639.5917,-4189.942,275.05038,-6.3898287,-101.5769,-72.96551,-6.018926,-4.733107,4.511395,-0.19494385,-12.564937,-0.100126356,-24.49318,102.29094,-17.26548,16.11229,-26.30824,-159.10901,-319.67188,-604.6156,-112.748215,-59.81124,-2300.8423,-1140.7472,285.3545,-1142.5139,120.799576,-4489.8506,379.94412,-690.5505,-1622.8091,-349.89386,-46.218815,3.229389,10.209474,-4.5880213,-52.557606,-2.2667277,-39.851143,3.2274966,-5.4030056,-1.4031752,-0.38091052
-38.053886,555.97864,-1974.869,-8683.701,122.77423,15.8849945,-240.04991,-240.82263,-4.1675234,-8.96014,-92.347206,-3.8419774,-153.45262,5.6557064,-1.2129666,35.484074,85.64533,28.486645,-9.824857,-460.03064,956.24036,-357.2649,644.4096,296.7454,7213.176,1275.9319,-129.65427,1145.0118,-180.24466,7831.888,-270.65634,2505.753,6257.987,-749.8678,-224.03477,-2.7274804,-7.2248826,-6.5571766,62.690723,-30.130869,42.968388,-2.5523942,-0.2515758,-15.812178,-0.38091052
26.955584,-17.414684,509.93808,3958.1685,-1102.9747,0.78932214,640.1935,165.8284,-6.735767,-14.525707,19.576666,-5.7633696,-44.956013,0.9329058,11.539652,56.36876,-20.43976,-7.6690407,-40.098824,353.4777,-359.93384,-309.71576,-428.1163,55.17685,-2133.8823,-2185.0825,-287.83127,-1309.1659,-226.20757,-5233.517,-2.5507889,-1035.1656,-2019.6001,256.38733,-97.8572,10.016145,2.1548715,-10.983159,-27.316042,0.72144735,-49.675167,-21.75696,-29.190344,-5.1186676,-0.97057134
-12.293259,222.27028,706.524,-6696.762,224.7163,-3.8596623,-166.63042,-89.80305,-2.248863,-4.1350913,15.041581,-0.48691368,-93.884735,1.2953553,-21.508673,4.5442247,-1.9944097,22.842684,-30.01062,-73.30254,335.89236,-358.42755,-12.50971,-78.98477,-1976.109,462.48718,-143.42628,1046.4601,-28.129904,4933.6074,-457.09283,450.23297,612.60486,-784.7986,-70.394325,2.6595376,4.054004,-40.087467,-18.221428,-2.5694644,-34.757023,9.542867,-19.19927,-1.7212414,-0.38091052
-8.179121,249.12321,-1430.0171,3405.137,275.08792,6.0401044,369.30667,-78.24073,-10.241572,-14.605078,34.15846,-2.6416168,1.2392663,0.43041232,21.359028,-271.80356,-23.627615,7.292019,-6.3375883,274.72128,-384.7503,-0.7756652,-87.63429,-112.330055,-1143.5244,-2150.6118,-25.110964,-1089.1234,-47.722866,-4810.17,-24.875454,-946.57526,-1833.7051,372.93893,164.69424,9.526797,2.5329113,20.70867,-32.774105,-0.34598157,-52.18001,0.5588438,-18.86317,-6.8891506,-1.1257519
10.75791,371.8086,-1436.1759,-6509.002,145.89499,7.0949917,-70.37008,-148.03864,-4.839244,-4.2282763,-129.60938,-0.15912999,-114.3893,-0.2954183,10.095528,50.13089,-15.69623,-35.6432,-39.365555,-201.52812,34.67453,-822.3584,231.12556,-39.022976,-2287.4307,264.73688,-181.70691,79.03686,19.828989,-252.40709,-90.08413,99.81199,-702.38354,-902.1819,199.62204,4.276848,-4.4428077,-2.1858454,-65.06204,-0.95948964,-40.173767,-31.040428,-5.517984,-23.2705,0.28916457
-15.137189,-259.14536,-1291.2374,4448.359,-1048.3724,-2330.4817,-100.08216,533.3971,-8.856699,-3.9076018,-160.03978,-13.121426,-116.40245,0.80652475,-10.615861,-197.79701,-20.63221,-9.007045,-8.449137,540.6794,-243.40274,174.21446,289.87485,20.077309,-1759.815,-372.28308,1.9926529,-682.4061,-155.77132,-3066.1267,4.7745366,-415.37125,-787.25806,102.20721,-114.35154,9.720581,-4.0768366,-12.615387,38.951946,-0.15950614,38.79718,-30.11176,-4.9366393,-5.5452256,-0.97057134
79.61733,-474.0407,-1179.853,-5089.884,140.73586,-2.2938101,-77.89256,-154.38837,-7.133229,-4.714641,-46.305515,-1.3271438,-31.289742,8.458132,-27.983849,-251.06973,8.623018,-16.651508,45.387554,17.52717,-282.91766,-51.061325,-180.98978,-18.904589,-1488.3257,-1040.8478,43.87495,-906.5759,40.30983,-4356.175,183.76202,-731.7187,-1849.6085,-696.8566,-124.048676,3.2011523,-1.5519649,-5.096645,-53.220417,-2.2128336,-29.9566,3.4147587,-0.44580758,97.50707,0.4557062
-0.098915435,-345.9636,-1268.4468,4968.4067,-1042.5798,-2981.966,-111.53895,725.24475,-5.861651,-3.64737,-39.28498,-9.25476,-99.672516,1.2420853,11.160602,39.17283,-19.698774,-17.104477,-17.1527,487.91162,-242.01308,103.29129,202.8788,-157.9323,-1634.697,1361.5825,-232.8822,246.37129,-284.25272,424.20547,98.40426,27.859861,-215.43997,152.79083,-125.879425,8.239956,-8.883674,-8.99158,-34.078674,0.541106,-52.4084,-26.928057,-4.637538,-7.3680816,-0.97057134
-0.24575946,186.46417,688.7704,-5271.3984,245.38191,-5.8309665,-111.69169,-86.571495,-4.534511,-3.3201108,44.804424,1.3068368,-62.533115,0.37750614,10.454679,100.20237,-10.653232,17.273438,-27.616518,-179.27074,-63.800156,-440.31122,-19.114906,-76.98033,-2165.53,-171.87642,-108.32381,129.55167,-1.2653217,101.893364,255.07599,235.99962,-280.69983,-649.6013,-53.868656,4.1206126,6.5914683,-6.554947,-55.711292,-0.97706586,-39.427254,4.537926,-8.217282,-2.684361,-0.38091052
-297.31992,1012.3824,531.61975,7789.3906,423.84048,7.4609065,-161.45262,-106.46408,-11.315097,-3.2940269,-65.8814,-4.604369,-27.236607,-6.790049,15.460992,136.26479,-22.873526,-16.19932,-23.72394,1160.5831,602.6185,-632.82904,-310.57925,-123.25357,7835.0835,518.3011,534.65,986.47656,212.5753,5382.196,-30.118988,542.4745,1784.0762,-732.75226,73.42336,2.6364543,-65.29262,-15.807978,-38.046684,2.2445037,36.007286,-9.651418,-16.352169,-3.9975684,-0.38091052
-3.326565,97.66315,600.57806,-4892.1694,230.2701,-5.4938397,-115.182,-89.678276,-4.4681096,-5.290225,44.587765,0.3270803,-9.956976,-0.055753224,-12.958951,-129.60793,1.1718298,-10.637739,16.660143,-153.0761,-299.781,-814.8651,-349.16232,19.096138,-2850.8608,-1215.3035,-173.3624,-1142.1962,-17.29854,-4750.076,93.44142,-685.47205,-1714.3566,-405.00745,-61.384808,3.9350839,11.662936,-10.2028475,87.13219,-1.0731282,48.526066,-46.91098,-9.175871,-1.9334095,0.2137514
-2.4003637,-185.9257,-1322.1299,5036.6753,359.4782,-3635.9475,-102.940674,828.345,-8.425456,-3.924075,-159.49088,-4.07617,-73.432335,0.2253264,37.691353,-474.66928,35.54158,24.430141,-167.43172,546.7287,-522.0289,72.22328,-203.72636,-93.99773,1129.582,-487.2667,-388.1631,-257.84918,-120.56383,-1538.3956,-23.81133,-694.26855,-887.1621,-237.5702,185.3937,6.7406163,2.9265773,25.669773,-16.029718,-0.11071338,-4.050933,-16.597834,-12.54887,49.447437,1.2411437
-4.411516,321.289,-1651.4532,-5864.038,273.34604,-1.8946459,-66.07041,-105.39876,-4.1106377,-4.1129117,-138.20755,-0.034228683,110.10241,0.07412557,15.165399,27.49881,-24.580647,-2.9549766,-0.12661026,-170.77228,27.690285,-731.29205,34.971542,-15.792235,-2230.3694,4.5847673,-151.58469,-215.96255,-8.547757,-931.9623,47.330414,156.25131,-713.7944,-760.07245,-155.66031,3.480141,4.722589,-6.3684893,86.85405,-1.0698535,49.591446,-0.9400107,16.611263,-21.517565,0.4557062
-7.9428887,-91.098816,452.9986,4889.147,274.47614,6.478038,-127.92507,-104.8029,-8.070803,-14.176611,7.6724176,-3.4458923,-24.807833,0.2666983,16.284945,-182.97395,42.580627,0.99345976,49.79187,247.38496,-325.67538,61.22659,125.20836,-4.5383086,-2224.311,-1661.0382,18.503883,-938.6495,140.06015,-4211.8867,67.457436,-740.08716,-1165.0734,607.3642,-75.2579,9.498927,14.120413,-12.760223,-4.264912,0.6553231,-16.406212,-14.185303,-13.783877,-2.4998522,1.250272
2.252406,466.1134,-1668.2723,-5063.66,229.38365,-0.30014396,-45.130447,-110.296684,-7.0993147,-3.8747032,-45.958885,-4.5394115,122.36368,0.17190805,16.559639,30.8994,1.4913089,7.493867,-19.099726,-177.52583,-23.866993,-559.0446,83.62159,-26.083008,-1882.9668,19.40615,334.6224,-190.33447,43.771534,-913.8165,446.66443,265.29437,-650.79974,-747.6458,-133.94579,4.9053435,-1.3415735,-4.429556,-55.753933,-4.404529,-36.37837,-3.4678586,-1.4206835,-23.624298,-0.38091052
-3.1029425,365.41397,-1508.1865,-4805.35,277.63196,-2.3458138,-46.749893,-119.12499,-6.877684,-5.4847083,-65.00037,-2.4287424,6.336087,0.6644826,22.297688,24.614338,-2.5733945,9.084718,-14.861889,-124.71753,-233.2619,-840.51984,-76.45967,27.940464,-2674.1072,-910.5968,21.457657,-858.3693,54.142296,-4295.821,404.07132,-605.63245,-1580.0476,-458.12933,-113.02828,4.286722,6.7220206,-6.5784907,75.96232,-2.0767968,47.996735,-0.18186611,-2.064375,-19.53534,-0.23553342
-4.4004807,-839.01575,386.41696,4535.3994,169.47066,6.036345,-128.09286,-39.91693,-4.377378,-14.688795,-137.55731,-2.8881035,117.23458,0.48388696,17.966957,40.54778,-9.910227,-7.1563773,-22.812983,349.43832,-380.6838,36.932613,-358.6073,17.670393,-2579.8818,-2050.6375,25.180634,-1024.2709,18.094648,-4328.0684,-14.837813,-762.1956,-1236.8369,583.0806,7.6790214,9.626049,7.39878,-9.27038,21.709986,1.4088935,-25.658018,-1.5611361,21.93502,-6.318313,1.4168137
39.497456,98.65777,592.5257,-5560.763,276.48495,-3.6973627,-148.11038,-86.202034,-6.1464553,-3.0988152,89.9348,-3.3940983,-18.301378,0.24016955,22.240625,21.816233,28.813654,-13.949767,67.20334,-69.03676,155.51477,-255.11723,45.25198,6.0459867,-1862.7538,555.8568,-23.377195,442.66046,17.490656,1392.4282,299.2494,546.2948,394.3993,-715.6095,91.63519,3.2927845,1.0580226,21.35487,31.982328,-3.0504391,42.453228,6.086606,21.240112,-2.3684,0.4557062
-5.186417,-302.84134,365.7829,5127.2095,387.81577,15.124853,-142.85117,-36.350494,-6.7806454,-2.18956,-22.383389,-1.8495858,165.77434,0.7155905,-0.984649,-255.40683,38.70036,-3.1901128,19.691774,555.18726,-34.15306,45.548267,68.10349,-50.45942,47.480263,720.9065,-79.21852,244.91397,-137.9538,715.03314,-2.0896964,-36.51345,-243.74945,905.0242,78.82244,11.626168,-5.6987677,24.509743,10.649786,0.8018257,30.180151,-0.61134887,-13.063017,28.581785,1.4168137
-26.688244,7.2886467,671.80615,-5245.258,-761.1047,-4.347019,-109.77833,-83.745895,-4.9916716,-5.1002684,24.809805,-1.2619113,-63.283775,0.007271613,20.185825,46.550705,11.085315,-27.824598,25.170471,25.930141,-219.92805,-519.6023,-93.13381,8.294848,-2496.0369,-612.8061,-92.69286,-816.23096,-23.720577,-3068.5046,130.12872,-171.07623,-806.7444,-468.72333,-97.00285,7.456634,0.15573993,-4.264701,-71.21674,-0.48242983,-60.089996,4.646484,-9.504168,42.82741,0.4557062
227.0894,56.31775,724.1799,-6356.9893,320.06735,-13.620827,-141.83597,-125.10106,-12.349878,-3.0497599,13.015896,-3.921327,-1.6218991,-0.35811892,28.90148,52.267296,23.513428,179.25606,266.2784,130.69089,101.32475,-322.789,-262.5437,-25.826769,4727.74,-211.8073,282.80814,980.1632,17.657211,3531.7415,519.0717,-632.9771,-797.1148,-696.9694,85.31036,-2.015412,-0.003102634,42.72168,-52.315777,-16.255848,-47.868336,18.89901,33.632633,-4.1772327,0.4557062
27.209785,358.62784,577.27686,-5858.4263,222.06848,-6.2699685,-110.2465,-71.59012,-6.4599814,-3.262477,60.291992,-1.2860088,7.188198,0.40196148,-25.719913,23.66198,-26.016817,16.167273,-28.060831,-39.815952,115.28519,-855.3394,-240.4655,-16.24889,-2212.96,-188.51451,-181.49203,-143.81601,10.331839,-546.61945,-58.640423,200.06415,-761.769,-700.8486,52.116615,3.7907043,8.018696,7.2702265,-68.52028,-1.2603031,-46.760563,3.4257982,-8.00257,-1.8863248,-0.38091052
153.1774,409.9619,734.99713,-5481.2046,-729.1267,-22.65975,-83.65817,-93.71069,-5.9385357,-5.646607,55.726234,-2.261083,329.9083,0.7172932,-24.233541,108.38432,-13.120519,24.252958,0.14023013,162.69128,2.5059872,-627.801,-128.37187,28.336445,-770.89966,-250.03844,-78.460976,-441.98492,4.584919,-1107.8478,159.08018,421.4375,-1021.9714,-689.7061,-64.63042,3.5891569,-1.4662441,-4.0671163,-67.11891,-0.8232855,-3.9259906,6.58291,-9.616623,-1.5283215,0.28916457
26.658676,332.4703,605.2752,-5033.096,222.253,-4.037843,-100.61899,-49.135963,-8.5210705,-4.6889124,43.880352,-1.2975024,152.52141,0.551523,-5.032685,-200.6671,-6.361474,8.579505,-29.70848,-98.64322,-125.880554,-549.04474,-135.24297,-25.708216,-2190.4473,-596.26056,-164.5832,-772.838,-17.859234,-3414.7407,375.51108,10.737622,-935.5493,-388.00745,35.967487,4.7780876,9.065586,11.76381,74.11121,-1.1266965,46.578598,4.0842357,-7.5132394,1.6531335,-0.38091052
31.890234,-526.5969,397.36197,6218.557,373.42105,20.151728,-160.30856,-65.46765,-10.769083,-2.3970017,25.794424,-3.499341,56.898376,0.21868916,23.705887,-315.2987,-45.586155,0.8165032,-31.883018,879.3616,36.08155,-80.1468,414.32727,-131.61182,4448.7646,1018.93646,233.13533,1197.1649,94.5269,4263.6543,67.40015,-94.44519,89.40714,1084.475,66.249084,9.354186,-7.388944,24.748209,-26.844995,0.2944423,-22.493944,1.4585162,-11.428533,-2.4197924,-1.1257519
53.76591,-508.3435,-1466.6353,-5942.9683,246.42502,-4.4381027,-111.15967,-173.4646,-9.705546,-4.1879444,-107.13122,-3.250723,-5.372889,1.5944839,11.424466,15.972343,5.5298605,19.820374,-28.26115,-250.68646,296.92126,179.10287,314.76123,-45.504677,-1381.8363,394.59195,183.80789,1221.9961,77.42912,4457.816,201.98364,427.7262,445.7579,-813.20404,-156.25963,4.2087245,0.13553573,-8.1564455,37.616493,-8.831842,35.859447,1.84736,3.8270895,-7.9081197,-0.38091052
-2.303041,195.88014,595.8335,-4295.021,255.38907,-5.6973815,-104.87605,-113.87035,-7.7896013,-12.987957,29.035143,-1.9004829,-87.757545,-0.037027888,36.81924,-172.31668,14.051008,-31.606844,46.776634,-168.50854,-263.5194,-802.89435,-328.68646,38.941532,-3015.638,-1630.2898,66.4488,-1305.3599,49.534386,-5982.9966,350.04453,-2002.862,-2635.8284,-380.54395,-67.1346,3.9421823,10.095671,-4.707293,-54.951836,-1.9557624,-36.503918,-32.07207,-23.750225,-2.274534,0.2137514
16.39846,45.007496,624.678,-5806.384,-851.3667,-11.239789,-126.98481,-64.60331,-6.206236,-3.455863,-5.189747,-1.5215802,-14.9646,0.9852754,15.655233,-5.351079,2.817224,-32.40871,9.694444,140.43968,44.656044,-469.09027,-189.43237,99.58683,-2005.9305,-116.56887,-71.35936,198.06404,1.2676458,305.1587,-66.1789,225.81396,-135.13406,-755.1279,-83.09647,5.3440213,-5.5596504,-3.4260452,-65.09255,-0.95630485,-59.25288,2.7074058,-18.106182,40.655476,0.4557062
-4.6952524,1100.7157,443.7943,5426.046,272.1246,10.373171,-125.42361,-64.512024,-6.424444,-2.231082,-98.183136,-5.2952666,33.6868,-0.48388118,20.329998,34.733734,-11.5089,-33.331913,-27.16091,-382.3106,268.95737,-365.71503,-494.60907,-6.361479,-1466.6047,602.1595,84.744316,338.55844,-88.20524,673.1685,-21.730589,389.4965,-168.91544,-540.15,21.886175,12.165381,14.303104,17.258442,-5.3331084,1.0134659,-28.94865,80.876274,-15.505786,-4.2890415,-0.5968905
-65.91419,331.40906,508.30157,-4696.268,171.79088,-6.057935,-109.880005,-40.70947,-10.51459,-80.32097,16.462484,3.388133,-16.728228,0.08619076,-208.89246,-136.2196,-10.308965,19.93147,-0.77440935,-270.53885,-728.2519,-940.2515,-511.34103,28.79485,-4687.145,-2156.5896,-146.2987,-1741.3081,-87.76162,-7672.7085,253.14792,-2919.567,-3342.122,-429.60327,64.06319,3.0982,-48.566093,-5.551086,-89.34957,-2.5880659,-53.19131,5.027706,-6.0921555,-1.8793513,-0.23553342
-5.33391,-811.1539,388.71814,4443.345,250.60475,20.939718,-122.19285,-65.96118,-4.808103,-2.9124084,-143.22787,-2.625506,67.66879,0.3880962,-19.559048,39.965836,-8.288161,-0.1457556,11.3091755,511.49606,-421.28394,170.15305,-423.44925,35.44946,-1797.714,-309.71655,-136.96832,-468.63177,-64.56643,-954.2084,66.08169,-167.76848,-873.4668,664.91425,0.5338074,10.998387,5.5486164,-9.874645,-5.553103,0.17971566,-17.420088,-1.2734438,24.66061,-10.270138,1.0717654
-6.2342114,-76.12935,489.4627,4901.736,286.30234,14.612696,-112.970055,-74.55887,-6.698916,-2.7223613,36.888454,-7.055984,84.33612,-0.053543396,24.13021,52.038517,16.349642,28.922003,34.010567,761.5392,-298.49542,234.49397,30.907906,10.469739,-1515.4896,11.071189,-16.554039,-424.5772,43.024246,-1776.1995,130.55418,-422.56683,-596.04553,745.1543,-50.261356,11.002265,9.960018,-14.389133,-9.73418,1.5571023,29.454605,8.7522955,-21.219982,-2.8167949,1.250272
-13.984643,-13.240699,519.3002,6127.882,250.2706,13.130581,-155.88478,-43.47976,-6.9722543,-2.8073392,11.464289,-9.288313,114.33743,1.5895296,26.486494,6.1121078,-3.1019185,-3.0239818,22.661259,693.2167,497.35107,269.0075,525.1204,-41.551365,-2126.6157,1569.3922,-41.48457,1454.357,-200.97493,5974.801,-133.79674,510.93246,905.2841,864.3113,-31.225136,17.676357,6.3272877,-54.787018,-10.459209,1.2021661,-28.539907,-0.2786911,45.41579,-2.9794111,1.0717654
-36.376404,11.834924,442.11804,6554.4487,388.3968,14.54691,992.0236,500.11142,-4.96392,-4.3867426,27.700443,-10.730999,-7.3748784,0.0969014,42.373066,154.00967,-39.995506,-19.865057,-114.54767,1166.5764,-84.1647,-135.40794,602.6753,-41.683163,6375.9067,867.2986,23.199583,1078.0405,62.28294,5105.758,162.09676,87.324776,1316.4587,562.23737,62.371376,5.6453733,-63.115654,-14.036549,-24.8826,0.27032912,-38.939274,-17.790306,-50.627983,-3.8682098,-0.97057134
-29.25156,-579.9356,-1289.3326,-5060.0737,273.98828,5.948597,-65.23305,-107.07323,-5.399027,-5.4645557,-46.160606,-1.0590287,111.02538,-0.17585382,22.088863,29.416512,-4.6378574,2.5267215,27.729795,-123.77973,-185.81398,99.98974,9.484642,5.1098003,-2235.0254,-117.85082,430.7063,-417.23468,25.749454,-2458.5408,385.4588,320.92017,-558.0013,-742.27435,142.71707,3.4692898,0.8933506,16.311623,38.514072,-2.0938299,44.718643,1.977315,-7.687994,-10.358915,0.28916457
-24.447206,110.52007,605.67004,-4384.942,242.54454,-0.6870353,-103.89953,-79.6722,-6.8149114,-4.72193,51.358955,-1.7962143,68.83727,-0.045817703,11.782922,34.02902,10.189118,37.0743,112.70263,-51.28699,-250.28609,-476.33163,-128.76395,23.921494,-2654.0798,-845.7813,357.65027,-768.662,148.94073,-3835.447,386.71207,-322.78842,-1234.7429,-384.81757,59.86233,3.857005,12.471743,16.40402,61.667953,-2.003006,45.110718,-34.558754,-32.124516,-2.3301134,0.28916457
-8.851389,209.42699,-1445.0115,3835.3591,256.13223,20.28956,378.68213,-121.614296,-4.2552366,-3.3711956,29.280272,-6.5638742,15.026523,0.79760355,18.578384,57.910534,20.590662,-8.1072,32.172474,556.5254,-279.48526,158.48401,170.49754,-134.5594,-1231.7539,157.90335,13.045845,-472.98636,49.279057,-687.1895,139.0957,-108.668205,-728.9015,708.96564,197.23224,8.898663,-46.808548,-11.7442665,25.838089,0.30844015,53.048645,-0.46852508,-18.190697,59.392967,1.4168137
2.5233254,-459.7851,-1371.7465,6367.9585,-1354.2213,-3445.122,-185.43405,600.443,-11.286229,-5.558092,-35.28974,-5.4105005,-34.670998,-0.39636627,1.0725394,-271.6661,40.44743,-22.771404,-145.59479,986.41895,104.44937,-22.73089,608.2323,-166.5051,3528.6091,885.004,296.91733,1161.5416,220.57101,4548.045,109.451324,-254.27936,170.43713,291.76892,197.86009,7.530652,-15.0198,39.698395,34.773823,-0.45150226,38.481113,-37.6722,18.115032,-3.7217226,1.2411437
49.900166,206.89185,604.44354,-5412.605,256.9114,-3.0770707,-139.105,-66.18593,-11.351465,-3.062468,33.708393,-2.2485065,87.159035,0.3704845,-21.670671,85.97768,-6.6934967,16.446093,-33.42983,-75.49481,150.72842,-271.48914,-3.817507,-16.968908,-1373.6724,510.0095,232.73615,416.11646,17.376837,2409.1575,-69.16007,530.1476,426.0144,-758.44165,40.298603,1.7714546,3.9582026,19.423199,27.934427,-6.7653418,44.052494,3.917518,-29.697046,-1.7806983,-0.38091052
-4.166018,148.88005,634.2151,-5558.4604,214.29832,-3.4028158,-109.20937,-90.17793,-4.9143505,-4.7651925,32.168114,-0.8478713,-59.720623,0.3753098,12.593024,48.25304,-15.386784,22.769382,-25.958866,-219.01459,-148.19963,-634.80975,-242.12476,-1.3398105,-2868.73,-791.8997,-162.23904,-859.1353,10.545448,-3877.0378,-26.719803,-284.1132,-1059.4011,-443.77634,-53.13206,3.1117015,10.178801,-2.9723785,-58.620224,-0.933754,-43.886578,5.0481553,-24.0502,-1.8837188,-0.38091052
-12.497969,344.92847,613.19055,-5008.6504,242.5665,-7.3388515,-102.39036,-79.927055,-5.9123945,-5.027858,31.325584,0.85017145,-73.251205,0.29512733,19.87348,98.75083,-15.847578,17.648092,-19.714813,-223.6446,-299.5907,-762.39105,-114.25925,-55.22135,-2779.6877,-1100.929,-124.32443,-1138.6238,-0.95689267,-4433.309,171.46246,-558.3058,-1559.0127,-411.37115,-43.32711,3.1268902,11.088004,-3.3208966,-71.93936,-1.68678,-44.677998,4.25952,-6.899814,-1.6090378,-0.23553342
-4.3716455,-493.1988,-1499.5958,-5763.655,241.17949,-10.977698,-109.277435,-175.95886,-5.8897133,-4.4078693,-114.88374,-1.3081635,-118.262924,1.6596565,21.119436,28.746471,5.0894876,16.611929,-20.84585,-354.55695,201.38884,235.64249,323.17636,-55.790997,-1364.7635,683.9591,277.92868,460.57452,77.89109,2928.4275,266.14362,660.13513,649.7186,-834.7246,-165.08167,0.47201678,0.021572143,-5.65097,-34.73961,-10.5493555,-32.060543,1.3348786,4.049864,-7.0225844,-0.38091052
-3.7829132,-5.079109,679.5072,-5428.4062,291.4106,-3.660968,-112.84479,-91.72988,-7.402118,-3.1605558,16.053684,-2.8476021,56.644344,0.31311888,-14.343301,60.250908,1.3626344,19.737446,-17.07581,30.952366,-245.56534,-659.4394,-304.30453,26.640163,3982.5342,-1298.126,63.06959,-556.36365,-19.47329,-2641.985,414.3667,-800.97064,-1594.6555,-623.472,-77.69552,2.5356812,5.73794,-7.3761883,-65.88424,-2.6643462,-35.18424,8.690381,27.595661,-2.7757592,0.4557062
33.9507,232.48856,837.9074,-6909.9766,236.84784,3.3171673,-209.73068,-130.02135,-5.398623,-4.1085916,17.486904,-5.2740307,-20.65306,-0.11438344,5.069863,38.280758,47.77286,31.61816,-24.11383,56.237835,666.0455,124.270294,155.24037,-25.54383,0.60704994,1048.7439,-212.73314,1513.2909,-89.31037,8334.907,-344.56683,1797.1537,4707.5684,-714.5301,-61.759357,-11.017292,5.158336,-46.517925,19.718334,-5.489588,35.130577,6.4745026,-12.322841,-2.1291897,-0.38091052
-11.956441,839.77155,447.51797,3859.1855,296.01675,5.2048993,-110.1361,-47.79445,-8.762757,-14.872758,-76.83954,-0.17337269,-79.12766,0.2767217,-29.458584,-24.314663,-30.045597,8.375572,-26.468456,-168.59657,-366.3862,-681.6008,-543.0291,30.067331,-2885.9937,-3313.345,-311.0504,-1515.5864,-274.1091,-6056.5317,80.822174,-1262.0521,-2499.6206,-227.71254,-60.551556,6.033629,8.554515,-9.96221,0.6267624,-0.23543772,-17.000528,-6.275922,-8.721009,-3.8563504,-0.23553342
29.878487,473.0897,-2097.4119,-7397.594,278.7869,6.5116982,-127.86609,-195.52893,-5.9428787,-8.853309,-118.718094,-1.0295748,-108.51771,0.8062209,10.945219,133.05609,38.469273,18.752777,-18.901464,-381.5542,246.25479,-185.55887,310.042,50.137398,-1643.3804,878.6988,144.1692,1244.7924,-157.2316,6387.5693,-292.64362,953.5875,2829.5269,-958.9667,-250.21758,2.4138956,9.570876,-6.6001754,-32.073162,-2.7164059,-25.406153,1.3253483,0.21880572,-18.701164,-0.38091052
-2.7574894,-8.277742,590.7661,-4984.8403,-807.057,-9.177497,-146.00168,-58.98353,-9.513831,-3.5075896,25.779207,-3.5868282,-10.760699,0.16605197,22.212585,33.56519,-13.359987,11.183765,-33.474514,149.45985,29.191412,-68.50255,-40.82416,6.961703,-1289.2076,507.81705,320.22443,442.39914,63.123356,2068.414,422.5649,440.00494,316.34406,-678.4512,110.44809,3.2806413,68.94382,-5.982987,-50.784195,-10.699144,-50.2134,3.658543,-3.4069395,-6.815412,-0.38091052
-6.1975675,73.26769,625.02893,-4191.975,276.50696,-4.833595,-118.00732,-81.40029,-8.342032,-12.303442,13.261616,-1.1716318,-92.322876,0.7945934,17.959696,-147.98,20.746733,75.4663,136.82927,-150.14,-204.63007,-707.25604,-285.02686,39.69101,-2499.9792,-1481.6232,231.795,-1236.8394,122.21724,-5462.6304,308.6245,-1818.9084,-2186.9714,-362.09702,-68.9499,3.5997686,5.3181863,-5.046775,-58.654007,-1.9953634,-37.09883,7.4071035,23.057835,-2.1963532,0.2911339
17.22269,250.37267,-1748.0125,3715.1853,330.37372,3.3528686,348.04532,-114.392,-5.794032,-3.5560343,33.251118,-4.806712,-97.873856,0.054477442,23.243776,54.202312,-7.067995,9.357859,-8.494138,446.09567,-235.4668,261.1062,380.86844,-126.78185,-702.0872,262.0311,6.27695,-742.07605,12.749661,-1937.8824,32.18818,-430.40112,-719.9473,438.96545,-151.37997,8.611169,3.592698,-9.703879,-24.645317,0.3234754,-42.59373,-2.0854893,-24.864614,-4.2084737,-1.1257519
24.671364,-674.022,405.85068,4016.7974,208.48431,5.851035,-117.37791,-70.57753,-8.240783,-14.722526,-94.13575,-3.5372176,-28.75552,0.28046033,-16.592375,99.9118,-26.443293,-0.8675111,-23.710522,235.67154,-362.2111,-169.43527,-372.44034,14.650335,-2456.5886,-2382.3835,-256.86908,-1409.3486,-200.87787,-4805.2847,-25.895748,-977.4011,-1871.8445,417.69455,-21.942947,8.074141,7.956898,-11.527413,-4.6285043,0.54227173,-27.397064,-0.508729,-9.37652,-5.981724,-1.1257519
439.2531,174.74042,472.24622,7268.99,-2212.0,14.8306675,1092.9476,461.61105,-21.255909,-6.103417,204.333,-5.106452,105.02277,1.5323178,-63.933144,70.90116,38.234524,-103.65325,208.20557,399.363,298.87128,2366.2441,716.52386,-32.79754,12443.394,1040.4161,396.01328,1432.5549,349.55594,7893.5596,-222.17984,1706.568,3625.6174,680.61694,101.51889,2.1681588,5.341216,135.85765,60.56356,1.3110033,55.179203,-20.017483,145.40808,-7.0497427,1.2411437
988.0836,-1077.9585,9.717837,7470.6606,466.87863,708.17834,-162.59033,-124.897354,-349.07544,-9.239533,152.20656,-7.838168,306.75522,27.189657,670.7836,411.1583,-57.876495,-36.80859,3.2364845,2212.0703,5080.322,9031.385,1539.6055,869.06573,36968.434,7839.8564,396.70462,6301.7812,213.89636,19681.826,740.66833,3440.6287,11571.614,310.56412,230.47444,-30.152185,38.87094,-136.72047,165.39117,25.151081,-25.96641,-7.6506696,-28.492214,-2.3412497,-1.1257519
-1.9748894,15.895823,646.3669,-4699.414,-872.7994,-8.101756,-123.42753,-52.522766,-7.7584395,-5.06074,29.708971,-2.237772,-24.893833,0.58304244,15.816767,47.289146,-9.995218,16.137442,-23.422186,3.0497844,-259.27966,-315.52466,-118.77502,23.982658,-2255.9568,-679.2604,101.263115,-760.73566,24.474371,-3187.239,346.57635,-172.36426,-1015.42773,-561.6945,-87.76459,5.3071165,-0.48138735,-3.7184675,-67.01685,-2.0418694,-59.879047,2.7609863,-4.2976866,-6.505376,-0.38091052
-13.142347,-846.4673,-1026.9884,-7439.5054,89.01431,32.75939,-253.12514,-150.28056,-5.5042152,-5.2753625,-34.837563,-0.9919311,-127.60921,-12.804717,7.549249,21.886356,44.95182,33.881634,-4.95245,-240.20221,503.12854,714.5608,777.21185,9.840927,5912.927,1115.1735,5.719124,1012.0015,-196.92703,7870.056,-291.18103,1685.4954,4475.2466,-876.749,322.98483,-3.5464046,57.18219,-9.126421,55.236687,-17.017008,44.62311,-2.948006,3.6228547,-7.2229877,-0.38091052
42.892136,365.5489,614.29016,-4552.181,249.79115,-5.0303826,-94.25356,-71.399994,-8.338393,-4.731609,25.283672,0.16706014,-94.96022,0.660943,-48.10041,-146.6224,-9.199705,18.030762,-31.73141,-254.93819,-307.42563,-761.97314,-143.41194,-78.76253,-2469.4106,-1171.2015,65.251976,-1066.6019,-14.85421,-4375.6284,364.39944,-677.4319,-1623.7637,-366.11035,-56.764347,3.643403,11.180633,-3.4832728,-51.891785,-2.690483,-36.889294,5.2397337,-6.4359093,-1.8470912,-0.23553342
-2.061373,89.47792,633.9509,-4552.1567,290.14584,-3.7225163,-124.84114,-81.14748,-6.9164777,-4.735769,23.45196,-2.3830018,-10.590372,0.1549343,20.579847,33.522747,-16.431355,9.9334755,-22.151653,-198.12955,-241.67792,-298.58936,-156.92764,-8.221815,-2115.405,-612.489,263.07846,-763.42896,136.45891,-3066.985,387.25095,84.737015,-740.98975,-530.7156,-46.948715,4.8114095,7.893987,-3.9460971,-49.29629,-2.29619,-38.014618,1.4206583,-0.48569402,-2.7372992,-0.38091052
0.3827483,442.14246,671.71576,-5238.662,273.82718,-7.6755953,-128.72998,-80.235565,-7.4282923,-2.814093,24.69893,-0.8054176,-48.264717,0.320016,-14.923107,-264.79742,-12.503317,18.794697,-33.733418,-264.21387,203.37975,-368.73322,37.022648,13.777548,-1157.049,242.84442,2.8641226,258.22147,-35.890587,624.07745,415.71518,451.00482,93.77357,-638.65,-61.01154,4.6195416,6.7708087,-5.1114283,36.12543,-1.9874071,43.84521,5.9187546,-7.4367847,-1.9298061,-0.38091052
-16.147665,36.18971,607.1671,-4222.331,-849.4439,-11.336056,-107.75827,-58.818615,-8.205584,-13.677134,8.076016,0.044839382,-84.73186,0.40726522,-29.030691,-23.723387,-8.903575,14.1654415,-31.629505,-87.70387,-301.28766,-685.20215,-278.39072,15.211165,-2789.076,-1463.5254,161.1277,-1241.0923,110.15756,-5516.987,373.80103,-1431.34,-2093.2234,-357.31693,-94.76815,6.6017294,-2.2053971,-5.399102,-74.3193,-2.2857869,-71.75537,3.4752576,-3.8383226,-4.748625,-0.38091052
-10.7685795,63.47172,536.0886,-4800.1455,222.21054,-4.636492,-102.001724,-72.53097,-9.915872,-5.384768,36.044815,-0.22530407,4.0943775,-0.101178095,20.261965,-217.6037,-24.415295,15.020374,-31.91356,-244.60916,-296.2681,-774.5455,-327.8931,-65.530266,-3109.1787,-1132.3853,-124.97248,-1107.7451,-25.41152,-4480.1367,376.82422,-625.5591,-1599.6443,-377.9139,70.2463,3.2972066,8.067197,4.503353,-59.1737,-1.7131886,-44.12756,6.8743105,-3.5669124,-2.3143575,-0.38091052
13.393918,166.62575,568.3919,-4234.294,229.12282,-2.9861474,-99.290596,-58.978657,-8.844135,-12.265616,33.159252,-2.0000308,0.43841183,-0.085728265,15.053351,-147.42639,-24.733862,15.824978,-34.499447,-147.96846,-345.03906,-549.92914,-305.73947,-23.863436,-2603.6018,-1170.6189,93.50126,-1102.2894,131.75902,-4595.5527,420.738,-910.36566,-1676.4102,-360.91144,70.918304,4.756003,13.050773,15.675337,59.29475,-2.2879567,45.25505,3.1132617,-21.575623,-2.1343803,-0.38091052
-4.6425886,606.6496,905.3745,-7556.164,231.89064,12.939646,-164.80833,-61.288662,-14.870705,-4.178197,52.52845,1.1223607,71.71586,0.039377335,-12.746364,-162.93576,58.97731,30.38972,-23.184647,120.53341,1494.0813,-104.87446,279.3225,123.57641,-45.90406,1152.8513,-23.9771,1580.3394,-52.08742,8525.984,-819.9417,2011.059,4782.115,-650.0977,-18.87825,-28.69827,7.4058895,-7.8669567,34.055504,-3.4609604,56.71946,8.433552,-24.565266,-3.3789651,-0.38091052
-5.705871,-279.15555,-1228.1255,5348.1816,-1159.4834,-2536.113,-130.41469,530.50903,-6.177491,-4.1344805,-26.18515,-14.715378,-35.66173,1.256972,3.2265449,47.649403,14.894868,-1.5071652,95.77476,503.5599,359.26938,219.535,683.999,-103.59755,-718.7907,1617.8671,-167.71286,317.75183,-84.33445,989.52203,40.13016,175.1888,-44.98055,482.19577,94.8041,8.35106,-13.433321,47.367466,36.42578,1.2940208,50.33162,184.32501,-6.161769,-5.6162972,1.1685233
-3.3563838,351.05698,668.74475,-4775.134,-739.4064,-9.722918,-96.08326,-120.40277,-6.7974524,-5.5477285,44.774986,-1.285151,-56.63992,3.3758132,-36.12485,17.958641,9.697207,-20.42629,33.564148,-51.824207,-331.58282,-744.3309,-73.05794,-72.8158,-2657.711,-1185.4766,-0.095556706,-1060.9962,-8.529867,-4452.7637,298.83337,-685.93066,-1575.8228,-413.33078,-95.15262,5.5395646,2.9690826,-5.3023524,-70.67473,-2.5027409,-63.922638,-29.78782,-6.5442495,-3.7669423,0.2137514
-19.658657,-326.4573,349.40057,4308.9585,286.03873,8.120698,-126.08004,-53.489017,-5.881851,-2.9020636,-16.26936,-4.552568,63.617203,-0.35233828,13.609829,32.934483,33.61682,34.420643,-25.651104,390.999,-288.50598,97.041245,75.66239,24.62469,-2339.9827,-1275.4203,-53.724396,-834.0146,-157.7323,-3962.6638,-46.556995,-661.96124,-1079.835,497.0451,60.339874,11.298834,-14.701364,-11.779324,15.478271,1.0497639,31.185585,4.939663,-18.513197,-3.3264503,1.250272
-0.85244846,268.73386,604.2665,-5226.9097,207.2541,-3.3591366,-93.23471,-111.42699,-6.6447573,-4.663134,58.09979,-1.3691386,5.9302955,-0.1675263,19.280973,30.748158,27.684278,-10.628839,-50.321163,-89.54421,-106.81157,-535.8816,-146.48027,-35.35219,-2458.4832,-601.2114,-164.5157,-797.6263,-18.21626,-3294.1892,243.84944,7.2509346,-903.35,-448.55014,76.22207,4.135237,-76.803894,-3.3163981,-62.488407,-0.8672766,-37.516487,-52.290115,-12.935701,-1.8458145,0.28916457
14.23304,308.147,578.4578,-4581.9834,231.73853,-4.423656,-99.33205,-76.25119,-9.248861,-12.290518,24.330774,-1.1649815,-56.4217,0.90620387,55.669434,-212.62596,-18.056715,23.796007,2.5810604,-79.6382,-196.8546,-517.9435,-404.50854,-71.03181,-2546.8801,-1492.1963,-69.96382,-1289.6515,-55.7571,-5863.164,220.71506,-1884.5105,-2370.6235,-376.8312,62.985302,3.7395089,-62.99449,-2.7037776,-72.75536,-2.2559576,-32.78267,6.35453,-6.7867007,-1.9664112,-0.23553342
121.363174,1084.7457,601.1075,6887.737,372.2524,5.325117,-211.8999,-102.91733,-20.103857,-2.9438233,-118.688805,-7.792017,-31.400585,-0.9863251,7.6061563,107.625015,-6.0395665,0.9203977,-35.379448,497.0795,968.4035,-492.74942,-224.2838,-12.195917,7461.0244,1625.4392,101.1908,1437.8954,112.91754,6878.778,-27.173597,2132.6418,3159.8333,-487.77072,66.280304,7.1861076,-64.076416,-11.217438,-3.1813276,1.9037282,-17.768349,-3.34994,-10.366541,-3.0328918,-0.38091052
5.927042,225.19896,794.4157,-7261.7563,205.6183,0.95706135,-173.11465,-89.298096,-3.1371214,-3.9293284,55.834568,-1.0809772,-92.479965,1.3449528,6.6451592,-29.02705,-40.661503,-38.292427,16.988861,-20.318745,801.19385,-77.726364,-22.675125,-80.95585,-2731.8787,662.7684,-105.6273,1201.3824,-0.9271717,6286.499,-515.0484,1185.3734,2677.1611,-785.73004,-78.69183,4.2660723,7.51121,-45.558224,28.66273,-2.4160116,36.12697,5.0610394,75.452034,-2.8892019,0.4557062
-7.303201,803.96735,517.7121,4385.1587,338.79077,13.703342,645.71747,-63.110252,-5.1774163,-3.2454352,11.331321,-3.5849328,6.893934,0.40118414,-20.204327,56.543327,-21.046175,-1.7018963,-35.299908,256.77603,-255.55818,134.49135,157.75368,-3.226551,-1208.89,-509.58023,-156.07986,-795.9439,-120.22473,-3082.3843,-89.10857,-480.84607,-619.9333,267.81482,-61.95604,10.176458,13.965714,-9.50275,-8.5206785,0.543832,-46.50663,-0.23013157,-16.04919,-5.2409654,-1.1257519
-3.1880844,-256.40024,-1310.5815,4952.0557,-1105.7189,-2728.4023,-116.16047,598.6882,-7.2980986,-4.655077,-66.18598,-13.813637,8.308978,0.6473428,17.97842,40.944405,22.014986,7.9403296,53.198635,755.1633,-311.362,99.56796,525.49335,-51.29909,-1483.8618,-48.871002,-10.834237,-402.16556,-159.82666,-1735.4272,35.562412,-259.8826,-567.7509,70.863495,127.17111,10.566037,-6.2355537,29.840023,38.55207,1.407555,41.12008,-27.833307,18.723236,-7.952479,1.2411437
31.853039,-217.28838,-1226.8425,4881.313,-1214.6489,-1887.0477,-98.23875,646.53033,-9.91026,-6.5487275,-41.553726,-4.9091215,-27.688772,0.613597,-32.0432,-281.67636,29.109888,-2.0014539,22.184021,413.81027,-314.65143,188.4488,209.42708,36.226204,-671.27075,-1149.5239,-2.7658086,-695.63275,-2.082272,-3255.1487,-44.103344,-470.39737,-971.9158,332.46945,104.361855,8.8461275,-6.7070317,21.656431,-35.487076,0.32494313,-27.068138,207.57501,-6.5854707,-3.7088127,1.1685233
12.696239,529.3437,523.0979,3854.6458,226.80096,4.6915374,606.7224,-34.048504,-8.175496,-17.089132,23.1139,-3.0521517,172.07538,-0.47058895,35.779266,-9.209985,-1.4346675,2.6732256,-14.233696,111.460785,127.89298,-937.98505,-517.0601,22.241503,-3442.643,-4000.3132,-344.27393,-2019.8037,-222.67767,-7112.7617,8.138396,-1785.3145,-3215.9692,313.68512,-13.330564,10.971392,3.8488188,-7.7418404,7.0476327,1.0777012,-37.789803,-1.9320189,-19.33443,-5.242355,-0.9803748
24.181288,-285.8092,439.54144,5864.0723,437.00986,20.393383,-139.60974,-157.15483,-5.158957,-2.1222966,25.443636,-6.1921945,-65.866745,-0.06528272,16.74698,70.201965,38.461292,-0.0057679713,56.91228,578.1721,-397.85443,183.04837,681.8388,-78.121704,118.74411,590.2966,245.77406,99.21318,176.07005,441.4223,88.73104,-156.38304,-506.30768,861.16223,-61.120728,7.8318853,-0.19688435,-9.583805,0.49360067,1.2537913,-28.789217,-2.6464713,-16.018147,-1.7941449,1.250272
-10.622558,-143.88307,458.42117,3812.7495,262.01376,4.7374477,-112.33815,-61.997276,-7.8778653,-15.03246,5.6607933,-3.1149235,-82.06281,0.3351794,-24.29842,51.09975,33.658966,-17.198887,31.468102,67.74836,-454.30753,-723.86273,-252.08104,63.838974,-3377.6968,-3360.2568,-330.2097,-1704.5507,-250.1908,-6027.589,-19.928352,-1461.7981,-2552.9492,470.3411,-68.7788,11.100793,11.789447,-15.482937,17.365276,0.6096574,35.99764,-1.3396398,46.968193,-2.521588,1.2522414
-9.856316,-88.562836,488.34933,4515.845,281.91235,17.122707,-123.05067,-72.27712,-6.4245095,-4.3416133,29.010696,-0.36041886,-61.45701,0.28727987,9.395518,-4.8260202,39.090393,46.7601,74.11934,252.69766,-191.2242,-72.91931,222.23528,17.145668,-2762.6057,-11.726933,-196.92987,-411.2148,-206.31073,-2192.4465,66.744354,-462.76065,-825.39966,545.0685,-82.17253,10.19533,13.729902,-13.136839,-4.2241397,0.59789795,-17.136618,2.6307664,78.038574,-3.0401056,1.4168137
-9.781538,26.906136,645.6771,-6509.869,-718.5049,-6.05549,-198.43019,-44.56034,-9.494004,-4.5385857,-12.073407,-0.4925648,136.45094,0.45145792,24.5505,-127.658615,1.1940036,3.605861,-28.405611,341.99213,397.34387,127.80604,-56.22752,-2.7388778,-1772.5781,618.68536,69.23427,1171.7323,-55.13747,5646.0957,-91.764626,624.7309,1853.1687,-832.8123,79.48716,2.65946,-16.520643,17.478928,55.0484,-1.8834838,74.5895,3.454418,-15.737741,-4.059769,-0.38091052
21.051609,-326.6543,409.97025,4868.7617,317.06882,14.266922,-128.18086,-78.98091,-6.5104604,-2.6674736,-63.024326,-4.3565493,13.985901,0.512245,-21.186954,66.502686,46.45463,-11.135949,52.83276,663.3763,-246.8473,277.9673,324.4371,-41.445644,-1739.4512,205.62569,20.9764,-746.1331,-73.72457,-2769.3152,-43.59337,-431.43707,-609.76025,529.9756,79.11836,10.923045,-10.805394,-12.692852,17.283415,1.0450189,33.108437,-1.0565221,-13.469818,32.250572,1.4168137
85.425095,388.33798,569.24445,-4077.596,238.71542,-7.067998,-104.36254,-57.62049,-9.162569,-80.316826,15.921504,-1.3948799,-54.20358,-0.031992257,-96.25473,-233.16309,2.5349267,-49.567307,-32.21167,-374.13974,-784.1317,-665.52814,-507.95807,-36.66417,-3893.5564,-1958.7585,194.3931,-1563.0925,146.58467,-6839.181,370.05606,-2700.374,-3195.8438,-395.67728,-67.67156,3.50346,2.2898722,-6.168462,-74.287865,-2.3705769,-58.122982,4.3082323,9.952825,-1.6737787,0.2911339
12.594465,358.31036,604.5253,-4292.2734,249.33168,-7.3419213,-101.53109,-65.89556,-8.790711,-13.070152,21.608223,-2.264414,-10.688986,0.018268595,16.20302,34.742905,10.863871,-25.792149,-3.655257,-219.67203,-268.94672,-780.9101,-297.59067,-7.4992166,-3360.9902,-1521.7616,196.54327,-1282.8768,106.94939,-5825.8027,406.59293,-1861.6963,-2588.1914,-350.29416,-64.79315,3.2753332,11.57209,-5.1373115,-65.481804,-1.8476828,-44.275463,2.917501,21.611807,-1.5413415,0.2911339
-76.02925,-367.5945,830.48474,-8974.636,349.81473,-12.066256,-274.99655,-176.48508,-6.586764,-3.7214804,18.131502,-4.413157,21.43017,1.5111302,-1.2650644,139.26712,-64.312355,113.34641,106.36924,163.6797,34.44598,-1314.1697,-247.10953,37.71172,12302.531,-514.05634,-49.58734,608.84357,269.4446,6888.5103,176.66211,528.0239,3027.0376,-617.65735,-35.22053,-3.282789,3.564498,-47.72556,-48.63545,-2.469142,-10.160302,20.231808,33.31042,-2.6657248,0.4557062
3.7608368,-159.26189,445.90796,5708.3906,310.85846,13.6415415,-133.76028,-67.25997,-7.550067,-2.1825662,39.312275,-10.061841,0.790086,0.7829532,11.98189,68.655304,-45.5315,-1.6038866,-29.086168,732.34656,-348.16055,158.10968,413.493,-11.79044,1269.7017,1338.2205,-77.362465,510.70178,126.45982,1665.3129,161.20004,-203.26907,-13.469479,909.9517,70.993324,8.019166,-32.636383,-14.529702,-18.207537,1.1365653,-30.030565,2.1276264,-12.4792385,-2.2249858,-1.1257519
-14.150664,892.2498,508.98773,6020.856,335.8761,10.783629,801.3875,-51.84574,-4.216279,-2.6699004,100.4022,-10.166367,81.18615,-0.9095985,29.047905,27.024643,12.605559,-3.0534053,25.799753,674.38477,-39.98329,277.79532,736.93695,-36.803272,1393.5146,1570.6196,89.86996,533.1251,88.63195,1812.4701,154.04984,-178.80205,44.212738,762.7568,46.58524,8.0336895,-66.84369,-9.411991,-11.007622,1.0172362,-39.17889,0.20785308,-16.241974,26.237162,1.4168137
5.8757133,-881.7229,348.88528,4441.6143,199.78993,8.508971,-125.03627,-75.25596,-5.961022,-3.02812,-149.19467,-2.0186062,81.63681,0.291827,6.134407,-112.281906,29.115808,-16.953476,38.371983,458.36566,-309.0741,150.0354,-351.8275,12.250883,-2116.7407,-1153.4469,29.676783,-811.0663,18.298197,-3613.9675,-42.16266,-610.11,-675.90967,521.9318,34.592236,11.029123,7.381981,20.73167,4.6573086,0.54919535,-15.232425,5.091891,-8.902863,-6.100135,1.250272
76.183205,-289.76166,379.30215,5393.4424,375.66858,4.429576,-133.78506,-29.777065,-11.261477,-2.182059,30.885546,-9.087332,171.67493,0.6831669,-15.685419,105.23308,-17.70474,6.249546,-32.098125,462.8894,50.359055,322.25,512.45984,-74.77386,-343.97986,1594.6357,-214.32784,488.98935,-102.404335,2104.4797,-20.495863,105.13719,65.907265,892.9315,39.189228,9.374478,-7.8510766,47.99801,14.796936,1.0691,43.94368,-1.6243325,-12.651233,-1.9233937,-1.1257519
-0.8660275,-586.2959,-1174.8481,-5936.191,235.09076,-1.6741648,-78.76173,-114.10072,-5.212526,-5.4507046,-84.3558,2.2603395,133.82462,0.38103613,-16.928986,-96.03233,15.221724,15.730796,-21.638237,-187.7334,-218.96109,60.23647,46.66368,18.253527,-2473.2788,-328.94107,-168.73741,-711.7697,60.28478,-3643.628,19.625149,-255.88608,-1076.9448,-724.8876,-104.78103,2.7337618,5.0681987,-4.5187287,-44.037384,-1.3593426,-31.176895,0.19853057,0.0071637407,-4.4591255,-0.38091052
22.863365,1069.811,450.37637,5856.8823,329.06372,8.722878,-135.87115,-30.13963,-8.82245,-2.3586814,-100.52835,-3.8029387,46.154366,0.6560135,-31.430166,-14.102704,-31.402502,11.578551,-35.97819,296.33463,357.8036,-356.16696,-323.9738,-8.244913,1381.1823,683.54083,143.80344,309.75046,76.22302,419.1095,24.758966,84.2394,-16.261246,-655.89777,72.60525,6.1059537,2.0351038,27.614407,-7.320295,0.18323962,-21.619017,-11.593521,-9.732115,-3.0153077,-0.38091052
-23.948338,380.58383,714.7784,-5105.9575,-714.04443,-6.8610044,-95.17226,-66.92317,-5.027169,-5.2378364,46.403683,-1.217885,-15.548107,0.37098646,21.921099,36.001793,10.947,-28.78782,68.84076,110.83789,50.57399,-555.79364,-159.33778,-29.421095,-2222.6345,-324.79248,-95.20556,-436.2368,-14.860369,-1241.717,268.02185,438.24582,-910.35223,-676.0219,-83.05386,5.8810515,4.1989765,-7.043288,87.51048,-0.52395314,74.413284,3.384309,-10.977857,18.002527,0.4557062
-5.9018445,459.89493,665.58905,-7055.464,255.5378,-2.5564682,-169.3442,-68.81104,-9.172067,-3.6370268,53.11316,-0.6895609,72.33168,0.6339769,17.178965,-239.11504,30.830269,-21.207481,-15.570329,209.7425,376.9178,-135.33345,-35.95148,-36.757477,-1195.0564,632.61957,-110.01759,1180.3264,-100.130936,5609.629,-376.82455,758.9373,1956.047,-830.2281,92.84034,-1.0652459,-2.0350058,17.794853,36.673447,-2.3946424,47.97267,10.898428,31.130796,-2.420052,0.4557062
-38.75727,1412.5778,626.2836,6249.007,329.27502,9.722393,-208.57243,-94.589775,-8.220607,-3.4978924,-105.703766,-5.757433,33.904213,-0.5121231,-9.623569,52.309006,-19.89909,42.247406,51.32098,-403.0745,1106.2211,-294.43335,-4.7285438,-69.56578,3109.8376,1998.5415,-118.78961,1547.273,-129.95103,6573.799,-147.75638,2317.7817,3581.0217,-594.5908,-35.124165,14.702777,28.646408,-21.273655,-11.614504,0.94734937,-31.131062,-6.358097,35.12758,-5.1963077,-0.43034887
27.811052,247.66628,499.62332,7614.4927,287.86127,11.641382,-179.73718,-88.85951,-9.22815,-2.9268126,129.78072,-7.232296,48.846603,1.1495199,13.83967,78.52147,49.219116,95.700806,83.5847,808.079,581.87494,778.7053,618.3325,-78.38661,-2055.1152,2268.8157,338.23947,1834.9025,405.79822,7658.7656,149.91945,1220.7881,3023.1567,1167.0278,107.13918,8.683653,13.386071,206.23691,-46.155315,1.2797672,33.545315,1.8896846,81.47606,-2.8601294,1.4168137
-6.1143923,340.63757,682.8514,-5233.763,-740.58997,-9.823539,-106.99969,-104.50172,-6.7295866,-4.9447284,-4.173871,-0.28797746,-127.01524,0.57746035,-24.89844,-263.29758,10.334458,-33.4332,96.917015,-112.75687,-161.49855,-711.55334,-72.68929,-59.273624,-2068.251,-840.3639,-107.53235,-956.5092,1.2941427,-3994.126,166.42609,-241.65173,-1332.9587,-444.151,-94.63254,6.37153,1.4495771,-4.6640115,-72.12634,-0.9375671,-51.36061,-40.117466,-9.852922,-0.9307091,0.28916457
-1.1540781,-1.127716,458.52722,5228.412,-1347.3362,22.574749,714.0369,128.74512,-6.6948237,-5.679137,76.424095,-6.149972,140.64864,-0.03604,28.195415,35.691006,-12.5671215,-3.730488,-67.749664,703.2196,-379.40414,47.88854,-123.32686,-67.90692,1290.0466,270.7286,-13.153856,91.50058,-50.38054,-65.81914,17.987778,-720.5301,-501.25882,398.9671,78.08865,9.234183,-5.6277523,21.317148,-31.984232,0.9574689,-48.036118,-24.401884,-35.383244,-5.196535,-0.97057134
2.0454993,-321.06537,-1401.4026,6013.668,402.21005,-3602.3855,-124.33451,1004.7939,-8.29287,-2.4706862,-71.83879,-3.808553,39.18899,0.14837609,28.298954,-346.51093,64.545364,46.814976,-11.067203,562.11664,-280.81168,-467.86752,585.38586,-154.63853,4327.656,594.1742,486.99887,2.9670784,131.09544,-184.48558,181.31413,-975.4204,-446.9935,16.136984,106.67188,7.0224476,2.1603646,18.397745,-26.03189,0.33016932,-24.578865,128.34924,-12.882814,-1.7196269,1.1685233
-1.6353908,47.18858,603.21735,-4688.1074,275.86877,-1.3860565,-106.21068,-70.85956,-7.5124087,-4.691607,55.457943,0.015188932,9.469571,0.43172622,12.838687,-137.75623,31.365911,-16.75785,8.976555,-34.167015,-200.37613,-338.87445,-147.81377,-17.918055,-2266.1057,-542.6646,226.82054,-772.42365,40.9261,-2879.6394,416.198,99.580666,-772.08124,-523.0917,83.221825,3.7427285,8.9352255,10.724953,-50.54615,-2.4514565,-38.996284,3.2429051,14.174671,-2.6884236,0.4557062
-15.809113,-581.68134,-1309.7579,-6258.013,243.21832,-0.10797225,-90.453545,-159.17236,-3.8807232,-4.174011,-84.49127,-0.10145024,-205.89598,1.1908699,-3.7582915,50.302116,12.240089,13.701681,-13.84967,-240.5535,29.169168,132.2803,60.561203,-39.203854,-2101.1445,171.7326,-97.111206,81.37619,-54.140285,-24.988987,-55.108536,166.52507,-480.2578,-813.475,-131.5872,3.6689005,1.0024145,-2.8927996,-47.905373,-1.2433494,-42.130512,1.6438558,-0.4136845,-4.261451,-0.38091052
-5.934609,150.4434,427.3748,4433.488,275.9103,12.619319,684.4947,127.78525,-6.1789556,-3.0339558,8.799526,-2.5645857,33.622066,0.5221855,-66.72287,-152.10478,-27.23687,-3.3954406,-52.40695,491.13315,-261.05872,288.59042,0.49180853,-7.534231,-1941.1515,69.257454,-164.59412,-755.00433,-95.6056,-3068.642,64.14158,-470.91177,-718.03235,192.2998,31.14892,9.791205,7.991125,21.344994,-1.1796098,-0.44675136,-32.75645,-14.338256,-33.385674,-4.237669,-0.97057134
15.76436,395.2631,629.6924,-5058.2637,246.64337,-2.1348405,-106.09807,-48.222183,-7.3784723,-4.670777,55.674213,-1.433375,112.334595,0.36932236,-12.477093,-108.21265,-3.292482,15.988632,-29.72105,-14.478749,5.206456,-442.31512,-252.72807,-27.27854,-1788.5059,-345.801,-101.56518,-428.94153,3.6793115,-1053.2711,257.02585,414.1637,-638.5631,-682.86584,33.61387,5.157113,7.610056,13.185607,81.0289,-1.43636,47.41525,3.1679082,-7.5488443,-1.606014,-0.38091052
-13.236727,-125.24263,450.31992,4951.439,331.6371,12.650018,-123.650024,-35.302948,-8.392424,-2.2223902,58.843357,-5.983265,128.24825,-0.3106361,12.770149,55.914104,-16.550104,2.3491037,-23.914764,392.654,1.100196,15.016779,185.309,-44.138847,-1035.8436,1410.5084,-210.15202,599.14105,-235.41899,1133.8491,39.360798,194.89359,-121.53109,822.58264,-40.58403,14.428125,4.4388237,-24.760668,8.52771,-0.22080168,30.337925,-1.5409613,-14.715896,-2.6867993,-1.1257519
-4.3629184,-592.0175,-971.97534,-5954.0093,238.92911,7.636869,-90.54394,-100.05047,-7.1147027,-3.4063942,-61.861965,-0.30546486,169.72452,0.44509465,6.83555,-145.41072,-2.108968,-0.79086274,-13.046397,-218.80463,53.41157,137.36452,105.97126,-35.55788,-1501.3136,534.9233,-131.87932,266.8351,-20.3638,1429.0765,-8.939614,496.95517,376.05545,-859.5462,173.2727,3.1534548,-1.8919344,12.62865,29.446644,-3.0230155,44.1018,1.5902345,-4.7049294,79.77051,0.4557062
-5.564478,80.32273,-1663.0326,3339.4893,253.45348,-2.1614182,293.36334,-190.05783,-5.141333,-17.125538,37.886192,-2.8640187,-118.08296,1.1436036,9.804599,97.14753,8.973003,-13.364456,22.698978,125.37288,-321.1042,-576.4697,-34.20639,-102.41326,-2104.571,-2476.3206,-22.058699,-1374.7135,-110.19134,-5537.1187,11.041612,-1233.09,-1972.6812,474.32663,-137.72954,7.1711693,6.9669757,-9.9224205,-31.135492,-0.31605145,-49.56206,9.154797,-24.0416,-4.459631,1.250272
-16.487911,-733.1902,-1723.1508,-7780.7188,192.06305,10.479504,-233.6058,-260.44257,-2.9287877,-8.474878,-118.601715,-3.4545143,-91.8307,-13.679931,17.843784,78.05884,-80.14186,-44.283993,-71.97242,-382.97357,718.95,399.32224,482.8971,50.55682,3967.277,819.9802,-202.61847,1411.3165,-136.53798,6179.6953,-90.56168,1695.9241,4001.6416,-963.98645,-248.72745,-4.2032213,3.6325846,-8.088856,-42.92003,-6.3931503,-25.798624,3.130584,-8.05041,-8.901242,0.4557062
2.2119486,39.875366,636.897,-4960.8154,275.806,-2.8611639,-121.471146,-73.99668,-7.2465653,-4.719783,54.65172,1.095917,-77.3461,0.4036111,16.161665,-162.48607,30.100145,-16.383282,13.692091,-51.548473,-143.87785,-269.13715,-162.2126,-42.876698,-2090.0876,-346.58817,114.83236,-795.2537,-31.989712,-2946.141,244.58969,502.13492,-797.0788,-582.07446,84.83011,3.9882448,4.3957143,14.499618,81.23769,-1.6478379,44.874855,6.9136524,14.413429,-2.5850744,0.4557062
-2.5420842,-311.21487,445.55585,5675.9443,429.3326,14.298172,-137.44225,-67.00442,-3.7768052,-2.1980808,48.886242,-5.7672763,-24.15725,-0.39077634,16.914444,62.519356,22.009506,-32.490486,-36.601448,633.89575,-214.65538,145.06673,492.8318,-75.26028,-257.4532,936.0241,178.23393,215.70747,71.19712,528.57574,-43.863136,-29.151608,-328.95068,852.58136,-66.08439,10.072291,-0.16936776,-12.882231,6.892872,1.7346088,33.30453,1.331556,29.22151,-2.6054084,1.4168137
4.349593,-869.1112,401.08087,4622.7188,203.38339,5.8885865,-123.12535,-87.36898,-4.778927,-14.677789,-101.10556,-0.8571548,1.9869493,0.258056,11.201947,95.0126,21.789438,-15.278774,9.02267,389.51077,-129.90036,97.30593,-443.18726,39.7298,-2606.3826,-2374.2773,215.27881,-1344.8499,92.17769,-5197.1274,85.484344,-1040.392,-1910.9807,553.98065,-32.51105,8.663038,8.22758,-11.370957,-10.565951,1.5103956,-29.653568,-0.3288994,24.550066,-5.713797,1.4168137
-14.175051,-201.39294,449.4709,4021.8137,1144.6652,0.98161334,-122.32741,-69.900345,-5.1431985,-5.189614,4.8145075,-2.2578726,-129.4306,1.2287295,-21.548092,63.848766,-24.585285,1.8331159,-21.422522,292.9877,-380.90103,37.797546,-227.09425,7.582215,-2588.5225,-1695.0164,-209.85426,-1219.2909,-167.02019,-4515.0615,19.93673,-771.26013,-1420.8497,433.36185,69.08282,10.288352,19.654753,-10.736248,-27.49777,0.9512957,-42.101376,8.123205,-10.162894,-2.9769723,-1.1257519
-9.122038,303.2117,645.291,-5910.957,260.69348,-3.5787725,-143.81683,-60.300377,-6.411495,-2.8138494,82.73485,-4.3722057,40.33003,0.42896986,14.907015,51.004833,5.6830425,-49.723984,-70.61247,-42.908276,314.36633,-313.62222,-22.932253,-26.904375,-1422.2216,358.50568,-77.6663,452.54385,19.443808,1243.8489,-145.45416,566.8464,376.51807,-749.2823,63.774055,2.9360423,3.8531644,12.749845,-20.725645,-1.2742503,-41.866318,4.0010266,69.69104,-2.2376459,0.4557062
33.37254,183.91666,678.2956,-6100.9043,304.5563,-3.6127543,-169.78194,-78.57524,-7.4887176,-3.5594895,18.534893,-4.350224,76.61617,1.3519564,18.787575,34.765114,-2.3606272,32.37135,-38.38849,264.1547,544.46643,17.742794,-30.295984,-76.10128,-128.52074,640.4387,70.26934,1250.5078,72.277405,6582.4497,141.65836,868.78937,2638.3506,-825.2062,41.289177,-0.22278962,-2.64987,18.498878,30.97648,-2.4516425,48.367874,4.326258,-5.439561,-2.0672574,-0.38091052
46.8802,392.86707,657.47754,-4720.6797,285.25238,-4.0229588,-114.329124,-81.07392,-8.508158,-4.9802823,67.28862,-2.3951883,22.109634,-0.017919745,18.021584,30.916857,32.175797,-23.566223,51.179943,26.684322,-174.98543,-325.83746,-161.59169,-23.511251,-2316.3835,-256.6453,235.75478,-434.27258,119.390625,-2113.6282,371.2402,449.1667,-505.7605,-635.2738,75.43871,3.8793747,13.938235,17.673357,62.826027,-2.422382,47.812687,2.4113228,30.173958,-1.7128472,0.4557062
18.347094,206.4473,445.07562,4202.8853,256.74356,10.639321,632.533,122.76667,-5.8203816,-3.0650125,11.477417,-2.6341906,-87.40344,0.55362386,2.2753208,-2.0248947,4.328265,32.952496,-46.05095,339.23993,-295.55197,174.56554,-89.899315,-1.1574992,-2175.604,-287.78812,-179.28441,-743.8947,-120.40391,-2995.1685,7.4443197,-532.4217,-631.29456,275.01825,-50.40666,9.793093,8.309618,-8.691305,13.17127,0.3169443,-26.787205,-9.482624,85.266045,-3.704398,1.2411437
-25.96767,-1.6093869,773.10297,-8162.769,-1247.6696,12.387372,-213.0912,-129.04233,-37.915077,-8.842499,26.38496,-17.603094,16.285664,-6.0055842,11.9553,87.2633,140.8852,66.10172,38.382893,-698.85,2330.284,3102.4397,484.20663,-55.69359,21668.812,3941.9695,-155.23132,3752.24,-138.1535,14968.045,-343.90073,2805.1692,8083.2344,-499.9166,-63.702877,-58.70103,-17.54206,3.074479,137.2761,-6.3999443,101.71027,10.432964,-14.020413,-4.233276,-0.38091052
-27.319822,1236.6393,654.25995,6888.34,381.54922,9.232405,-151.70761,-82.18084,-5.286401,-3.3060005,-115.02603,-4.9768596,-98.163994,-0.21786991,12.40549,105.35591,-4.454708,8.040883,-20.332136,798.5602,645.32196,-395.67133,-186.23143,-30.94339,5662.5386,1055.1716,226.0824,1224.3751,53.177727,5468.7456,-80.823425,1287.7856,2380.195,-764.2193,-59.515697,9.821928,5.381543,-14.289688,5.5379977,1.4746213,33.63053,-5.4343667,-10.147264,-3.0241954,-0.38091052
-41.08103,354.8986,472.77136,7406.475,425.8005,12.218646,1149.1855,309.72058,-5.3147097,-5.4587045,123.0356,-6.742318,-12.580388,0.49811408,19.291025,61.320564,20.781153,26.369764,-76.90424,1169.5778,-159.85942,303.5026,1183.4045,-31.972223,6533.741,1487.9498,592.5775,1160.6635,261.40274,5355.622,215.6415,30.079607,1742.1168,939.84827,53.88807,4.9107137,8.522291,38.691322,12.132887,0.04712765,30.716764,-18.156107,144.44235,-3.3636887,1.2411437
-8.233817,1025.0115,474.73563,5016.64,280.67905,8.494842,-121.02481,-46.318012,-6.2370844,-3.2256565,-100.405594,1.0064828,7.870331,0.82202196,13.590033,105.09933,-5.9262314,-48.833836,-10.755713,-375.2745,42.568005,-346.193,-449.79752,7.0448365,-2258.7363,-94.826706,-90.89291,67.186325,-210.39326,163.35052,101.68012,-114.04413,-828.5082,-537.951,-16.269072,11.5322895,13.712442,-11.459445,5.807481,1.0215452,27.240795,-9.470228,25.833008,-4.4657893,-0.43034887
32.83026,362.52344,665.2779,-6480.3276,218.57639,-0.91059065,-159.86072,-76.522255,-7.694856,-3.6046002,-17.621155,-1.3662478,24.374166,-0.23788579,-15.880138,3.6432357,-13.468847,20.378736,-43.554695,-6.658063,523.75354,-78.76858,-58.389053,-90.75071,-2032.1686,446.521,-96.30582,1133.7953,16.353996,5218.5254,-434.69806,620.8466,908.5438,-772.913,84.41242,4.366035,4.1720643,155.02782,25.273811,-2.584217,40.27375,6.322827,-20.405153,-1.6650105,-0.38091052
-10.970458,-369.3626,399.9511,5780.605,417.48926,15.656877,-136.36658,-44.5888,-4.0739183,-2.2059793,63.879925,-11.799819,31.628283,-0.307473,30.460835,24.543303,38.46324,-9.596622,23.464087,684.18286,-250.22646,244.71338,744.6527,-54.179825,-361.3412,1261.5714,128.50551,240.50351,79.92572,940.15515,54.812115,6.1662803,-120.86668,868.48157,61.5842,9.506531,-5.0404663,24.923943,-12.286333,1.7319653,-33.8793,-0.9028763,27.731783,-2.4622118,1.4168137
-5.9712977,812.62225,438.20532,4469.68,277.0599,7.8827333,-116.881516,-49.68781,-11.451863,-4.961659,-101.77255,-2.0824122,-88.388214,1.2470948,46.855255,-266.30524,-43.73008,9.840319,-23.095982,155.77219,-390.51758,-601.64325,-553.1432,-2.5807154,-1872.9038,-2873.2302,-176.77806,-1431.285,-148.73141,-5842.6216,47.432426,-1166.9977,-2277.624,-255.13353,74.62168,6.1030107,-45.82817,-9.590698,0.16547984,0.017751157,-17.766228,-5.8834023,-10.666187,-2.1068115,-0.23553342
3.6866937,-312.72842,370.81458,4705.9175,319.67538,16.675611,-127.550385,-68.38568,-5.7802215,-2.7137494,-8.406059,-3.6205812,-7.7046723,0.50203174,20.3548,-14.629144,-48.013485,4.011159,-27.113157,619.6083,-173.43822,268.6776,-12.647009,-43.470455,-1580.5667,21.303606,-9.067742,-431.6846,-88.84723,-1822.6506,-17.714273,-221.82172,-600.4394,574.3252,82.415146,12.072529,3.76973,-13.004736,17.369637,1.1042658,26.288944,1.5050539,-12.585466,-3.5507317,-1.1257519
8.306912,304.46732,624.9346,-5602.79,-658.811,-6.631536,-107.96892,-44.782673,-7.441892,-5.1313186,18.029036,-1.3214386,-14.420673,1.0191507,19.812828,37.689632,-20.457027,16.807152,-25.84931,-25.93988,-141.30109,-813.1427,-153.01852,-64.253265,-2777.8032,-880.7528,-55.66404,-963.43414,-0.54568994,-4004.632,-100.91994,-388.01535,-1288.9095,-451.24466,102.09451,5.268641,2.8913963,9.395235,-79.62778,-0.5488217,-73.94059,3.2752106,-9.646166,-0.8868729,-0.23553342
-17.155888,75.6653,652.9166,-4702.412,254.3113,-1.0409117,-108.06831,-74.741,-4.983726,-4.766016,11.731496,0.5426916,5.6262527,-0.041790016,-26.1523,-7.275815,15.452125,94.168274,195.41254,-120.31806,-269.75677,-712.0559,-110.61992,11.42465,-2255.3313,-1004.25836,45.78316,-765.469,96.50668,-4123.331,359.60464,-606.93994,-1487.2675,-373.8656,-69.19627,3.4551864,11.664198,-7.909606,-47.861324,-2.5956616,-32.555058,7.5761943,24.334394,-2.282883,0.4557062
-12.8863735,-970.0221,370.28293,5451.7734,271.04214,17.64075,-140.46494,-86.56929,-4.152332,-2.3024206,-97.15686,-4.468075,115.39958,0.2845255,14.004864,-22.630117,6.8851337,-11.672635,41.49571,720.2993,-374.4151,99.91081,-404.99774,3.73316,-749.50287,682.0941,155.60645,112.59296,132.96118,712.24384,46.75587,30.695692,-228.6983,833.76526,-53.229183,10.06416,0.8781918,-10.80461,-16.745146,0.754433,24.622658,31.388506,-12.742982,-6.9238815,1.250272
14.001904,-210.83022,-1217.8132,3832.017,-857.8559,-1507.6101,-79.4705,342.27515,-8.80705,-15.220926,-94.57636,-4.1176906,-87.24901,0.5527765,24.278269,-248.08188,13.213334,-3.280687,18.57392,263.50034,-459.31778,-499.78378,-341.58084,201.92891,-2574.2573,-2617.3923,-198.9709,-1249.7943,-222.7336,-4763.773,28.810677,-1242.4532,-2101.4587,296.62674,-127.93686,10.667512,-2.171479,-11.45789,27.559368,0.056307245,50.959126,-28.420315,-13.470022,49.958218,1.2411437
-13.271059,-175.70796,-1213.803,3640.4075,-768.00476,-1483.4957,-92.30095,215.42976,-7.8699403,-16.296062,-24.294361,-8.490419,165.72852,1.068307,-83.12455,-107.2674,4.941803,-5.4284997,-9.297857,75.23301,0.8639121,-1012.85974,-608.5255,147.88985,-3658.6504,-4315.0693,-338.73218,-2045.3121,-251.64632,-6291.0146,5.3106446,-1752.12,-3430.568,297.99536,-94.372154,8.928254,-3.6360474,-10.949729,-36.945606,0.42688942,-50.745987,-23.633333,-9.224072,-5.0905657,-0.90736353
20.79936,125.5501,418.13046,4185.0117,303.14224,7.2235303,723.99194,309.7265,-5.954714,-2.9001272,13.312202,-5.126183,38.1699,-0.8319332,36.96673,35.53031,38.723076,-21.842098,-8.565119,381.69077,-262.0935,49.441677,-385.0944,11.1355,-1985.5443,-1450.5203,-240.19714,-962.9233,-178.83159,-4021.05,-12.119332,-654.68726,-1075.8721,209.00006,78.52049,7.9277425,-74.80011,-10.731678,-10.011915,0.7957461,-29.069613,-15.488732,108.43862,-4.61329,1.2411437
-16.019184,207.07423,-1706.2811,3558.1057,302.8361,0.37696666,405.9917,-136.96832,-3.2638385,-3.574577,-7.481389,-5.4556637,-100.66962,-0.056035813,20.235771,59.120674,8.224855,-18.273552,19.787994,498.96838,-201.6067,304.8775,198.00533,-190.18309,-952.8863,-595.497,-15.987649,-761.9006,80.930725,-3467.4473,98.77735,-544.2338,-575.3893,468.26422,-168.33711,7.8246512,3.2430673,-9.088389,-22.903845,0.26432148,-46.869495,-1.4391044,-21.31289,33.65351,1.4168137
-12.094939,194.88208,622.5746,-4152.143,251.7016,-5.6740365,-95.88794,-75.22327,-6.57351,-12.388149,35.60582,-0.87604904,-5.2249565,-0.100489005,16.196676,92.64583,-16.780235,16.249172,-23.173916,-179.19836,-270.39957,-662.23267,-266.72266,-19.700138,-2671.1204,-1267.0365,256.14294,-1152.3376,106.03416,-4776.155,380.30692,-819.2414,-1806.7799,-348.76086,-45.698517,3.0207055,13.001838,-4.5160613,-42.071968,-1.8017794,-37.447033,3.3427231,-20.928251,-2.296253,-0.38091052
12.457839,23.674372,661.33606,-5085.0923,244.39641,-3.2070153,-110.919785,-81.41729,-5.541873,-4.770312,48.671726,1.3563738,-3.7426205,0.3950917,10.621793,-14.261963,-5.345838,18.375826,-39.672333,-169.07938,-125.90073,-611.4993,-237.48775,-10.462279,-2269.6108,-240.1048,-138.28285,-408.78845,-0.08622753,-2162.3774,239.96805,404.46094,-576.75073,-527.9189,-62.16691,5.156818,12.198561,-8.689751,74.93381,-0.90782046,42.055187,5.2465734,-6.3218923,-2.2746542,-0.38091052
-0.84125596,104.784134,494.17102,4150.853,301.05515,5.5670786,704.9256,383.95706,-4.546275,-14.345923,14.957875,-3.1962779,127.03704,-0.053775314,26.139559,50.672195,22.454002,-3.3032498,111.07459,224.38303,-357.46167,-514.739,-420.9873,23.722597,-2671.2166,-2720.2578,-313.73734,-1418.3519,-207.09799,-5615.3047,12.263693,-1245.5841,-2114.6047,232.05313,-61.012276,7.501764,10.556986,-10.586432,-11.693061,0.8645896,-31.736933,-15.178028,103.026695,-3.6247928,1.2411437
-2.499441,236.0108,459.23816,5857.6245,424.37177,14.566882,788.5516,301.7448,-4.472276,-3.8802092,79.59979,-12.162794,-67.32769,0.9020124,12.258755,67.96164,23.525862,-21.60455,-70.06486,557.25385,-401.14673,180.4105,2.8827002,-49.214584,1465.2898,837.9487,199.11018,265.2493,91.57773,440.66547,134.15924,-385.6426,-141.35875,608.617,60.72383,6.9220986,9.618694,18.688103,-12.914931,1.0471115,-42.562923,-15.800191,119.67184,-2.5679934,1.2411437
-10.780065,-223.02202,-1272.3716,3903.3176,-896.368,-1563.3209,-84.04752,427.78625,-5.091538,-15.278104,-79.09443,-12.538576,33.85119,5.0045204,19.992462,69.18345,23.176914,35.850384,80.21524,436.89932,-357.00388,-435.14972,-334.17572,221.39265,-2169.678,-2808.261,-97.53969,-1227.8975,-238.42212,-4899.1445,32.08174,-1333.1621,-2174.406,378.2126,-98.69652,11.123512,-1.9698918,-12.673465,42.955692,0.8191737,50.208508,-31.977968,-7.736708,40.36241,1.2411437
47.221775,1121.4557,508.97177,7285.045,363.66602,9.323432,-136.4018,-83.397194,-10.08892,-2.9927917,-133.27704,-5.7894926,117.57235,-0.600389,20.791613,56.151848,-7.4411745,-6.4831815,-36.503994,1135.6006,615.6139,-568.8522,-346.95956,-46.484062,5050.6133,928.8959,275.62805,1023.6463,170.26683,5085.395,-2.582638,463.60492,1598.5814,-846.22687,40.819263,6.031428,0.68643945,35.13955,3.3267422,0.5212471,43.73694,-7.4408326,-7.785672,-3.410694,-0.38091052
-23.1769,-37.15409,520.2735,6179.6934,313.25217,23.310055,-182.41391,-51.846104,-8.060188,-2.6478515,-24.623262,-5.0164533,99.39536,-1.4330157,4.1078014,-62.312088,-24.634863,-10.618496,-17.308475,1036.963,225.67223,-21.497421,486.15564,-40.71726,5302.537,1595.3541,-155.6034,1139.9961,19.62548,5543.287,65.19276,456.8503,1632.0314,992.8477,-40.77734,13.308538,4.078212,-56.090214,11.1148205,1.0793594,27.243776,-2.1195824,-16.267775,-3.4226825,-1.1257519
-4.101709,126.68819,646.7307,-5926.674,224.95161,-7.764716,-115.43406,-68.38706,-3.67546,-3.4828317,97.724846,-0.88842285,22.657188,0.4699802,-24.451485,41.333797,3.1328835,-33.285717,6.0970955,-95.5397,95.02371,-561.16644,-214.66194,-85.03628,-2573.7236,-18.233498,-122.36372,191.98901,50.635414,-143.83853,-241.53275,217.9166,-409.37088,-703.92096,-64.49851,2.8754797,11.382221,-9.508768,63.40489,-1.3786561,52.574566,4.021192,61.768227,-2.6004307,0.4557062
81.6076,-438.7806,433.9356,5287.785,428.30972,13.870088,-151.63966,-84.88308,-7.9705024,-2.1943336,34.61375,-4.6652884,-49.4615,0.69373655,-25.028769,-3.1036289,35.858555,-2.9093459,78.36172,345.0082,11.588414,261.38785,2.9095495,-48.91416,-281.44904,1231.1766,-56.872204,523.2069,-172.98622,1006.209,-130.65816,215.90437,-108.80416,836.7814,-93.84248,14.340438,-3.2422616,-22.725296,16.345844,0.7289575,26.551834,-0.31045043,33.565414,-2.3691502,1.4168137
37.417072,-852.36316,-1233.4113,-7778.899,249.74286,21.402206,-226.34465,-178.80867,-20.659906,-4.3779206,-75.08274,-0.5630907,226.07623,-2.2369058,11.909784,-147.11731,40.65094,28.687408,3.3873289,-331.63333,1024.8527,419.85202,761.5857,152.89952,7949.8296,837.878,90.403275,1140.3318,15.8058,7995.2046,281.06668,1757.206,4400.9316,-815.14105,234.23076,-33.08228,5.417586,23.50557,56.610783,-21.482645,42.59551,4.6451,-1.1423719,-10.663535,0.34165534
-3.6002162,-1055.5488,374.41254,4553.111,189.34459,11.75019,-137.40656,-93.06044,-3.9489577,-2.9785552,-100.44591,-5.503164,20.504421,-0.37681395,16.636818,33.003212,43.734573,-1.1038182,39.811607,629.5544,-300.17767,160.83717,-294.81122,66.106316,-2119.105,-1357.3373,195.50133,-796.4851,15.8432865,-3520.5063,81.434326,-643.6481,-584.83923,619.1576,43.869793,10.52651,-55.59394,-13.130181,5.3579845,1.4994383,29.76887,-0.23734248,23.616354,-5.555117,1.4168137
95.67757,391.5518,820.5259,-6794.6167,253.01727,-2.081904,-184.99881,-111.9053,-7.5361776,-3.999477,33.797382,-6.2628736,18.472515,-1.7206953,-2.2374098,63.505314,-29.791792,-9.891578,-25.647429,45.112423,844.46564,275.32196,48.96486,-71.40226,-621.4406,865.9574,-156.46855,1448.202,6.9176316,7474.5576,-367.90796,1463.8926,3788.2605,-810.54803,-76.82496,5.5126557,4.780469,-4.520223,24.691551,-5.586188,29.542032,8.025102,88.9516,-2.4704604,0.4557062
-9.320121,101.5856,628.5294,-5463.1284,264.93317,-7.306848,-127.69191,-86.286804,-4.563184,-3.1223428,59.5378,-3.377994,-66.20512,0.36593366,15.40829,47.03553,-14.543812,17.348982,-27.474678,-229.85194,55.572514,-315.91815,-19.47117,1.1704161,-1897.6105,273.3859,-125.74436,226.44208,-35.798214,458.31226,248.6885,433.89102,70.7668,-667.52234,-56.79896,3.397462,1.8313437,-4.727103,44.436302,-1.0097735,50.94056,3.9037235,-3.450229,-2.268403,-0.38091052
-9.381814,136.02946,608.907,-4739.408,227.74487,-5.5084443,-97.62296,-71.93683,-6.736769,-5.4162264,44.146896,-0.7252554,-79.0382,1.0704007,-32.325516,-15.190418,-5.68308,14.739382,-30.624123,-296.9983,-278.44553,-706.41144,-219.74945,25.982697,-2982.9321,-1096.0609,-53.95675,-939.503,-10.796496,-4365.4863,388.86066,-580.49084,-1418.0156,-369.54602,-58.300915,3.5300298,12.495498,-7.029352,-47.105362,-2.0560412,-39.627483,5.996353,-8.843152,-2.0060549,-0.38091052
-5.031163,-788.1279,370.7319,4323.6196,218.66624,13.4616585,-124.11126,-61.575077,-7.4313393,-3.0981772,-132.92729,-2.7007067,17.90207,0.27551693,-23.84534,-165.20468,-17.286102,6.0147066,-27.592754,336.17664,-311.1074,223.93042,-343.3875,9.3193035,-2002.423,-433.00195,-149.38202,-727.9232,-51.061054,-2734.6687,-0.41104293,-534.66644,-566.08105,485.65915,-38.464573,11.621397,5.5792103,-12.363181,-0.61543065,0.021363568,19.854073,1.4902397,-9.429566,-5.1533585,-1.1257519
-2.5880427,391.02676,647.15295,-4157.1865,262.44562,-7.547522,-91.50417,-73.718636,-6.495683,-12.340048,20.478085,-2.234614,-8.998931,-0.11075932,-27.134943,48.329304,-17.430008,16.096926,-24.092163,-203.20737,-294.2277,-589.4672,-114.41822,-53.216324,-2528.337,-1219.2137,329.47247,-1123.0682,123.94206,-4571.3125,428.04666,-924.4424,-1750.2345,-313.48285,-45.75382,2.7492769,11.410691,-4.7037086,-39.485306,-2.2615721,-40.505627,3.0889745,-5.550678,-1.5108743,-0.38091052
-9.42867,517.14343,497.54764,4254.1133,226.21915,6.695224,714.65393,-67.64207,-5.605837,-16.995068,27.980001,-3.0992956,-68.65677,1.5018822,-17.869415,57.69066,-32.94507,-1.8247871,-21.936882,253.03516,-355.2707,-214.24504,-286.8013,30.689463,-2558.0032,-2402.1394,-232.03293,-1327.061,-150.01317,-4899.853,41.100246,-1083.1368,-1893.1627,209.71677,64.929436,9.638835,-93.137215,-10.674165,-11.095939,0.6107333,-36.132267,0.04636299,-16.454819,-5.3336706,-1.1257519
8.006101,757.12274,544.8635,5558.798,426.93,20.884686,776.5263,-71.8904,-4.1791162,-2.480118,63.93223,-3.6599407,-84.194664,1.459522,-18.833927,101.341225,-18.508137,1.763141,-33.283825,314.46347,-249.50328,-324.22412,578.33746,-26.002037,3038.865,759.22797,-28.80497,197.97348,-189.21823,481.4349,-64.98282,-569.4488,-340.93036,522.311,-60.10092,9.08813,7.690999,-10.041075,-22.3222,1.0558375,-68.47191,0.56240207,-18.557543,-4.1511893,-1.1257519
0.022377064,858.878,468.482,6091.9473,314.7377,8.179972,-141.9619,-89.44703,-6.4856305,-2.969994,-129.26605,-4.6156673,-84.13822,0.63267946,18.612444,84.70033,-23.189344,3.7964149,-27.79361,613.16473,403.4737,-743.62115,-350.7872,-46.456432,4937.3457,552.76447,-34.676315,287.86725,270.63666,1636.1917,71.2204,-242.63464,128.53365,-661.5373,75.248825,4.91849,1.9815001,-14.074442,-7.965796,-0.2663481,-30.470549,-6.030004,-12.833135,-2.9575589,-0.38091052
2.8282769,198.60542,670.4083,-4944.098,294.53592,-2.4653316,-117.55605,-86.9034,-6.719777,-4.8389874,44.77552,1.1695108,-24.89119,0.40111032,18.168106,39.03823,-15.797942,14.907355,-35.971443,-143.10986,-247.36491,-167.68967,-162.80759,-2.9792182,-2208.2686,-286.6845,131.81088,-390.02646,10.528825,-2319.36,259.9137,482.24887,-505.09143,-639.2087,-62.155727,2.789555,11.9210205,-3.041467,-56.083897,-1.6637452,-37.714584,5.2589097,-22.055662,-2.334853,-0.38091052
-5.9521217,128.69554,615.7244,-4371.749,236.8022,-4.086271,-96.48981,-71.54788,-5.893674,-12.397888,20.20398,-2.9431758,-34.668655,-0.102818176,15.33007,46.508102,-12.826589,15.3095665,-23.285782,-214.3216,-275.67712,-598.03577,-77.96976,37.81108,-2840.4946,-1194.9578,131.69748,-1066.988,121.83944,-4634.3047,435.593,-854.955,-1823.2368,-354.5342,-45.99381,3.4288049,10.667168,-8.36952,-45.07141,-1.8290311,-43.187492,3.616908,-6.0120926,-2.2487607,-0.38091052
9.157356,-191.1258,617.7736,-6239.7188,264.9139,-2.8371239,-144.50378,-97.21066,-6.567514,-2.3075469,16.378147,-1.8358331,-26.45476,0.37913698,17.359047,-355.74536,25.88027,-23.625078,-19.36401,269.34418,-211.75833,-1071.1,-522.19214,4.257355,4338.2217,-1346.5151,-175.68457,-361.96692,32.974693,-2119.806,101.041664,-901.4067,-1582.9438,-691.2785,96.89844,2.3001745,5.1396856,28.032873,217.2988,-1.8486569,54.620235,7.216905,24.104393,-2.367919,0.4557062
-5.236532,374.62247,764.62195,-6056.0044,276.9328,-2.7836757,-162.9244,-98.80901,-4.840551,-3.477373,-28.66544,-2.5822597,-89.56917,0.10985437,-7.8687224,-65.860054,11.116006,23.531435,-18.61615,82.80111,742.3854,101.56216,68.72514,-57.630104,-69.75161,857.7934,108.34822,1250.2571,169.73282,6623.089,220.77144,870.1977,2849.4402,-831.7037,-35.90739,-0.4292859,-2.3553333,-12.673332,10.983903,-2.4932325,28.782938,1.7916579,-29.623358,-2.6740766,-0.38091052
-3.822298,-516.583,462.93127,5273.5283,-1351.7224,16.44414,-119.33356,-116.94733,-6.0862417,-3.4505367,10.22496,-3.6070945,-74.59843,0.5479911,12.3673525,8.405429,23.089386,-9.910589,77.3348,583.33777,-344.29303,134.8382,625.56903,-56.47739,-1118.8734,687.55646,4.3392205,141.54495,-94.44767,-566.3481,-63.87911,-72.05596,-570.55725,688.548,-88.27807,10.802593,-12.396366,-11.201761,-28.786077,1.0237389,-41.64408,18.705252,-9.282123,-6.7859726,1.250272
27.405437,2.6838372,638.13525,-4741.46,-852.4951,-7.8435416,-105.414,-57.671955,-8.461804,-4.9937096,33.987713,-1.3515893,-48.59904,0.93000317,25.944084,41.570045,-9.351449,11.080769,-24.834578,-23.197372,-255.1085,-529.4989,-109.678276,-12.1328125,-2466.213,-939.98346,61.03711,-763.76917,-14.369191,-3941.2495,366.30716,-349.0785,-1427.7731,-419.5822,-81.17472,4.6601157,0.65024847,-4.0556192,-73.48207,-2.0509143,-57.69163,4.2000885,-4.252794,-6.45737,-0.38091052
-21.093163,-1258.432,383.06848,7280.541,256.98776,17.399446,-182.12383,-136.19974,-4.694923,-3.1720164,-136.09927,-3.3771694,-118.78377,0.7807478,26.268456,-2.052596,59.17608,165.66531,84.27277,1373.6704,-91.16918,19.322805,-376.7381,-183.04285,4913.9736,1684.9941,425.30002,1220.0023,124.32137,5731.7227,96.505775,541.3372,1885.3705,1135.3124,104.0277,5.8311257,-55.607723,-16.365664,-13.661468,1.0166054,-31.445158,3.5322814,-6.5246434,119.77009,1.4168137
7.0007195,948.5341,420.596,4233.0986,225.44427,8.427182,-112.40148,-57.138836,-7.4225564,-5.6272225,-53.009678,-0.24820024,-7.3958526,0.6151106,12.643709,18.088974,3.7599661,-10.257382,8.543247,-366.54868,-421.1468,-617.3729,-613.7718,-0.3590598,-2941.7715,-2162.8655,-60.24465,-1234.4299,-287.23444,-4649.594,106.79688,-669.53394,-1463.2067,-210.45815,27.395832,6.919344,-75.72403,-6.737707,22.43353,0.17344317,-16.95548,-1.6329389,26.263224,-5.134461,-0.5949212
-6.329492,-105.842606,465.36798,4578.6226,289.16797,15.357613,-114.92392,-80.7417,-6.520436,-3.0471263,12.615634,-4.8676243,-78.16648,0.2500091,18.704832,42.30954,33.479095,0.4760212,40.533943,470.2995,-192.21573,150.98863,154.93823,0.8237774,-2007.4191,47.701805,-128.41464,-419.57648,-185.41248,-2067.3284,12.42636,-336.58493,-698.5194,610.7504,-67.79865,9.982204,14.35799,-14.987888,-7.3539987,1.0436593,-26.31157,0.50898975,40.842636,-2.8073263,1.4168137
-21.385035,12.848575,516.15735,4850.8535,-1388.2278,-5.2834344,651.3918,330.72638,-5.4292455,-6.2077227,37.864277,-5.1727433,8.901825,-0.21550378,16.507582,69.944855,22.443794,-3.5968676,99.09873,571.9328,-236.28494,283.8019,-59.66473,14.563122,-793.0905,-693.08545,-31.873337,-690.20233,-22.721523,-3671.2112,66.24245,-594.6319,-645.77844,273.21432,-107.55078,11.024124,-4.094564,-11.28876,-21.294363,1.1134133,-30.859734,-29.545568,-32.682907,50.389946,1.2411437
-22.914352,-834.97314,-1404.3451,-7515.387,197.43466,7.5985456,-194.4406,-178.01534,-5.512399,-8.928955,-64.06585,-3.9112487,96.21611,3.6912603,13.079083,4.8894153,53.42908,29.833006,-4.914222,-365.9781,627.9553,905.2474,278.56876,42.901276,-819.6369,929.38855,-182.83107,1597.6821,-222.1447,8948.178,-336.54114,1741.5024,4954.921,-934.14905,-228.26897,-12.560811,4.369337,-7.1156025,43.324795,-5.40727,25.656796,-0.055687808,5.8263564,-7.5422688,-0.38091052
25.975384,377.77475,551.7259,-4265.6743,224.54797,-5.3811464,-107.44085,-59.33264,-10.489836,-80.39805,6.98806,-0.54974264,30.21933,0.023703424,-41.122276,75.50712,17.559042,-20.772947,10.265513,-103.8293,-448.23187,-870.18933,-419.35992,-17.808716,-3554.818,-1590.6494,50.14239,-1539.831,158.2115,-5990.7646,364.86734,-2112.407,-2631.8843,-378.5606,78.519,3.7302303,4.581068,17.62096,116.88375,-2.2446878,57.292305,2.442559,-9.963253,5.4300523,0.2911339
7.2718997,44.814194,577.2139,-4451.283,217.9545,-2.6440167,-99.932335,-81.31235,-7.651069,-12.173877,30.238075,-5.4973564,-5.3091335,0.0090343235,17.076612,27.318377,23.995543,-49.525364,-1.8214737,69.11222,-157.42885,-744.82574,-393.87445,28.774721,-2286.4897,-1407.4817,84.036964,-1161.7413,-52.4458,-5017.164,312.4157,-1535.7507,-2062.59,-439.63593,80.585556,3.5739467,-83.284584,-7.839085,-43.829285,-2.133476,-37.545544,6.286604,11.322641,-2.6987188,0.2911339
-159.20691,415.25482,-1650.4017,-5347.669,299.73343,-2.0906134,-68.717064,-91.48305,-6.0335035,-3.4318316,-70.32617,-3.5559564,175.82072,-0.26908103,24.431906,41.599648,10.874046,15.8843355,-20.43243,-149.45882,-24.615915,-534.1064,81.09391,-34.859447,-1713.4441,99.58733,344.1039,54.878498,-37.36378,121.93241,291.5358,199.89665,-496.84845,-740.28186,-123.03414,4.418001,17.064875,-6.156397,70.31052,-4.8694944,40.709297,-1.0074538,-3.1583688,-24.4332,-0.38091052
0.3264199,21.137228,675.6224,-5709.8633,-863.0787,-9.474475,-138.30016,-65.96305,-6.9256535,-3.4311016,49.960743,-1.3178378,-49.50867,0.96852577,20.361732,-14.909011,-8.314293,16.6841,-33.320114,-38.029263,186.75787,-237.44756,11.40109,44.483665,-1655.422,501.6993,-87.55354,334.09088,37.256,1385.9869,131.13876,575.5525,351.8821,-764.92,-104.272804,3.9168723,-9.887829,-5.546965,-57.41773,-2.7513337,-54.7643,2.6462712,-3.4496584,-6.113,-0.38091052
-6.5665393,-262.71533,-1392.7809,4291.515,-1108.19,-2225.177,-88.21739,689.4565,-7.2298627,-5.3789744,-134.21307,-13.470006,26.611982,1.2665197,-7.93901,33.519417,-23.303415,-12.588359,-20.622404,572.8229,-216.3907,289.24377,25.664284,-63.636982,-1561.8044,194.70662,-96.93194,-610.8348,-177.35457,-2619.3347,-55.954197,-228.73854,-716.6617,107.52729,-125.99244,9.372187,-6.653055,-11.612738,-23.180817,0.43274057,-50.314285,-34.85965,-4.312619,-7.0115128,-0.97057134
-23.725897,449.31964,841.88837,-7581.442,211.96396,5.6071467,-220.85028,-96.36622,-4.557191,-3.768505,59.058388,-5.3665137,-27.205025,1.4713149,9.611796,37.354916,-91.29725,-50.710365,-89.29571,-48.02281,959.5092,-17.678596,45.49962,-53.676357,1884.2637,1140.7288,-184.23834,1597.1013,-105.609375,6966.245,-444.81836,2030.2769,4644.417,-680.05237,-50.31674,-25.813948,4.483273,-9.121656,6.3264966,-4.9924293,31.272402,9.4331665,102.80277,-2.3840427,0.4557062
-18.233799,-104.39203,445.95346,5256.0933,314.95526,0.74487346,-126.860725,-64.523994,-7.3653584,-2.1367216,25.149902,-12.12052,-13.20749,-0.6561983,16.04748,37.594788,-44.848164,-2.8376591,-28.420576,564.4646,-126.893776,124.76436,313.85837,-28.49376,-342.88318,1176.4832,-196.9843,523.3318,-169.7981,2411.777,134.74332,85.919754,51.42592,943.6065,73.306404,8.916785,-57.133255,-22.034388,-9.252591,0.9665537,-27.735563,1.8658177,-12.204559,-2.4476795,-1.1257519
-12.188968,140.62775,468.2325,3914.7468,291.81906,3.9446573,600.6938,296.42505,-6.466651,-14.397836,-5.4962044,-0.83141065,-14.448309,0.33928853,18.154985,-7.2064605,19.429579,-21.41639,21.368736,100.842224,-396.71756,-697.93604,-643.16815,19.429157,-3173.5442,-3387.4585,-378.11792,-1793.2721,-239.87582,-6149.304,-57.418674,-1435.2632,-2594.4346,274.39093,-79.11533,7.8311996,10.288089,-8.634412,-9.875997,0.3087607,-7.8053064,-15.916723,98.24243,-4.0006227,1.2411437
46.993626,46.659866,510.2323,4278.099,-1190.948,-3.0064168,628.4732,488.66904,-8.4716215,-5.48383,24.28606,-2.3282278,233.75372,3.9019945,33.92832,-450.8231,25.305964,17.817442,262.66248,475.06885,-325.78635,177.75082,-160.62209,21.901815,-1015.0352,-679.2776,-123.48013,-776.2654,-163.72365,-3589.6829,-8.601608,-576.7015,-924.43494,208.83534,-117.46749,9.81287,0.20702557,-13.6010685,11.721164,0.06770326,50.98747,-18.904514,82.910286,-3.58747,1.2411437
256.7732,-492.68027,-1192.943,7059.607,-1403.1307,-2372.1326,-193.96126,709.8518,-16.086855,-7.0789943,-26.482294,-37.099056,-64.10241,-0.4290057,-7.181513,122.63327,-20.615622,-79.5594,8.742501,643.18744,452.7537,333.82983,1199.5254,-159.13243,6356.9287,1779.7776,134.05156,1587.9098,32.37671,6776.9116,224.46844,1893.0149,2852.2322,484.3807,214.79994,6.0719595,69.8436,-10.986709,-45.382122,0.44847813,-36.57704,-31.417118,-5.862225,-8.319708,-0.97057134
-9.57382,123.873886,469.25427,5187.108,358.50153,18.036581,799.24384,341.8647,-5.7600574,-2.6106741,29.903767,-3.8129826,-88.17082,0.9703351,16.087967,19.36577,52.212467,-11.078615,144.65897,552.83966,-267.25674,91.93587,284.9826,-17.90187,-127.01654,1283.3706,-205.50557,552.62256,-160.37302,1269.3856,-48.389076,184.72385,-81.838234,509.93277,88.57361,8.861606,8.220112,48.304104,11.524001,-0.19149415,39.07742,93.31158,-40.277653,-2.3390322,1.1685233
-0.37400603,63.713413,673.8082,-5339.378,238.6917,-1.5178446,-114.796616,-58.98945,-5.7782435,-4.800723,47.970467,1.5854818,89.564476,0.38746122,12.283074,-157.7361,-1.688921,23.486172,-32.218575,-119.30183,-137.2184,-603.765,-194.54388,-11.615639,-2257.2903,-203.8854,-114.07077,-418.82925,-20.255337,-2839.9812,95.550964,453.61182,-485.95026,-554.5418,-53.43806,3.808355,10.1368,-6.1134844,77.92868,-1.2040113,49.010937,2.6779675,-24.179089,-2.1857207,-0.38091052
-8.057113,-804.6012,369.37454,4669.758,262.58807,19.869331,-140.63747,-74.161224,-4.6163063,-2.4656587,-109.44611,-2.6301215,17.263046,0.35970157,13.774487,87.70084,-7.988887,-0.15677267,-12.226088,498.31577,-471.01843,87.81326,-310.65805,10.863473,-1809.8369,-226.29544,75.165375,-29.053165,-137.0552,90.31999,-18.47115,-157.78987,-718.21704,742.84454,2.1802843,11.146011,8.317103,-13.312386,1.3417407,1.1838597,26.161337,0.16611415,27.921186,-16.635365,1.0717654
-24.209917,382.37546,832.717,-8294.32,-1081.7781,24.752129,-262.72885,-120.03188,-30.381311,-12.599161,26.665237,0.1698406,-113.34471,4.839123,25.816916,-259.65372,-296.99567,-222.23326,-30.845062,-143.08408,1816.61,522.10583,759.01855,-112.207,10787.624,2857.3337,-34.02439,2145.7463,-68.12037,11028.51,-576.6189,2952.6511,8561.67,-686.6113,-78.26191,-27.849808,-20.573725,-4.3388014,-98.434814,-41.19928,-105.6618,8.360195,-34.12973,40.129974,0.4557062
-15.211733,367.43515,-2119.6477,4266.818,-981.3319,-10.177229,512.2109,-152.67433,-10.90539,-4.7498775,44.76437,-2.1376536,-130.15051,0.45579666,8.430266,-138.03642,-13.9463,-67.3497,-15.006123,527.61597,66.678215,281.71576,366.67847,-98.19661,-978.66235,396.74307,-69.89948,1487.6259,-196.40215,5104.3833,-106.84333,94.43219,433.28644,653.5722,-224.52338,12.175162,-7.3914213,-19.675697,-25.38946,-0.32440984,-58.34843,-5.221892,40.72228,-3.5845387,1.4168137
15.883552,-166.08255,-1370.49,6135.1387,369.03717,-3337.3706,-122.99658,876.6699,-4.6729174,-4.0103993,13.055458,-15.68973,22.545715,0.6071581,-52.940884,66.80561,40.867466,8.438125,-14.755262,518.81415,-371.07916,297.00027,760.1733,-68.32938,-467.62668,62.050232,457.27948,-162.72536,317.5837,-1258.2991,142.53506,-78.3589,-756.8823,46.51581,128.18266,4.5273447,-20.953003,-18.008175,-12.543486,0.55113214,-27.237417,-29.005241,35.63237,-3.54943,1.2411437
-45.68177,135.609,701.765,-4514.6978,299.37524,-1.7616981,-111.36921,-75.53816,-4.523809,-3.303086,35.08296,-1.6922225,-60.325268,0.025749598,13.58575,59.516678,4.053204,-22.015244,13.144922,-52.40838,-309.62003,-333.308,-236.25575,-9.533813,-2086.068,-427.65775,400.12918,-162.85997,130.37097,-1005.4995,408.39297,203.63026,-701.44824,-570.5015,-65.38325,3.7970119,11.08486,-8.876889,-21.95825,-2.006497,-38.417946,1.9746474,20.053497,-2.884946,0.4557062
2.9653647,-574.84827,433.25467,3861.691,-967.1719,0.9468994,-120.47954,-108.02454,-7.627722,-14.5418,-17.760567,-1.6175796,-144.86499,0.4739267,22.859888,-166.21521,21.07351,-12.505415,49.055088,194.43584,-354.27228,-522.12585,-240.44969,75.19737,-2792.3706,-3276.4238,-266.1817,-1685.5398,-227.06265,-5956.5723,21.993889,-1476.3842,-2589.4065,494.65335,-97.39943,12.651082,-5.702259,-8.837539,-17.569103,0.25241938,-43.671745,13.733988,-9.918389,-6.6073675,1.250272
-13.551863,235.41469,679.30707,-5638.258,267.03583,-8.155978,-133.21362,-104.968994,-3.6497037,-3.1080947,5.478962,-4.3830385,0.24970566,0.76949704,18.18809,33.364,19.73944,-30.296967,60.39581,-156.9629,92.70691,-314.91306,40.397995,-32.067497,-1737.0892,271.24008,-40.47504,276.37103,23.159115,664.4009,0.08453669,483.99512,254.76611,-746.48987,-65.54524,3.4829106,8.959163,-5.019888,-26.450123,-1.0967042,-37.367126,4.3733797,-34.48605,24.890066,0.4557062
12.952565,387.94843,660.3729,-5247.586,253.22139,-8.212538,-100.521164,-43.992672,-5.9598703,-3.0065284,67.609505,-3.7454834,131.38043,0.17543863,33.611664,9.768433,4.1709986,8.13779,-17.05228,-27.663528,29.253212,-555.9043,-20.51554,-22.740362,-1686.635,-261.6273,-128.58464,-175.80872,-31.46613,-1045.7344,273.5997,307.39542,-740.0282,-669.2229,-24.677675,5.0306315,8.516965,-5.8383694,62.26018,-0.8876002,44.306576,0.7291386,-7.2268295,-1.691591,-0.38091052
-9.8846245,222.40538,461.7864,5489.2397,364.09988,14.492666,705.9658,416.23532,-3.6021218,-4.2942405,61.61053,-5.8032722,46.548256,1.507789,-64.14088,89.84599,34.111675,-18.031029,25.929876,784.0622,-140.8058,302.57657,241.5348,8.579427,-751.7036,210.57478,101.56877,-647.15424,103.0275,-2790.6565,147.30942,-432.50397,-531.3223,347.17017,80.55069,7.460379,-57.224686,-9.57356,-11.811645,1.1593976,-32.234955,-20.43514,109.360214,-4.388295,1.2411437
-17.673044,-316.5784,500.9263,6225.219,381.4218,16.095177,-144.54018,-79.72,-9.166465,-2.8891215,-30.635853,-10.897038,-19.974821,-0.7287636,-34.955643,81.64015,6.1565022,-6.3092394,3.1449683,1424.6067,72.17678,-257.17233,430.49097,-36.38428,6488.186,902.1423,-245.5919,1024.463,-199.54369,5175.2925,88.367805,104.77444,1421.9194,772.59357,34.814964,13.305692,-55.876568,-27.309292,-30.585115,1.353682,-33.78474,4.5414,36.459824,-5.376,1.0717654
132.43375,-431.0318,470.72516,8306.361,392.9778,21.145939,-233.44785,-166.07764,-12.861889,-9.566948,137.38295,-4.2627754,70.319016,-0.5262721,17.342106,72.082886,29.12642,135.70457,28.934013,372.67487,1247.5386,1658.7986,737.92865,315.2734,1965.2681,2999.079,146.75528,2324.6414,301.67255,10651.169,210.64832,3443.8232,7348.32,773.62976,145.46678,10.123467,6.2777495,49.70014,17.171608,1.6145637,28.09124,-5.2001896,71.5512,-1.5913956,1.4168137
15.0873,-874.1793,356.27628,4242.4507,180.2177,9.354346,-125.13942,-90.148506,-5.831069,-3.042758,-110.823906,-4.741079,17.370998,-0.3639024,17.701626,29.711226,43.249634,91.96082,8.141061,493.9697,-297.826,64.60841,-406.04968,2.318898,-2110.0833,-1650.7035,-146.3381,-865.8335,11.136532,-3996.8682,-33.60596,-639.0569,-1052.6826,513.75507,39.71748,10.787643,-77.93889,-9.835859,-5.182707,0.9901526,-25.035957,1.5508589,-15.763968,79.55646,1.4168137
-14.036823,-835.6952,368.3109,4088.4482,209.61865,6.2044353,-119.210236,-59.225094,-4.800532,-14.755495,-120.19483,-3.060681,57.431923,0.3045528,-23.576876,33.07075,10.394853,-14.332383,38.92591,145.61002,-84.82747,-482.7559,-570.7567,21.345285,-3216.0056,-3364.2722,-129.46634,-1749.9805,-135.78732,-6109.6797,-11.59683,-1424.749,-2526.023,535.2284,-34.714222,10.361888,7.8268633,-8.581328,-12.947463,0.61604863,-29.304987,-3.9179828,29.492615,-7.6776104,1.4168137
33.186142,-980.0292,357.13477,5549.559,253.65482,18.363747,-148.35547,-46.34314,-8.48211,-2.5067682,-84.613075,-4.0917263,43.785534,0.84437746,19.541328,-99.793785,10.311006,11.299385,-11.419081,820.50507,-337.5156,298.25555,-363.61484,-20.11451,-1085.8049,1209.7656,267.5536,385.08704,215.13733,1098.5609,47.372326,159.75978,-74.3039,908.1598,8.123629,9.78758,6.233426,21.899227,1.5557718,0.33103272,-19.487331,1.0818152,-9.721902,-11.118106,-0.84436953
-7.0694103,241.29587,621.79645,-4931.1255,266.3518,-5.7040663,-134.21454,-66.852,-7.442723,-2.8468018,32.09887,-4.2782125,49.37551,0.18966083,19.318413,28.996817,-17.44539,10.591699,-33.532894,-105.73652,173.2521,-244.74281,44.707443,-21.041788,-1319.7035,327.30283,302.37122,271.4073,91.784355,803.3372,435.80273,522.40686,224.35135,-666.00793,56.97076,4.640775,5.1262827,19.179064,33.007008,-4.0763764,48.20549,2.4615262,-28.348986,-3.109105,-0.38091052
10.10111,-12.014108,463.48605,6374.936,278.51566,18.295416,-186.2267,-85.77189,-8.787646,-2.8773055,33.97072,-11.213951,-79.62293,2.1084518,6.5769486,97.63055,-42.714794,2.0041947,-24.45678,1329.1115,153.18768,142.40932,607.3369,-17.746016,1241.3915,1640.6356,-10.065918,1526.9,74.66748,5980.588,119.037186,526.0687,1915.9163,950.5419,86.0709,7.3899107,-69.27565,-25.391197,18.670097,1.2462488,32.87562,0.829601,-19.426916,-1.9856741,-1.1257519
52.529255,-1420.9861,481.5744,7249.2695,415.99423,26.447443,-189.21588,-108.362274,-15.211219,-3.2697668,-106.670784,-7.965002,135.04425,-1.1441396,10.362572,63.24579,19.056917,-28.679087,-14.720696,706.9976,156.75981,160.38309,-251.72815,-89.6321,7732.825,1735.166,527.5155,1593.9008,111.97028,7253.12,55.679947,1937.3372,3147.4507,820.62994,-47.84073,5.4906707,12.673122,-15.457916,-20.973724,1.3439857,-32.1505,0.5975719,-7.1775446,-15.045354,-1.1257519
-8.630785,402.1137,-1903.3715,-5480.271,-1016.7675,-19.858187,-55.109917,-137.48409,-6.7957335,-4.4928465,-54.967358,-2.4260232,113.18779,0.4930565,-24.505144,-8.426915,-23.412766,6.378262,9.862356,40.248837,14.951351,-616.7525,40.85709,-83.16017,-667.8735,-145.09512,147.44646,-174.18436,14.829224,-1107.238,392.39426,180.35452,-1017.901,-744.053,-166.88333,3.6310709,-9.440045,-4.21804,-66.212395,-1.6017152,-43.662563,0.5555838,11.0879345,-24.089817,-0.43034887
2.7278614,167.74556,601.65607,-5726.546,223.97072,-4.8351693,-115.93846,-81.72809,-8.499415,-3.210468,37.930496,-0.7236277,10.466721,0.5884747,11.355399,-143.91025,-23.732979,18.313734,-33.460125,-69.8726,31.242882,-452.03937,16.755304,-37.85244,-2318.7432,137.00378,-125.53947,172.8156,2.8041222,363.12042,-4.758874,248.9812,-54.087917,-687.3036,79.745384,4.134986,-54.59761,-2.7859688,-46.026794,-1.2560388,-40.719875,6.2118,-28.692068,-2.479012,-0.38091052
42.69179,142.53426,596.9003,-5180.5254,217.9644,-1.160275,-104.629166,-83.611824,-7.865684,-4.6685104,60.315975,-0.8832973,0.9723707,0.64156854,-15.837753,46.411648,29.983963,-27.854067,8.635428,10.920728,-171.14409,-593.90515,-130.49695,-14.263413,-2430.1165,-901.8237,-143.66214,-836.0149,-22.087988,-3372.5828,36.735523,-181.91391,-1070.3362,-461.21173,78.89809,3.2199767,-93.65258,-4.8093705,-55.915653,-1.1526327,-38.377056,5.297938,63.517044,-2.5171185,0.4557062
-23.671041,-602.7552,-1186.4581,4692.515,178.78671,840.6223,-170.09102,-47.66143,-6.3881965,-2.9875803,-161.43039,-6.739178,164.46066,-3.9447513,-81.08587,-48.41734,-2.0340452,-2.6234949,-23.368881,576.4303,300.27234,-138.3694,-98.88045,-46.60642,2677.5803,993.0571,-140.30139,1203.491,-85.67318,4908.07,14.506709,112.37156,152.68532,908.09,-9.326444,12.055804,-7.1993866,-9.577945,-3.439574,-3.3891537,15.687248,-4.9371214,-6.2371283,-11.727165,-1.1257519
4.1446905,-560.99115,473.60303,4772.0757,-1165.6779,15.742448,-125.63784,-52.096344,-3.211141,-3.4328692,26.9091,-5.6246166,-15.789691,0.019460764,15.948639,86.41357,-18.549265,-9.398424,-18.47874,675.8407,-319.52576,308.40332,359.9211,-61.43839,-1587.0336,512.9659,50.159115,-463.40952,-58.70174,-2387.28,8.043011,-129.02235,-483.26486,638.7078,-88.005875,11.005952,-12.7758,-14.256333,34.313637,1.5561303,57.470963,-1.7611126,-9.72351,-6.1878266,-1.1257519
49.139565,-870.3133,-1430.2094,-8496.779,267.26462,35.714493,-233.73837,-222.03908,-14.682351,-11.452952,-31.539032,0.32871205,-8.387734,-1.1441879,38.478115,98.34812,84.45044,68.19511,8.584213,-717.41626,1190.8501,2165.4766,796.01373,187.72337,8586.8545,1816.6959,-194.77826,1632.4677,-276.14987,9766.133,-566.62317,2292.879,6526.51,-853.997,-229.96031,-35.354603,16.123209,-10.6963005,-74.89286,-32.163193,-45.87001,-1.7447582,5.457686,-7.2920976,-0.38091052
21.92484,-100.33656,473.4597,4792.0205,302.18988,12.769256,-112.74311,-41.40183,-7.577862,-2.7038226,24.322828,-4.83793,128.06699,0.030129809,33.36003,34.266327,-0.03321393,-11.027936,4.799126,502.88644,-201.78546,249.94197,173.37901,2.5899062,-1770.5029,68.40799,-123.72378,-735.5662,-75.35201,-2669.0464,-35.272003,-462.51233,-627.84436,575.03864,-37.96663,10.815693,13.510427,-13.616981,12.830529,1.2872626,-26.900593,-1.3491247,38.604633,-3.0081356,1.4168137
-8.402112,-817.64606,390.50754,4493.192,226.98822,13.198345,-134.31718,-100.42913,-5.716024,-3.1054304,-138.27605,-4.5525074,-48.105503,0.041506253,19.931646,55.65115,-17.525377,-5.039819,-21.066446,378.09595,-297.07498,272.23584,-379.95892,14.929285,-2055.6257,-617.235,-45.974125,-771.58154,-67.56183,-3177.0256,-5.141424,-513.49414,-520.5276,474.40616,-20.841778,8.069212,8.424389,-11.196472,-1.919096,1.2592571,-26.523993,-1.2366151,-9.54151,-4.0008063,-1.1257519
-36.331917,239.65643,-1997.662,4664.4375,391.50586,7.1978655,807.7699,-239.86409,-7.0250845,-4.6561494,89.71292,-5.8253508,-149.47786,1.4649444,22.650803,82.80826,-12.265484,-11.946725,26.138035,1171.4362,-64.119576,170.28781,640.7412,-185.7992,6324.808,435.89142,162.64688,1148.8549,115.14104,5646.389,212.88007,57.688885,1617.1571,765.8555,-220.58205,0.8255018,11.271565,-26.347683,41.653446,-0.96955246,47.27345,0.047622237,60.85597,-2.4163303,1.4168137
39.24748,706.58936,1012.04553,-6525.42,276.34805,-9.286293,-185.39761,-145.5521,-9.310912,-3.3157403,8.934802,-3.5261457,-95.05156,-14.108311,22.684486,102.68867,22.527113,27.548176,-33.94262,-282.3094,1392.0833,-275.63443,286.24905,-66.37406,5841.275,971.8124,174.7768,1302.3239,196.2193,6140.443,318.83875,1769.6168,4016.8872,-547.0658,-66.74084,-1.9917524,3.6220934,-10.006613,-42.838196,-5.6652822,-28.480192,9.045202,-20.998621,-2.9625697,-0.38091052
-9.534569,56.925053,642.5745,-5084.791,225.14496,-2.8093934,-123.01196,-92.7107,-3.1183364,-4.777343,34.06623,-0.7720995,-74.537735,0.31121835,-23.579254,54.069263,11.663652,-37.316433,47.818752,-135.4005,-222.87985,-518.08435,-127.5459,-10.497814,-2812.5466,-767.1515,-112.74883,-799.67993,7.151383,-3358.235,98.38885,-268.3954,-937.9794,-467.64133,-65.408745,3.2509427,13.032646,-10.731215,76.6001,-1.4518889,50.93156,5.281826,-8.528205,19.968513,0.4557062
24.359243,207.78545,459.59296,6433.8154,373.37006,8.069682,1109.5311,306.27014,-6.4617805,-4.235997,30.38796,-11.320822,34.623577,-1.2431682,17.311995,63.381252,-19.595465,-16.269867,-65.94275,1042.4896,-143.31476,104.925644,398.0541,-75.4605,4656.02,850.00995,224.79608,1122.4791,138.47655,5120.3857,191.36926,-19.298588,1412.1582,845.2526,39.211456,6.7686605,7.865473,28.765554,22.458769,-0.32381612,41.77259,-18.333082,-50.99731,-2.9345288,-0.97057134
-12.7217245,-513.7708,413.12756,3885.7888,-870.6295,-0.7126924,-116.63785,-23.875362,-7.4870906,-14.551282,-16.319475,-1.6332139,267.32468,1.0484569,-42.24634,-59.676422,-1.5989058,-31.52163,7.888236,198.40215,-540.03394,-457.48444,-242.84709,65.55084,-2928.4736,-3397.0325,-292.49597,-1791.7784,-206.12262,-6017.458,52.040546,-1496.369,-2666.2627,495.80008,-77.12977,12.299877,-6.4313784,-8.2350025,-8.680539,0.004931234,-43.676533,-13.911427,28.76667,-4.4872746,1.4168137
-12.434779,114.45976,471.82642,4140.8545,324.5456,6.522074,762.1477,322.7618,-3.6649857,-2.9576027,-33.57079,-4.952296,51.82395,-0.19535212,24.85873,41.230072,26.0249,-21.397446,88.139114,365.15378,-182.90154,112.792206,-264.5912,7.8542137,-2296.3318,-1375.9017,-265.25534,-860.0377,-137.4097,-4103.6235,-26.580746,-611.6419,-1128.431,217.112,-60.70855,9.434088,10.102135,-11.999675,10.759163,0.91263413,29.30463,-13.210994,-38.627735,34.489594,1.2411437
-1.7170621,-445.40216,-1245.1833,5884.4814,-1134.9971,-2883.9055,-131.48871,459.8602,-6.1755257,-5.2888975,13.753158,-15.441144,99.32945,0.28345513,34.07804,23.59747,18.463104,8.651537,31.70914,813.6939,-357.46732,134.40419,645.97723,-71.48545,974.79254,1465.2208,25.442402,410.97614,174.20312,2073.731,130.7631,-538.0557,29.280872,269.7815,147.05164,7.798597,91.43677,-9.582323,-36.97145,0.8110063,-38.186623,-25.658978,-6.1690607,48.428467,1.2411437
-20.7943,74.73699,598.96014,-4368.4146,232.66283,-1.2183435,-94.49158,-56.835556,-7.242088,-4.780831,51.34684,-1.6896257,69.75817,0.17795798,31.34913,19.079922,0.358669,-21.34149,5.4271684,-24.722763,-249.49646,-472.3329,-164.63622,23.734852,-2455.7014,-870.79834,322.42307,-771.51416,132.75934,-3725.6465,402.91785,-262.79623,-1187.4327,-409.22867,41.127354,3.08373,13.909125,24.90118,-37.764973,-1.9651424,-39.065277,1.5874757,14.584903,-2.5086176,0.4557062
-11.754342,1013.4203,454.47595,5450.3726,351.67422,7.931573,-137.0206,-12.4858,-6.1694317,-2.4609687,-94.48214,-5.2360563,90.0201,0.69018495,-36.43402,68.77353,-16.320038,8.482498,-30.221395,280.92502,115.21877,-271.20813,-216.97043,-24.059856,-278.3087,874.7479,-166.01085,328.19257,-66.45673,1028.4722,-6.2430906,363.09222,-89.097755,-613.2504,45.15186,11.834331,0.5839521,35.13326,4.2934837,0.73445123,35.3014,-13.324556,-8.876075,-3.0716786,-0.38091052
-6.513642,257.63818,651.90265,-5509.7437,253.68396,-7.7807245,-124.48291,-94.94821,-5.591861,-3.1934648,45.023262,-4.379759,-64.25535,0.67743707,18.43164,40.953255,-16.224895,26.519732,-24.051119,-184.41714,12.260043,-390.73157,20.612228,-39.48219,-1981.5591,61.964294,-13.773096,151.84633,-3.25905,417.56216,-72.01889,253.36493,-172.57846,-717.83606,-55.47926,2.470271,7.916162,-4.5340357,47.30413,-2.118993,44.41254,3.8885343,-30.110367,-2.556672,-0.38091052
-3.1849217,-293.5549,-1241.1978,5300.631,-1355.4323,-3240.0598,-108.02516,834.7731,-8.651507,-4.624278,-59.16868,-15.213104,-20.120937,0.31575215,20.461105,32.76704,29.609467,54.862877,-21.706385,527.1922,-398.89078,158.80894,367.3898,-205.33302,-282.23138,531.9676,-6.206653,-170.5436,-110.20785,-56.502773,-24.583805,-143.5549,-567.82275,-34.825943,102.72367,9.050168,-13.684663,21.925245,-31.945473,1.134481,-46.627316,230.51088,-6.0549803,-7.413903,1.1685233
50.37926,139.22421,679.2504,-4729.0425,293.07614,-8.95074,-99.32151,-92.38517,-7.2932625,-11.994273,38.687523,-6.165592,-26.118708,0.6522711,16.809332,41.25967,14.182797,-22.895712,64.676765,-32.52002,-214.74696,-859.79767,-290.9156,54.914627,-1202.9202,-1414.5148,85.54676,-1209.1918,-9.493021,-5243.361,310.63217,-1560.2518,-2144.7979,-409.45312,-64.4522,2.5236578,6.5866113,-9.063615,-43.604736,-1.9049212,-38.485523,2.5954027,25.380527,-2.3375168,0.2911339
-0.47241452,20.023287,587.37177,-5433.136,-723.56433,-8.808998,-157.68958,-52.081936,-7.0017204,-4.1148853,27.058714,-0.34177637,50.15926,0.2691411,-17.849651,-11.67668,-1.7083753,19.927452,-31.272282,81.77062,270.18625,-78.34729,-56.21391,41.097347,-1821.9034,585.3147,76.11285,450.06686,42.425564,2575.2878,213.26915,603.75134,720.0023,-713.0249,120.05388,2.1093829,-11.271877,20.917793,69.00823,-3.142058,60.03787,2.0468829,-4.0123463,-8.431708,-0.38091052
-6.043335,302.0869,-1645.658,-5735.7847,300.83728,2.8158112,-64.064445,-127.87501,-4.3542266,-5.615548,-109.17451,1.9884502,12.5772705,0.45171052,14.542972,90.56917,-17.890995,-35.667694,-50.60048,-190.46704,-70.55892,-654.5298,4.2959037,-31.869473,-2268.5256,-140.72527,-47.728374,-534.61127,9.546198,-2421.702,122.52269,175.45312,-597.2038,-647.0344,-162.49982,2.7593894,7.230917,-4.484685,-61.889545,-1.8122907,-34.792084,3.1938078,-0.6393222,-23.733547,0.4557062
16.331236,10.564565,-1029.6711,4245.238,1225.6641,-1802.1263,-87.60215,362.3807,-6.702407,-3.0271277,-7.5807786,-14.074926,26.546381,0.12817654,30.766947,38.255238,13.373985,5.8409595,68.76434,427.47046,-322.6008,155.66518,-25.474136,148.03456,-1600.1489,-1453.2183,-151.5756,-780.6638,-97.256065,-3571.5786,69.84617,-612.2259,-1226.6803,288.65332,54.962254,10.169987,-0.24875884,27.354074,33.73755,1.2678498,37.712578,74.969215,-7.993398,-2.4154422,1.1685233
-1.0870806,-901.78613,327.59747,4240.4565,167.13696,9.292483,-122.74771,-41.54517,-5.888551,-14.664242,-134.25348,-1.6617968,94.75623,0.25569928,-3.3141723,-185.65651,40.318203,-14.342508,13.352027,311.38437,-363.32816,30.820774,-432.24203,29.068556,-2491.8918,-2128.1326,-102.132675,-1242.1305,-73.55898,-4440.0137,-5.9653273,-753.98724,-1459.3007,507.2929,46.297905,10.882119,7.7390356,23.703066,-7.539733,0.22901466,-19.184273,-0.39078405,24.630545,-8.392443,1.4168137
-10.783241,220.55904,463.53433,5698.9775,337.6353,16.316479,785.33044,387.00543,-2.9394248,-3.7599437,116.77396,-8.018557,62.895912,0.8537021,-64.14937,87.09524,34.05657,-12.772022,-29.20358,801.4876,-271.09293,739.23035,243.76445,-6.222594,-1336.8529,701.4256,385.0601,-187.40303,306.21307,-1760.862,147.70453,-96.13077,-525.6922,522.34015,74.43394,6.7139907,-70.23935,-17.968922,0.051814616,0.2623644,-31.16256,-24.54291,136.80994,-3.197704,1.2411437
-18.921791,392.04672,677.95435,-5879.06,300.8058,-2.447358,-161.26837,-135.37259,-6.2612267,-3.857471,-14.092409,-2.1214776,30.008263,-0.13709702,24.43126,-23.842665,25.997995,-8.6866665,56.705765,120.48782,568.45276,27.39507,204.62448,-72.50673,-1378.244,668.15283,185.52008,1162.0984,157.27855,5967.4365,282.8286,681.9954,2354.2788,-793.2006,89.88392,-0.08785869,-2.3998525,31.9638,-19.68995,-9.218057,-31.32397,7.421597,-30.137012,24.377134,0.4557062
40.95125,-648.8041,-1427.4329,7748.9673,-1853.9167,-3348.8806,-164.65517,949.9479,-23.853586,-18.279678,17.383776,-7.4035645,-217.7172,6.9075065,113.1481,-190.53488,4.2147365,-97.82808,-67.00883,170.515,872.92786,661.44543,1016.7137,114.4099,16246.95,1237.8625,375.42548,2575.2642,272.3716,11172.296,-415.76898,2310.8604,5672.669,650.6232,-73.93406,3.252804,-26.935516,-9.75478,-63.140068,9.757779,-60.412643,-25.350246,-12.544613,-2.6733513,-0.97057134
-14.689735,1116.2397,428.37177,5506.6772,263.9787,9.176772,-114.2385,-69.866264,-7.5608335,-2.886261,-60.749786,-5.3960943,1.0498053,0.6666904,17.579552,52.173355,-38.022667,0.35936132,-23.44835,37.58549,67.53605,-548.58813,-383.21606,21.109232,-1945.4635,-1469.5669,472.03186,-1051.9749,378.18463,-4276.344,-90.22458,-618.10846,-979.44165,-299.62396,50.454826,5.401181,6.1996665,19.871555,-12.635095,0.18241328,-21.406395,-9.6339855,-24.26424,-2.3400474,-0.23553342
15.909985,-620.8292,-1127.3086,-6359.7456,169.20908,9.367941,-101.98731,-127.41896,-7.0614543,-3.7279751,-77.613,-2.9148796,17.442667,0.5191056,-26.142721,20.90373,-1.7974354,-19.53645,-14.058564,-222.39635,36.271442,229.40265,340.53647,-44.62434,-1986.7543,696.5609,-47.298435,396.247,-18.85991,1614.7892,17.93587,482.0966,339.70404,-876.2261,187.7195,0.1483818,-7.1634936,13.757063,39.661217,-3.0929945,39.413986,3.8774714,13.175355,-8.387376,0.4557062
-9.292536,85.52526,614.28314,-4235.629,289.14377,-4.1455364,-115.579,-87.84312,-5.5969067,-4.7952733,18.494509,-2.085175,-78.81569,0.49549133,22.351974,51.117615,-16.59797,13.407899,-19.056932,-145.76471,-227.42665,-433.83798,-153.02255,-6.879181,-2167.1396,-865.38934,416.69247,-738.93207,147.35652,-3832.554,436.34323,-338.1494,-1344.1754,-373.14282,-47.820473,3.6775281,8.1545105,-4.063459,-38.21812,-2.0337374,-38.095177,2.8715026,-0.9462111,-2.2142885,-0.38091052
-6.073692,-92.030655,447.94995,4224.4272,269.69965,6.52937,-122.801094,-63.48214,-6.2888613,-5.2110615,2.2936633,-2.3225667,-11.146486,0.2770742,-20.74114,68.86239,-27.185131,2.402713,-19.481562,135.13701,-302.01236,-112.58993,61.630856,-10.59743,-2504.485,-1949.8899,-165.97858,-1182.4436,-158.03963,-4595.872,61.82158,-710.40265,-1473.494,468.68933,-52.572983,11.045892,12.978643,-16.751305,16.380543,0.6283862,28.63191,0.69770044,-15.397569,-2.9896474,-1.1257519
32.375862,749.5002,431.38284,4933.529,266.95923,8.344079,-115.414696,-73.95208,-5.913698,-2.8394845,-87.58128,-4.733873,13.153579,-0.77795744,18.481207,46.312336,43.80734,-7.660669,47.88124,369.75824,-11.38736,-463.8013,-229.20805,11.593882,-1859.6447,-1156.9962,3.618499,-878.3626,17.788181,-3588.2273,-34.906506,-538.765,-661.3712,-237.71344,74.79607,6.811276,-49.440945,-11.5765085,12.245254,1.0478375,29.710594,-8.547461,-10.633951,37.34246,0.4557062
-1.3539327,395.57846,-1563.5104,-5060.483,201.9316,2.8290133,-47.876896,-130.73744,-6.846871,-5.536846,-70.85757,0.11989461,14.016081,0.7176177,16.516523,39.604984,7.2849784,12.729439,-21.7731,-130.2211,-121.856674,-669.83484,42.438427,-1.1778189,-2178.5596,-445.60303,352.20898,-730.23926,1.0593915,-3111.2263,368.3488,-66.19593,-956.1014,-469.19473,-148.90407,3.8806772,-0.2671785,-3.3059242,-50.030643,-2.2350392,-35.890675,2.648573,0.9768472,-24.337946,-0.38091052
-9.16559,-157.89828,-1291.0509,5759.632,1535.6788,-3398.296,-116.87645,887.4803,-4.718923,-3.8852513,15.888403,-15.239362,69.443245,-0.3033439,16.747927,49.900402,24.750923,14.594009,87.84536,725.85864,-324.32593,176.25125,339.5022,-158.48833,1387.3309,985.95056,75.545906,146.47414,-73.364204,-104.84885,79.52475,-549.36304,-180.02507,106.06296,101.46728,7.649163,-10.947098,23.470663,62.901463,1.5824119,50.54484,-16.554846,-10.675014,24.67146,1.2411437
61.9544,-114.68573,663.311,6056.169,1356.9906,3.214381,-184.02336,-74.9432,-9.200123,-2.934038,15.408278,-2.7992487,-67.75718,0.358285,-18.69736,-233.93686,-16.122007,-2.817567,-34.494183,495.114,507.04974,602.027,355.10483,-192.02304,-562.8193,1955.0361,-378.7904,1419.7175,-118.14989,6372.2944,-81.97198,874.06354,2316.0452,844.47284,-55.653812,14.137049,-26.784063,-27.3283,-65.75679,1.6265756,-45.111008,2.7922986,-9.726727,-3.4368417,-1.1257519
10.232036,1108.3638,462.25308,5428.77,334.89,7.7627487,-88.35724,-14.012332,-5.5482407,-2.9852874,-80.46619,-5.4946036,105.20236,0.7040752,-29.360857,68.0583,-0.01662597,13.778802,-25.037584,363.8453,30.260977,-497.45016,-209.83177,4.915462,-889.24896,-244.94408,261.70847,-722.683,21.283096,-2848.0566,-56.40167,-118.347664,-478.8458,-303.9667,-32.0867,5.1112676,6.3791566,-9.624181,-7.301115,0.9132655,-28.450722,-12.957587,-8.959054,-2.770121,-0.38091052
165.48524,-834.3994,412.47168,5360.5635,295.6882,11.457893,-155.89597,-97.20155,-1.7453351,-2.3339415,-113.679665,-3.710416,-4.8636823,1.5076288,16.530428,87.423744,12.564716,-6.3313146,65.804886,771.8159,-211.68282,89.92263,-304.1257,-54.760334,-761.92633,1531.8134,-53.82348,498.52252,86.935905,2088.4844,-15.126698,171.05737,28.758297,859.5368,-52.0506,6.3939457,-0.09725405,-14.113768,2.6175692,1.4021116,32.49001,0.6596305,17.713179,-6.0932536,1.4168137
-1.691877,58.951633,616.3553,-4786.803,233.2349,0.28574568,-115.62267,-44.75421,-8.848983,-4.7762194,46.259552,1.5771474,106.28757,0.5468442,-30.25592,-127.39998,-9.1317215,12.19449,-31.289885,-83.802574,-230.26068,-526.1874,-136.89159,12.087973,-2262.1519,-561.2098,87.525856,-742.9769,74.23231,-2876.31,260.4168,86.78597,-773.99695,-406.85535,54.041622,3.8771186,12.2279825,29.117668,75.52923,-2.0860605,45.240364,2.5753744,-6.8063865,-2.444474,-0.38091052
13.493969,665.9543,385.9263,-5332.7437,243.81403,1166.2402,-152.0763,-157.6377,-28.558887,-3.8843102,50.011883,-4.597473,28.20787,-13.68972,30.755606,-128.6077,-12.655112,28.111519,-32.302666,84.284706,951.19653,80.57386,82.157524,35.487835,-31.815548,875.2655,58.644684,1378.8953,103.03229,6411.6714,300.52698,1088.1685,3030.5686,-463.15167,81.66108,-305.34766,-6.607372,-10.257241,-85.825935,-49.1665,-6.9999804,5.1474457,-12.091652,-3.4898343,-0.38091052
-7.4897723,414.46353,70.441895,-3778.4006,196.17055,1536.0906,-120.48055,-31.38982,-9.228247,-4.7671065,89.5031,-2.626519,-1.9854877,-26.897942,-86.582214,-47.596832,-5.094263,1.9364439,-28.18741,-146.24263,-184.23004,-464.709,-125.368515,9.04421,-2390.922,-938.22424,154.86125,-756.00275,185.18524,-3755.5063,470.82312,-233.99057,-1247.9633,-301.13983,28.88666,17.540382,4.142772,-5.277895,167.40547,-6.673902,34.809757,0.2765742,-3.8439734,1.3139174,-0.38091052
-76.195755,97.0976,898.7522,-8610.748,399.94196,-11.579542,-227.05353,-125.754715,-50.972027,-10.236713,58.326454,0.91671133,236.97981,0.6363471,32.454372,-210.87715,105.252594,63.921776,11.188887,-853.7161,1799.4229,2815.042,-104.016304,279.261,21447.014,4022.0532,35.01538,3866.9878,-43.104256,15475.42,-782.968,2988.2803,8357.262,-544.05396,-64.47304,-115.3469,29.32213,-17.450893,88.44756,-10.79991,56.17711,7.4450245,-48.091812,-2.743879,-0.38091052
6.3876905,151.49995,650.806,-5187.929,281.3691,-4.5446215,-171.80167,-104.10431,-9.033845,-3.5966835,11.591559,-2.3930643,15.918126,-0.105446704,24.856174,46.01441,30.135664,78.178986,154.42624,131.87038,551.2463,115.02719,145.13571,-41.686966,-944.29364,583.04004,303.11017,1291.5475,14.972282,4908.129,568.78125,500.16168,831.19147,-680.4726,98.826225,0.86217016,14.168168,-11.603708,-26.14412,-15.143862,-36.91248,9.905559,21.947224,-3.5901692,0.4557062
-9.248709,204.0916,490.60547,5725.1973,436.0884,17.125883,799.0861,361.01144,-4.2975755,-3.7305603,41.040016,-4.492107,20.897022,0.7819486,24.984697,-18.413025,-21.436573,-5.2571087,-65.567795,425.79865,-214.81665,88.50352,484.40384,-25.955181,-39.72305,953.2167,61.576374,272.47684,148.272,862.0424,141.48682,-20.256142,-117.80681,577.7597,-56.398895,8.581685,6.1167583,-6.647272,-8.833682,0.7817861,-33.230247,-19.247864,-41.25663,-3.4812443,-0.97057134
12.64679,-51.05697,484.87524,5524.8545,352.86447,15.628777,-129.29662,-64.783966,-7.220025,-2.1659777,62.19651,-6.86965,-18.105177,0.67632407,18.940937,72.21484,-33.834953,-1.3764352,-23.486872,492.67426,-270.02972,140.48409,457.3133,10.129041,-781.33,1068.3534,42.51519,261.4968,122.25933,858.1732,94.72082,30.979225,-198.91974,895.8821,-47.084244,8.51248,10.108064,-11.316965,-8.850672,1.6910232,-28.584549,0.755685,-13.910841,-1.9024264,-1.1257519
-23.590788,-903.83997,448.22263,5947.3276,342.81244,25.736843,-174.32855,-107.42767,-7.579404,-3.5006442,-97.37763,-6.7688336,-14.679581,0.14112799,-4.5732384,63.557644,-5.525349,-7.9810987,-18.865202,463.96063,352.57245,114.89537,162.13477,-48.363525,6978.485,1905.5793,-239.79163,1564.3336,76.64013,7090.07,-141.30339,1775.728,3176.462,610.42206,-26.884314,24.36481,6.377014,-17.772774,-25.465662,1.6248262,-28.335966,3.94401,-4.7610664,-9.712098,-1.1257519
-15.378333,-195.11633,407.07617,4767.852,421.43402,17.047266,-130.44365,-75.84354,-4.8402834,-2.2013805,21.275406,-3.7923002,-63.434296,0.2680719,-40.497192,51.917725,-25.56791,2.28954,-32.803795,352.28958,-265.19012,80.69196,-102.98887,-60.537525,-327.2881,-419.66745,-108.26304,6.874774,-113.62036,132.62045,-33.223026,-192.45845,-680.1788,659.3859,-66.04129,9.044099,0.41782534,-12.435373,-14.784282,0.8786956,-33.523354,0.2131191,-11.979793,-3.9400752,-1.1257519
-4.820769,66.0249,639.3021,-5311.112,200.81386,-2.1142886,-124.93311,-75.7736,-4.9739923,-3.265676,51.516357,1.0886725,-70.42361,1.3730475,-28.473892,95.913635,-22.477863,14.940906,-26.112907,1.6658663,-1.2713453,-493.8608,-254.179,-13.271853,-2311.6826,-393.89893,-143.5537,18.261467,-12.491887,-1119.9062,50.879787,268.42596,-455.25043,-710.93005,65.90902,3.2808456,-71.25034,-9.902042,81.32081,-1.3752725,53.184196,3.6036232,-8.570493,-1.9972453,-0.38091052
-7.3999753,51.075245,589.79724,-5870.705,-704.7282,-12.82541,-132.97523,-45.91698,-6.4294734,-3.3676295,61.967396,-3.8130999,40.205677,1.1541518,-15.399747,38.242226,-2.4089952,-24.588285,3.5548465,243.09343,96.84227,-435.72986,27.017836,32.62667,-1964.014,142.04204,-72.15062,168.98497,16.634384,570.51855,-18.299759,367.5708,39.60118,-695.3727,97.902954,4.900157,-7.7444854,13.440177,78.61007,-1.0580925,80.80688,0.20947747,49.383713,-3.5701554,0.4557062
8.63751,-558.97266,-1414.3182,-5154.0347,215.58629,3.855379,-78.75761,-132.87654,-8.274384,-5.368507,-133.96495,-0.8041924,-127.106415,1.1996467,13.619487,-153.71394,11.112472,15.551897,-22.633467,-169.58595,-123.85302,-570.80774,-132.39723,-28.340147,-1761.4719,-880.3062,-72.11184,-517.39813,-50.900524,-1091.8342,-124.73861,-341.39722,-1110.592,-731.64343,-139.1214,3.9495022,6.011249,-5.834532,79.13283,-1.9886796,38.246075,3.3206646,-0.43865365,-5.36549,-0.38091052
-21.112164,235.33556,-1897.2023,4815.922,423.77487,11.729731,863.59155,-284.4206,-13.09631,-6.0204873,106.92056,-4.9897776,136.85205,0.05671836,-38.084587,63.50581,-24.793274,23.882832,18.94195,378.52258,107.53229,947.0376,838.5858,-252.84402,10801.063,884.9868,653.88794,1464.5245,180.06903,7923.0117,-57.828526,1127.7708,3326.8848,706.8275,-244.59178,-4.8250117,33.94446,-34.798355,39.159042,-0.07844968,44.96754,83.63234,-20.175774,-4.5228906,1.250272
-5.509837,940.76776,530.51184,5164.541,326.7695,9.600763,-133.69176,-66.08368,-6.272136,-2.3235016,-121.8839,-2.746959,5.6233954,0.83232087,16.049215,54.117508,-10.441359,26.975151,76.72847,-394.60547,191.46814,-301.65076,-154.96454,-6.851267,-1587.3,1016.8682,-37.494843,448.10135,-214.94562,1140.2758,46.641644,419.41043,-132.21349,-606.9786,-31.402906,11.599601,14.762475,-11.653134,-1.2890065,1.0626082,24.615704,-9.606422,29.025146,-4.4600663,-0.43034887
-8.922518,-596.2011,463.2734,5206.9707,-1328.5382,-6.9611654,-120.778725,-44.99523,-12.769641,-3.4578862,15.419167,-3.2425313,-2.5250947,1.2592533,32.733295,-149.76393,-14.195074,0.50980455,-29.186344,344.29794,42.720665,332.27225,579.3435,-117.89483,-1074.6586,1684.1808,-148.24571,524.7957,-302.4815,2722.116,-50.88235,143.02322,137.85004,798.0259,-97.01639,16.581442,-22.957006,-18.693512,-25.543447,-0.92985743,-40.89482,-0.3782927,-8.959727,-8.608012,-1.1257519
-7.726421,-640.9639,484.4836,5286.0215,-1255.2806,9.428074,-128.11676,-56.01437,-3.9719083,-4.120378,59.9696,-5.5533895,-33.422825,-0.23129539,11.55664,74.47101,13.601674,-15.274012,25.720781,499.35593,-202.93842,139.81404,773.93744,-163.62779,-1093.501,1502.4025,-13.907456,367.18423,-126.94762,1206.1052,-69.88641,72.07641,-72.32589,741.51917,-92.84356,12.148384,-22.329973,-26.611969,22.88581,1.5138975,54.375603,0.304693,-9.554434,54.348183,1.4168137
1.751171,63.188484,563.4665,-4224.7397,257.48178,-6.88521,-100.914085,-57.185375,-7.425322,-4.7230678,29.912823,-2.273374,47.524258,0.1272003,32.25216,20.11568,8.299313,-26.119242,46.276646,-16.95564,-379.80988,-610.0662,-143.67812,-44.185425,-2661.4973,-1163.627,159.32236,-1100.6904,103.5507,-4601.182,384.33386,-754.0518,-1794.8634,-346.06793,59.086136,4.3480287,7.483231,16.484571,68.698204,-1.8341906,47.529697,1.7367654,19.812624,-1.9620459,0.4557062
6.636436,257.0254,637.10205,-4833.885,230.50838,-5.7832084,-107.03795,-74.329185,-7.63376,-4.6816463,25.982141,-2.3541267,-31.15085,-0.28500065,20.081858,28.827684,30.554188,-24.639996,0.76475245,4.8393087,-208.4973,-507.612,-163.74733,-37.742348,-2229.1028,-622.06146,128.67084,-768.6416,17.702278,-3785.5708,390.68234,2.5031629,-1091.6443,-415.97244,79.55924,3.2326097,-77.40449,-4.7854414,-54.73051,-2.1061916,-35.68142,1.7481918,23.558857,-2.1320682,0.4557062
27.111395,82.31271,725.85834,-6455.507,-753.8568,-6.115409,-246.79395,-132.06473,-2.7688894,-4.276445,18.296165,-0.53916305,-28.042023,5.7867146,16.618908,-34.692997,-4.262598,-9.406185,7.4127607,163.99269,478.0137,11.537563,-44.919903,-37.182487,-2079.2864,697.64655,-29.361774,1248.0701,2.109233,5169.8354,131.25523,590.7924,971.5953,-776.6157,-106.85798,8.315576,-16.88317,-5.835498,54.245533,-1.7948315,61.246517,-17.825428,-18.05056,-2.8600225,0.28916457
143.24498,789.21326,485.40057,5871.4893,365.86105,-5.2298656,735.4753,-26.313553,837.198,-2.6273952,80.330124,-6.819537,17.16222,-0.5445933,48.057945,-44.364803,16.969826,-8.47941,-29.956245,428.08826,-533.4979,147.45305,503.99268,-68.705086,112.485855,615.7937,209.20506,82.09726,-28.465815,484.10492,146.60124,-210.06334,-390.25937,547.12933,54.47775,-28.147127,1.4781322,78.084206,-0.10751939,-0.9509515,40.748142,-0.35667592,-16.377281,1.0802209,-0.30544105
-0.6347573,337.37857,579.15985,-4569.119,222.01138,-4.8699274,-100.042336,-59.083344,-6.779457,-5.4351935,54.183403,-2.185759,32.266422,0.41547337,19.944616,23.35586,20.654978,21.623428,26.607061,-68.86888,-319.18756,-732.35016,-91.89993,-69.40735,-3171.352,-1098.7032,31.231234,-1028.4548,36.66053,-4569.9644,413.6522,-695.89935,-1635.4445,-388.5895,70.56148,3.923615,9.41103,15.802462,109.22771,-2.0763583,56.30841,3.8723178,40.915173,1.2662206,0.2911339
4.269312,-552.4088,-1434.1393,-5122.174,305.55148,1.67946,-76.61859,-118.94923,-5.4722877,-4.6227202,-78.04315,-2.363615,51.61933,0.48966342,-15.891761,17.507015,-20.9637,1.426744,-15.490364,-216.90079,-112.37289,132.28711,6.3859787,-13.27791,-1690.8302,-174.34082,330.37177,-443.45447,66.18055,-2770.1091,427.3569,406.0641,-543.008,-764.8,-99.82274,4.732652,6.1529536,-3.6892152,-32.603752,-2.6278322,-27.667,-0.41358706,-6.050524,-10.147929,-0.43034887
-58.426876,-433.95883,-1318.295,6583.7876,-1288.1329,-3328.9524,-183.65147,582.46954,-7.685397,-6.418356,-38.93233,-14.429288,-25.16805,-0.14967123,-50.22539,-5.436233,-41.868176,-31.25994,22.275074,1301.0983,154.594,214.14967,994.59283,-92.75717,3694.5,1167.4309,201.70695,1268.5728,39.948483,5011.926,143.09528,-2.394552,1569.7286,392.55124,195.68765,6.2701488,100.10727,-10.8394985,-49.559742,-0.48983464,-30.609882,-33.399662,-9.768798,-4.198593,-0.97057134
-29.195982,-26.204287,766.2053,-6752.6597,336.58807,-18.103195,-174.96286,-126.007324,-3.7474515,-3.2899103,24.91232,-1.3806398,-125.89008,-0.3992798,-35.171795,39.311237,9.627425,59.4916,157.88094,124.41003,104.763664,-769.4677,-275.14478,-109.92031,5944.748,-305.764,-35.2183,886.2227,110.55368,3690.8264,192.68898,-289.44946,-730.18945,-696.4226,-83.90991,-2.8112805,-0.63283026,-43.111828,65.82863,-3.5671475,32.772064,18.61692,36.732155,-2.8075309,0.4557062
-32.857838,-974.2048,369.20306,6252.522,262.2204,16.1598,-188.54666,-107.32632,-3.559647,-3.0840445,-162.354,-3.5828137,-90.164085,0.6818493,-8.460851,-2.429195,58.4363,-41.80995,4.7506804,1138.9562,-385.76978,18.602436,-345.99457,-35.99677,2612.432,547.05304,386.80942,1199.6594,276.5511,4918.298,113.94895,48.675354,39.5185,1038.5663,111.79731,5.751821,2.0731041,50.48198,-12.103274,0.10184282,17.796791,4.143525,-4.4162226,79.85306,1.4168137
-5.825718,-231.58348,-1277.8364,3706.012,-1008.05,-1532.8386,-85.15561,335.71747,-6.7440724,-15.263737,-36.908443,-12.547737,-47.678257,0.88652,21.921955,34.772343,-20.325071,-12.55438,-8.526746,292.27362,-310.18228,-881.6017,-277.70395,227.48306,-2821.328,-3292.4062,-240.13179,-1588.2496,-231.66687,-5437.7607,0.004746549,-1485.1084,-2637.3933,293.97055,-105.25228,8.677364,-3.3560643,-9.523334,-33.351982,0.84757113,-52.064854,-25.676437,-7.2255425,-6.875897,-0.90736353
15.066495,390.96802,636.75494,-4160.634,248.80428,-6.786136,-101.4865,-67.09963,-7.1818347,-13.066072,33.94739,0.11023164,14.723756,-0.031906307,2.9279754,-86.399155,18.345896,82.45193,183.01495,-210.07448,-251.89682,-590.19324,-233.79437,-93.880844,-3213.4636,-1260.4495,175.49365,-1164.8999,163.82101,-4998.7607,401.18814,-838.22906,-2070.838,-323.38425,-67.4296,3.960999,12.089039,-7.5639534,100.16133,-1.9624283,48.774925,8.149742,35.80281,1.5984954,0.4557062
-0.925124,127.86141,673.73303,-4702.582,282.39026,-7.4313865,-106.390976,-91.631424,-6.160582,-4.366524,43.244286,-5.9636445,-58.34863,0.5995331,16.325253,53.65709,27.100828,-19.248386,52.314648,113.23662,-285.76132,-553.2826,-132.96375,17.763447,-1108.6746,-983.2261,315.3681,-826.63043,124.37919,-4215.0264,357.201,-528.8103,-1388.624,-391.4648,77.186485,3.6007886,7.6481066,30.654467,59.90858,-1.6303627,46.364254,3.3197732,21.910702,-2.268887,0.4557062
44.210262,-220.02148,-1540.8588,5908.057,296.3901,-2754.546,-91.36768,261.21964,-9.036146,-4.0558243,10.979603,-11.751734,-98.42441,-0.3867737,22.268162,45.379543,-29.038965,-31.390486,-1.6177416,90.77048,-194.80707,-487.0238,689.56476,45.658295,-3116.0498,-42.95884,314.13223,-746.93567,342.1958,-3153.067,-409.09045,-531.0122,-757.0118,131.97052,-68.93206,6.218723,5.592484,-8.619006,-17.874973,0.6195952,-41.720074,-21.242476,-28.691221,-1.4906137,-0.97057134
6.174953,-548.04663,-1563.5623,-6142.2036,237.28188,-1.3912985,-133.69998,-190.34633,-2.3773236,-4.7101197,-166.81337,-1.3016623,-19.404121,-0.1402203,1.4748636,68.67335,-35.9944,3.1044214,30.663376,-479.57288,404.54483,288.8704,379.76926,-78.904495,-1599.4352,570.9359,58.351357,1236.4757,124.95057,4544.7134,78.18253,532.7927,693.4529,-949.5582,-135.01627,5.172511,7.416828,0.11676007,-29.586119,-1.9836887,-30.699026,-0.4487358,-0.026263766,-5.3311515,-0.43034887
-26.8702,221.36009,862.09186,-7998.877,332.19556,37.41866,-278.66354,-171.79062,-10.575896,-10.1573,4.4094625,-5.7356753,78.342926,-0.47173843,105.42926,221.64803,95.38443,81.360756,26.911022,-385.8674,1803.0627,1668.5541,557.0288,33.37108,11844.917,2707.9355,-147.19933,1953.806,-74.35964,11423.398,-94.06777,3094.6694,8065.111,-675.0737,-55.492073,-8.596817,16.723886,2.6502018,-85.186325,-45.258484,-55.367474,10.029298,-40.516388,-2.3287218,-0.38091052
-14.700037,-64.054306,487.3751,4724.0303,321.8502,11.79261,-106.9651,-29.173338,-7.421234,-2.763107,16.515722,-6.3313,149.88896,-0.026083153,29.212008,49.565258,-7.356295,4.513103,-13.108053,660.99835,-288.54956,336.46405,120.17933,5.7421536,-1507.7108,166.22585,-49.353645,-720.1045,-78.84047,-2687.0144,23.539707,-329.71826,-622.86066,626.9956,-30.097187,10.459459,12.3418255,-16.09322,-6.2993164,1.3010472,30.108309,-1.8186057,-15.442213,-2.897807,-1.1257519
-10.2556925,134.26472,597.2137,-4942.8423,220.16647,-1.8434674,-114.12405,-74.696526,-6.10825,-4.592936,37.067204,-2.293174,0.21356228,0.38744104,14.963902,54.39647,-25.748188,20.092457,-28.43871,-78.722374,-222.17487,-642.8052,-243.81036,8.06089,-2216.5857,-978.01483,-116.788086,-839.23083,-11.692433,-4004.9792,123.09168,-328.08133,-1383.6548,-417.10727,77.98126,3.7684662,10.487642,13.021418,91.23962,-1.6990007,47.048218,5.4503255,-22.46686,-1.9638543,-0.38091052
22.986036,238.16615,705.20544,-5640.611,273.30582,-6.9560647,-143.48232,-62.23793,-6.8720465,-2.8748803,25.8409,-4.359381,175.31949,0.183638,37.568317,17.883324,5.5723457,18.229662,-22.478956,-65.04217,229.56772,-308.408,-48.96357,-38.786366,-1476.8635,421.6928,-71.80733,455.30945,-16.20152,1962.6154,152.47966,533.1917,363.69528,-722.9229,-14.549838,2.5304632,3.7671258,-5.078335,-4.837207,-1.5503165,-41.046932,1.5451801,-28.95379,-2.4066596,-0.38091052
-68.10256,-678.38806,-1477.5052,8100.92,-2041.8256,-3617.39,-183.47374,793.15405,-22.711943,-26.348276,27.083334,-30.436216,-9.074116,5.8791413,98.889694,-16.28498,-16.287878,-95.9352,-91.83596,-1.2980803,641.00616,289.0895,1266.2538,202.89177,14634.89,2540.0232,360.29654,2639.8882,276.0656,11367.631,-634.13934,2790.1653,6374.413,682.7282,-41.930573,3.4646,-31.72679,-85.8908,-59.090923,12.169065,-57.81443,-23.78082,-16.138855,-19.401793,-0.97057134
-14.688203,446.0706,708.6985,-6860.509,236.60832,-5.661652,-170.98419,-69.06384,-6.242033,-3.615005,16.88585,-0.7272295,8.208403,0.6121307,0.77741724,90.16108,5.8713913,-39.48423,-63.57959,-168.53023,341.80832,-662.75555,-13.440966,70.770645,-2015.5833,510.27798,-138.15694,444.57556,51.28048,2260.2988,-740.38153,639.33954,619.03625,-799.692,-63.888424,1.6592073,5.149405,-4.64657,-33.9477,-3.3180745,-42.996685,6.085581,59.18909,-0.9082003,0.4557062
2.929067,-0.57229656,646.6026,-4595.7837,-918.5666,-7.2383146,-105.71238,-51.981846,-7.406771,-5.124513,42.276096,-2.237772,-35.52683,3.399339,18.992102,40.643013,-10.996469,10.059743,-22.986385,27.683125,-283.7816,-431.0722,-111.3655,7.149699,-2334.012,-626.4399,145.33884,-757.1768,117.511185,-3263.9119,389.1466,-167.44739,-1107.0458,-433.37418,-88.17211,5.1117234,-0.35695788,-4.7037,-66.312675,-2.2539055,-67.726006,0.4068886,-4.1984463,-5.5449443,-0.38091052
62.652332,50.810875,524.67346,7406.568,481.58826,34.955315,-212.73192,-104.22642,-16.91656,-2.756351,57.842056,-8.280762,19.692556,0.8726596,19.437437,123.65982,-31.410007,-21.302282,-39.89718,900.5605,266.08014,157.51186,663.8195,-23.316349,7408.3013,1382.789,547.5648,1459.8984,241.6005,6283.7705,151.38446,1201.2106,2673.494,1015.6632,86.67036,6.6047587,24.170835,226.96768,-18.178885,1.0143548,-34.133938,5.0014772,-19.009802,-2.9233143,-1.1257519
-14.475067,129.69408,454.99442,5312.515,366.09338,17.35619,766.1856,143.78886,-4.78705,-3.8816156,35.386974,-6.0149083,-46.91254,0.9651958,-51.735218,75.342354,-27.030397,-4.4031014,-71.28148,400.53296,-317.36807,86.32804,410.87323,-14.092447,-160.74722,1269.409,-226.25322,536.45526,-136.0108,1110.455,-56.374134,168.18027,-48.71202,486.60217,45.455074,8.940104,7.876462,48.602028,10.151009,0.8806479,36.919086,-16.77283,-39.361103,-2.7588105,-0.97057134
-3.6468337,-338.03436,439.99945,5086.072,413.07422,16.919216,-113.40454,-76.61851,-4.4663806,-2.7578237,51.177113,-3.7185676,-9.260234,0.28339422,24.520462,98.87593,23.259338,-19.610598,-34.838894,661.67676,-292.21356,332.63196,221.32002,-38.45435,-813.3406,456.64316,136.52995,-423.26654,-49.26551,-2601.1135,-11.3466625,-200.87518,-334.3353,639.84125,-64.159706,10.448395,0.47621405,-10.035719,-7.652369,1.726156,-31.911388,1.2431803,27.892406,-3.0570583,1.4168137
-16.78308,-33.430702,754.21954,-8358.91,260.26047,21.199726,-196.60823,-122.48313,-13.724577,-6.226071,19.439405,-0.64248204,-79.510635,1.4149837,-16.78248,23.710701,80.014755,27.150677,-5.83353,-440.3416,1425.3181,-267.99753,74.36233,-64.49133,6888.733,1303.0447,-1.404911,1391.495,-81.184395,9292.883,-1025.818,2612.8967,6861.433,-667.11224,-59.286953,-39.53093,15.977476,-50.354214,61.953037,-31.55591,47.738804,5.269339,-21.124537,1.7614303,-0.38091052
-15.332798,-134.13458,531.27313,5574.9287,-1403.433,9.523646,809.0498,155.29681,-4.539282,-4.8668447,49.896584,-5.7499332,-30.55404,1.1381491,-54.3056,11.34968,-19.819427,-8.829391,-61.207977,525.30676,-77.18536,-144.1128,331.04453,-89.85437,4475.35,1034.8109,-29.112766,360.44055,187.86403,589.10565,130.9939,-391.12766,-175.13533,629.6118,-103.796455,8.7940235,-9.210699,-11.732139,50.614746,-0.056954164,58.676556,-35.08868,-44.504562,-2.3495195,-0.97057134
-4.8148894,-6.7361813,627.75616,-5531.9014,-796.67017,-7.411957,-127.34097,-75.90182,-7.1744223,-3.7346973,61.800434,0.6039232,-23.157131,1.1506149,20.242338,91.12579,14.475102,-34.704617,46.828075,193.96683,-49.52371,-484.83075,-241.716,26.711994,-2116.7668,-263.84506,-108.748795,-256.53555,27.276089,-529.1864,48.669743,187.29327,-627.1388,-734.8697,101.938286,5.166783,-2.803661,10.06887,-83.19675,-0.6700014,-67.38577,3.515208,16.265846,-3.6981268,0.4557062
28.743835,-650.627,331.5138,5444.213,241.4973,8.450526,-143.98645,-38.945232,-7.7791643,-3.0102322,-82.87619,-8.6115055,69.93587,-0.0663617,22.709076,11.207434,9.240264,0.11975693,-25.423931,100.20951,48.33901,392.31253,-9.609598,-37.72664,-934.51263,885.6641,-96.624466,506.54507,-134.58354,4596.4463,-3.6300988,245.01784,371.54962,867.5031,0.35729557,16.01386,14.157085,28.680761,-6.8601804,1.0046068,-29.580685,-3.695836,-5.4289494,-9.232329,-0.84436953
18.35989,20.163486,575.29944,-4216.8643,-810.56885,-11.029324,-108.14851,-54.22279,-9.015109,-81.749695,5.3013997,-0.7092061,-52.348007,0.48662826,-29.068909,-30.285719,-7.906226,12.762173,-35.752884,-130.62704,-484.17596,-797.31555,-337.04202,62.90319,-3264.0117,-1593.4703,169.47177,-1476.7228,121.3392,-5938.75,338.61047,-1967.7788,-2643.1265,-372.8946,-95.10309,4.3668523,-1.0395678,-5.592578,-94.41903,-2.2871232,-71.50404,1.7593209,-4.257938,-4.5437837,-0.23553342
39.317097,1362.3704,462.5361,5980.914,365.8847,7.996153,-114.8387,-71.77594,-11.899662,-2.4635968,-79.20693,-6.2699385,6.895542,-0.29272133,23.281284,54.390987,-38.812542,3.0502822,-29.345682,223.07533,213.18443,-542.21326,-379.76062,-54.19541,-289.2086,-176.52252,294.2391,158.402,304.7675,133.9885,-23.524654,-10.610949,-376.39352,-585.7876,51.89086,5.0832257,5.540372,21.298532,2.5399506,0.4235631,-25.32026,-9.915563,-15.377773,-2.8470197,-0.38091052
0.814638,-18.18497,417.54037,4712.6084,284.7515,20.58356,-104.10998,-41.342194,-9.232807,-2.0722914,9.938225,-2.1884844,88.43861,0.73710746,-1.1592557,-305.90015,-39.224796,2.1897418,-25.282686,421.24457,-297.31674,50.607952,296.76978,3.9195797,-1310.3394,63.08841,-153.11234,-213.01553,-104.04608,-772.78375,6.5710173,-92.29172,-880.1434,714.0827,73.45651,11.531686,12.2116785,44.46594,13.877445,0.22677797,25.664852,-0.61043096,-15.717094,-3.3206277,-1.1257519
35.870438,1048.5563,455.73828,6199.4746,342.6789,7.353479,-136.48108,-63.678055,-13.902247,-2.7635453,-92.21732,-2.7553701,5.829944,0.7832072,23.990005,-259.45456,-36.311337,8.178896,-32.15526,378.5276,336.11227,-436.8297,-521.1876,-60.666183,1148.6033,810.3636,336.11557,540.0267,289.76807,1749.9219,-6.868305,-31.279898,69.05849,-711.46466,85.16903,6.8139,0.115397915,36.932266,-2.3818698,-0.40663162,22.440693,-8.068417,-10.815044,-2.7813125,-0.38091052
3.1440547,-861.68713,396.9318,6061.962,274.60562,19.397604,-179.95065,-59.335682,-5.5548463,-3.0150437,-160.19902,-3.4057736,146.49985,0.51251465,-23.351095,-279.71002,6.2044444,8.234969,-24.179668,1095.5228,-167.6385,-88.44911,-164.98917,-37.79113,2267.8726,1308.3807,36.49568,1244.8229,91.35097,5362.755,50.46457,35.633606,1500.8196,1104.1003,-37.969326,9.248341,-1.5576313,-19.069513,17.384598,0.8297402,24.800985,-0.40247703,-7.7193437,-5.888525,-1.1257519
-7.02562,400.23434,-1702.7184,-6483.1274,172.56602,1.7316787,-67.99521,-91.751976,-5.7420077,-4.488132,-108.36035,0.1107164,161.66162,-0.4071214,25.076298,12.673116,29.622662,21.196245,-12.152754,-226.12805,98.04198,-727.725,-1.5825351,-5.243415,-2359.7395,278.03973,-82.51158,123.23217,-6.6378894,34.57905,-259.57623,157.72925,-493.3113,-849.2626,-126.18534,3.1387398,2.932185,-3.642383,-62.017963,-1.2454638,-42.270912,0.43454137,-1.4055463,-20.303106,-0.38091052
-5.972292,-386.87277,364.37558,4105.1997,281.71707,6.721139,-145.32408,-66.047264,-6.4924464,-5.1695104,5.499971,0.079821765,6.87317,0.2972149,10.566879,-165.22217,64.020256,40.315342,34.638298,296.9002,-325.06665,33.419373,31.315838,9.833389,-2727.166,-1949.896,-78.79549,-1186.1989,-151.27411,-4634.5674,-51.46856,-717.53436,-1696.6635,452.51633,95.28666,11.381362,3.036424,33.76635,17.318644,0.1923626,26.19612,2.3728354,39.22947,-2.8000646,1.4168137
11.164733,-818.96564,-1675.5193,-7960.262,183.39825,25.572046,-254.89757,-218.62192,-10.319963,-8.227395,-154.91069,-0.24500993,-159.17432,-13.99016,-33.851,-285.70013,-78.20282,-36.917366,-80.69433,-377.5491,703.1092,314.56516,499.49664,66.02053,5397.7974,1058.2395,-162.41443,1315.7991,-326.70163,6241.2163,-90.07831,1918.1224,4345.6807,-933.4734,-277.4986,-6.852074,2.2609966,-9.203755,72.89449,-7.3869457,28.727842,4.95918,-5.957899,-9.68787,0.4557062
0.45612562,-821.14484,398.38528,4472.5728,200.27036,6.2375207,-121.63925,-94.631546,-4.367842,-14.780138,-126.32893,-0.3054422,-3.095075,0.2836185,-17.12151,-184.75903,15.587932,-2.1349072,22.54174,292.95062,-314.16568,60.82413,-391.53928,-7.0081277,-2486.5254,-2334.801,173.63503,-1255.3005,105.237335,-5058.0127,-34.94975,-1034.6768,-1800.6483,548.0529,-42.687702,11.339515,7.118926,-13.0172205,10.105829,0.59374684,26.233318,-8.861515,-9.590234,-5.5846796,1.250272
-582.97705,905.37146,-429.97244,5876.508,406.70404,702.17365,1036.2074,-160.4968,1157.7673,-9.884198,162.021,-25.933472,43.72393,-15.636301,-349.90912,-238.21808,47.58794,48.04304,24.701935,-674.5173,2923.362,4209.7695,712.7964,216.88763,25072.3,5001.4233,-302.22574,4047.4675,-244.56808,14608.551,-70.094536,2659.589,8221.983,-128.67896,84.53113,-278.01968,17.723764,-15.429478,20.781797,-593.5895,3.130324,-0.72044915,-26.14422,-1.761048,-0.30544105
-224.28067,357.36737,557.63196,-4982.4424,203.634,1300.4961,-168.11618,-126.2044,-18.581797,-3.854157,59.871197,-4.5909553,-159.45442,-6.1047406,23.488897,-389.7223,3.2358708,-37.604496,62.486412,-67.33995,877.7224,88.2651,201.95915,-33.718983,-513.7003,575.72455,260.06802,1096.5044,218.46423,5476.807,367.9192,654.9572,2052.3364,-631.91626,-75.04001,12.63449,3.7074115,-49.11967,66.73417,-26.495487,-6.5275464,7.105466,32.60467,-3.516264,0.4557062
-1.2181876,556.7422,-1711.0236,-6211.778,190.35623,7.9183555,-97.58738,-127.66082,-6.344163,-4.3324904,-118.69956,-1.6173185,30.855661,1.5741849,17.069565,28.643345,8.737071,23.364824,-13.701021,-198.39252,246.64786,-563.63544,263.57935,-58.85761,-1647.1816,570.15356,33.508396,1167.9552,-2.647171,4711.5615,68.226776,361.51556,485.3631,-910.23816,225.52718,1.5239958,-9.939858,15.345738,36.091137,-1.668846,30.145355,1.8432294,-7.07547,-20.75914,-0.38091052
-6.2786403,-257.38812,-1232.5942,4154.075,-1023.34784,-1613.7421,-83.15868,366.5356,-6.157679,-15.353939,-48.057037,-12.523147,-17.38132,0.020251777,27.948101,45.215446,-20.527327,-22.521896,-0.5680225,406.784,-218.63126,-467.88785,-190.67589,235.29233,-2073.6235,-2601.276,-3.1927369,-1192.4948,-232.04509,-4849.426,-0.9250564,-1288.6998,-2166.0547,383.50604,-96.00799,10.614045,-3.102928,-10.548403,-37.592907,0.83929044,-45.594456,-30.3825,-7.5245147,-2.6388752,-0.97057134
-29.059803,395.45752,-1705.7157,4621.6025,371.96442,6.712756,718.2591,-145.39032,-10.488399,-3.885714,73.31218,-11.137774,-123.282196,-0.9702171,-35.96626,167.6399,-11.01287,14.156318,-14.535996,1142.6818,-49.32367,51.03783,907.7717,-111.894775,6214.386,721.8334,56.203568,1099.0288,86.39056,5462.3345,138.91273,182.50392,1596.3887,796.7814,262.7899,4.4717736,5.4719787,26.038671,-40.804115,-1.0724218,-56.172585,1.8618262,-23.71157,-3.6644564,-1.1257519
42.98352,-940.68134,403.55933,5295.345,288.74008,10.045323,-151.45543,-83.24096,-4.654348,-2.335814,-143.06123,-4.6679673,1.9442676,0.76414424,15.785356,-1.9746811,11.90419,7.969136,65.21174,644.07367,-225.79065,359.0741,-333.84302,-66.16239,-1019.90265,1398.1426,-72.7725,540.063,100.472694,2481.1274,-103.301834,172.2654,81.26889,837.29584,-72.81255,9.003826,3.7976518,-17.046991,1.6755484,0.89783305,21.914293,0.27349567,17.004332,-7.2843456,1.4168137
-36.57293,1128.5559,563.79016,7632.5347,422.72818,8.4326105,-151.95523,-103.9855,-3.0419416,-3.201705,-162.66792,-4.467434,176.22037,-0.63670176,30.711657,34.133827,14.974041,-11.759574,75.21665,1257.888,574.2604,-548.73865,-347.33597,-75.02002,5776.1523,921.09406,551.8498,977.66223,154.8914,4880.6807,12.8328,513.7168,1841.9523,-843.8152,-43.842457,4.5317726,0.6394301,-13.91572,18.843063,0.57960635,-37.885735,-6.149265,23.792522,-5.035158,0.4557062
-5.4025736,-734.20776,377.1007,4215.578,201.50182,7.2783513,-124.243225,-70.14118,-5.139028,-14.717168,-128.87059,-3.227426,-86.829926,1.0263599,-24.372686,-30.918789,-19.590542,-0.05056835,-27.121382,148.1004,-358.90305,-13.345015,-391.74744,-0.44465253,-2341.2854,-2020.2314,-161.31505,-1201.7223,-87.96729,-4394.047,-2.217197,-739.9906,-1418.0942,475.04083,-27.552214,9.965254,8.165579,-11.2983465,-2.714497,0.062876195,-18.10289,-0.99916524,-9.368994,-5.183671,-1.1257519
-8.316687,1209.1929,482.8412,5247.003,362.30597,7.2667847,-98.01023,-93.20933,-4.706941,-2.2847059,-82.572296,-2.9615064,-67.89919,0.52904063,15.525714,-8.749079,21.492233,-1.472373,34.848484,190.40659,19.734789,-367.44687,-434.12738,15.045106,-516.7188,-134.06436,104.73336,-200.95451,-76.755615,-988.76605,-20.19458,-33.84242,-1007.47595,-538.1174,-75.09393,11.552136,4.8400493,-11.686215,15.4380455,0.77695864,22.422983,86.87555,-9.6831255,-2.4529362,0.28916457
3.9573917,-170.47594,457.66498,3851.069,251.48593,4.5514836,-104.55663,-104.17704,-8.579803,-14.267674,-12.385413,-1.8971064,-102.63331,0.293349,20.514791,-133.76938,35.591442,-11.554496,44.82246,68.11366,-413.703,-651.39606,-280.40988,38.234337,-3007.6216,-3433.4822,-333.26135,-1820.1666,-228.83072,-6151.5347,7.014912,-1490.993,-2678.0676,474.01505,-79.47808,10.525926,11.980792,-14.146808,-1.4339249,0.26926556,-18.6084,-13.036179,-16.832972,-2.6885004,1.250272
-5.803489,260.7014,658.95593,-4879.521,286.7294,-6.3751683,-136.01457,-93.694305,-5.581793,-2.741811,43.143753,-4.417021,-61.810047,0.33935106,16.425982,53.599045,-15.200473,21.49761,-28.756536,-185.29294,-12.567703,-314.0432,15.817768,-25.95794,-1452.5322,16.200165,296.49026,150.6573,-21.370583,483.59085,122.574,285.33368,-181.25328,-663.7583,-57.129494,4.3354354,6.1757917,-5.2519226,44.036415,-4.5541205,45.094883,4.5007753,-24.163368,-2.9245071,-0.38091052
-6.1589956,-756.5254,363.74078,3915.9338,188.42593,5.9717827,-119.939384,-39.390724,-8.097464,-14.906873,-105.1969,-0.8640637,127.650276,0.46228293,9.779263,-51.795654,-9.879779,5.5900297,-27.277163,124.13318,-477.64996,-385.69696,-462.66464,-6.968042,-3114.6438,-2758.389,-292.29218,-1428.5525,-136.90561,-5496.778,101.41086,-1306.1084,-2112.976,509.3093,-19.54171,12.7060175,5.4972763,-10.312504,9.412825,0.64218724,25.113297,-2.707567,-10.08319,-5.8964024,-1.1257519
48.02802,272.52734,-1512.8843,-5051.964,306.6099,1.7385107,-66.56014,-106.05624,-6.085022,-5.3662524,-109.21777,2.1997905,150.50763,0.24358754,14.572731,-3.6253607,-25.95662,16.371487,42.56242,-183.27328,-149.59549,-751.9183,-24.436298,5.9855027,-2428.546,-796.4251,236.33432,-780.6924,9.109345,-3869.3662,94.05355,-563.74384,-1334.6527,-513.7946,-128.86523,3.9743476,6.747061,-6.5239253,85.94576,-2.5932827,37.10841,-0.12227439,25.105005,-21.656597,0.4557062
6.188524,538.03674,688.1638,-4973.5156,-735.85846,-9.934803,-136.04846,-61.200794,-5.6300917,-3.4728303,53.295254,-3.2730749,-17.779299,-0.17848232,19.249836,54.460823,-9.000674,12.099985,-18.035072,23.05886,6.25384,-347.54565,66.57472,22.558386,-1664.0826,226.89703,256.35455,184.56479,11.306968,611.1963,382.81006,262.92636,122.67561,-677.16846,-62.23303,7.9095,-1.6168222,-5.3194733,61.570778,-2.5240693,65.27096,3.691831,-8.500367,-2.693644,-0.38091052
207.15012,-1102.841,525.57837,-7272.5107,243.57333,945.65375,-240.65298,-227.06973,1141.3528,-6.330043,-48.82396,-22.799772,-79.66912,31.552456,28.08755,-340.24408,164.73624,98.54746,44.989784,-65.21659,1433.8125,2521.156,591.44946,33.739586,17871.99,3982.0369,46.699757,3775.2622,-173.56917,12278.08,327.99063,2983.8718,7523.4136,-366.84314,80.51872,140.12024,-0.14188425,-3.61424,107.501175,342.9265,-12.8976555,7.874954,-5.537684,-3.247846,2.044168
64.162766,535.58545,-1679.2004,-6981.2666,160.39195,-0.017880678,-77.924675,-213.02005,-6.205512,-4.16927,-21.246204,0.2436423,-135.42224,1.4350436,-28.913918,58.551785,-12.883224,-46.88446,52.82169,-439.24182,-31.128605,-388.39124,397.09726,-37.019787,-3060.4478,633.5049,-31.681961,90.066635,26.795223,-1056.0231,-567.9705,281.87628,-349.89368,-891.1847,-159.73325,1.5863284,-8.8685665,-5.2011123,-54.317127,-1.6294364,-45.733757,-28.780666,-8.662162,-19.140015,0.28916457
-5.1674185,1223.3965,431.08243,5327.258,332.34525,7.257955,-115.134186,-6.4093714,-7.7481565,-2.4378572,-80.363014,-5.1566653,111.859215,-0.27532148,32.143353,38.01166,-6.5158453,-1.0027843,-27.289196,348.5038,117.71661,-291.2207,-404.1604,-3.8453138,-532.131,664.6657,-139.15627,185.76187,-191.33368,541.34625,41.496796,52.73545,-162.22165,-491.64392,34.680435,12.354701,1.7663839,22.855589,0.88675845,1.4311911,34.402683,-11.378386,-9.712366,-3.1432939,-0.38091052
-31.067308,-551.1784,445.21344,4674.7686,-1196.5062,14.182532,-124.50132,-60.496605,-4.537168,-3.2657373,16.54126,-4.465374,-23.489965,0.28105474,11.777001,70.91515,23.32074,-0.7922296,51.371117,739.4258,-312.72745,283.24573,49.740337,-32.36904,-1813.5399,147.83028,39.51436,-457.921,-164.87318,-1784.9657,-42.477882,-225.74117,-622.7728,602.04297,-91.08825,12.499934,-9.863877,-14.578613,27.35652,1.6301326,53.90152,-2.549585,-4.1673164,65.12525,1.4168137
-5.003104,1006.4518,476.8571,4853.531,307.0266,6.315002,-118.25752,-70.19642,-4.5944157,-4.872864,-79.59711,-2.3357816,-5.2120314,0.24553807,-49.504204,-230.59364,11.511257,11.134119,25.640226,101.73515,-285.55774,-654.50665,-479.63913,-16.631643,-1908.1956,-2013.2166,214.47299,-1321.7734,-14.597195,-4999.463,-80.375465,-684.1966,-1849.7115,-190.53238,-72.33837,6.9670773,6.013369,-11.762268,11.361935,0.14711554,21.984848,71.10748,-9.335031,-3.3864627,0.2137514
-9.270554,-126.84176,462.23853,3919.6084,277.1629,5.1539826,-115.23516,-66.617966,-9.030177,-15.0342655,-6.9966125,-1.1798629,24.19108,0.32691357,10.742384,93.500275,30.144056,57.032314,73.14104,41.462353,-342.39456,-501.5092,-281.0297,34.192944,-3447.5527,-2687.0723,-306.86536,-1431.3047,-289.26825,-5424.0723,-52.04363,-1188.339,-2086.1553,412.76434,-68.53007,9.825838,14.498481,-11.183631,-10.651766,0.9877652,-27.293352,1.9742107,57.117123,-2.614962,1.4168137
6.9683313,31.176785,627.29926,-4326.192,-828.9178,-10.98268,-110.56324,-53.14866,-7.583699,-4.9778457,24.31141,-0.2597621,-24.736868,0.4619036,-37.82538,96.763306,-10.920301,12.369118,-24.814388,-33.23143,-356.29282,-433.7824,-97.122185,10.259847,-2623.3225,-1039.4199,301.34882,-1001.48395,131.18834,-4266.1226,471.06906,-518.64435,-1441.5706,-358.84937,-84.64874,4.488168,0.1084678,-5.821109,-54.747345,-2.2229931,-73.42735,1.5698328,-4.639983,-5.0899067,-0.38091052
-116.00919,-818.3134,386.1188,5608.5015,305.18845,14.997336,-126.55114,-120.18304,-6.0441885,-5.0829043,11.893885,-3.1952057,44.142197,1.1283274,-22.683563,-382.87964,25.240807,-31.56629,22.48826,860.00354,-226.56377,188.26636,-90.18663,91.38354,2205.6099,-130.4371,534.9993,-701.6564,300.84134,-2769.4146,102.62902,-1136.405,-725.40985,701.05414,-52.238636,8.047676,4.0095625,-13.1691065,19.40985,0.3356509,-17.908546,0.2561193,-8.303667,-6.772335,1.250272
-5.2280173,573.4475,511.14703,4721.908,311.53024,6.7795544,780.7606,-59.262627,-5.03464,-14.20967,15.813258,-3.123896,32.659794,0.37692273,-31.255627,-9.122948,21.16967,-13.645788,18.624859,208.9735,-293.1336,-111.77226,165.42429,-26.90976,-1740.2114,-1755.5798,-33.287277,-1113.5317,-107.65347,-4440.6113,13.668831,-709.1449,-1290.9055,277.83023,-82.82698,11.499565,13.881608,-12.241036,12.76222,0.33046767,40.2738,0.45607653,41.8681,-5.0681453,1.4168137
42.185116,110.58875,813.1392,-6177.6377,-803.44586,-6.982221,-165.7361,-88.00563,-3.22241,-5.1294575,24.190536,-5.658815,33.398743,5.5844707,6.5061884,81.989525,-24.493355,-29.914804,13.388197,228.52696,593.8726,231.0972,69.153755,-50.498585,-1629.5947,791.42664,176.89474,1396.7533,168.94586,6579.656,258.22354,1080.4146,3159.133,-842.85754,-93.41603,7.5028567,-17.21593,-16.495451,63.26192,-1.7746646,64.3734,4.4195313,17.938177,-13.985699,0.4557062
129.9817,1342.6521,669.16254,8138.11,389.47272,11.661342,-141.35873,-113.449776,-19.450706,-2.973672,-73.25089,-4.216437,78.39711,0.67404723,-28.731081,64.74005,6.4829354,-47.94005,83.484436,891.5626,1604.5928,-224.70212,-398.65027,-71.44991,6459.3857,1895.9541,914.24506,1371.3741,385.0302,6089.576,-9.304504,2772.2964,3708.3901,-577.574,84.15271,4.410781,22.801336,78.94054,10.455404,7.860896,34.43026,-12.344432,41.224335,-6.7193546,0.4557062
-18.910883,-300.32626,425.18658,5992.16,385.0309,12.782981,-148.66434,-89.0495,-4.1857924,-2.220889,41.87585,-11.686395,17.60796,-0.45263338,17.15497,44.894867,53.01375,-19.298126,25.385153,844.6613,-390.56006,394.44382,820.2928,-52.71087,-291.54935,1481.5109,327.09982,276.92105,254.30423,1146.2574,154.33916,-20.414017,-17.517187,899.308,76.33776,8.668008,3.4677982,-11.550018,4.5255623,0.95651615,34.50578,1.489574,-16.160568,19.687231,1.4168137
-1.9790868,38.252346,849.5757,-7716.6543,296.88962,28.918884,-296.9998,-136.33618,-22.40584,-5.8259125,19.664793,-0.16400087,-60.26533,2.3558204,-1.592987,-433.88028,110.55686,60.315434,-4.198221,-462.49832,1508.4143,422.3954,565.14325,-86.486115,8936.714,2108.2485,140.96844,1742.4332,-66.30133,10133.427,-547.05,3296.835,8243.553,-646.6789,-65.42599,-36.48383,10.793371,7.3703203,-56.99187,-43.06486,-58.20098,9.851766,-13.633564,-2.7671258,-0.38091052
-6.0961246,-621.61633,-1002.1426,-4511.8438,193.85909,4.61664,-62.29126,-152.52946,-6.615524,-13.001714,-52.473557,-2.5147386,5.2206635,0.26013637,18.624138,20.003942,-7.0915747,5.637703,13.661178,-228.57016,-124.996025,-464.26254,-255.26463,-46.047127,-2583.1455,-1346.9656,272.49557,-1027.8495,58.117367,-5405.2856,366.09662,-1578.9219,-2195.7468,-519.57294,90.8834,3.047287,5.7303023,8.866291,-56.577915,-1.8010117,-37.654675,0.79158497,-6.611519,-7.1264625,-0.5968905
-4.686345,414.11615,612.09424,-5666.927,261.36813,-2.4867873,-139.41838,-54.357933,-7.2948723,-3.0622108,78.24472,-3.3929462,89.92129,0.21651681,28.93883,3.8978693,-5.4442663,21.572742,-28.41025,-66.59429,418.74817,-348.00806,45.689842,6.848668,-1535.516,504.4604,-89.056244,343.37082,38.27202,1243.617,237.86679,616.6739,450.50046,-671.86163,43.13915,3.2962456,3.826406,17.678831,32.55704,-1.5324538,51.079117,1.571015,-6.430568,-1.3859093,-0.38091052
46.575367,1039.917,487.64914,5872.834,332.85355,7.260865,-141.71068,-83.388565,-7.692503,-2.5792406,-100.88351,-5.9816866,31.14166,-0.42943767,20.606356,47.128437,41.7211,-13.442941,62.95743,389.04803,501.99667,-365.96027,-389.9489,-69.95043,-562.46893,809.9486,31.673552,493.6301,90.19877,2106.8123,57.19631,333.43625,74.32675,-649.3272,97.89605,6.2595787,3.467638,34.091637,-3.3262827,0.840714,30.779583,-10.42479,-11.066619,49.379883,0.4557062
-8.78455,279.98767,445.227,5232.2666,401.20984,17.746815,784.82,313.94247,-4.418107,-3.6930983,66.25831,-3.9241865,71.31991,0.581439,-73.4389,19.498575,53.329086,6.137246,-78.23287,500.2782,-256.88754,237.78058,-103.623825,15.793148,-734.23694,-114.821655,-18.680218,-84.455765,-22.550932,-26.752888,179.04646,-256.80286,-763.5214,554.282,102.55966,8.666872,7.839454,27.143335,8.838818,0.6685108,44.694508,-20.519478,107.438034,-3.5721316,1.2411437
-76.148865,507.4921,508.59384,4532.49,292.4847,6.979888,762.08685,-65.96084,-3.9843848,-14.268334,43.71087,-3.3683362,29.84809,0.42902258,-22.069838,-11.302515,30.484287,-17.526434,56.150112,214.5879,-310.2762,-134.06767,-40.216824,-24.776978,-2040.7744,-1887.9315,-96.80934,-1121.3551,-204.9824,-4439.3564,-10.137565,-856.7792,-1470.3129,281.05234,-80.24647,11.888029,14.14695,-12.117431,6.33116,0.05253091,38.579727,-1.1369724,44.46715,-5.024607,1.4168137
-15.123611,85.98825,-1590.4568,3331.3904,-789.4195,-6.5889454,284.61197,-118.1643,-7.531973,-17.642302,52.811234,-3.1773152,107.8083,0.2955694,-23.523987,28.286278,-4.8756585,-3.022022,-4.0909476,120.821205,-436.4851,-383.9232,-189.89563,-115.23009,-2763.377,-2650.9636,-9.903672,-1363.4832,-119.90279,-5604.048,36.36345,-1237.4888,-2061.5632,466.13745,-170.51852,10.965315,0.2196021,-13.41203,-43.892906,-1.2332011,-60.75514,37.929073,-19.884518,-5.2012334,1.250272
4.125305,-232.21231,-1442.4651,5505.1733,-1155.6305,-2474.4539,-90.02932,608.1529,-8.0276985,-6.082579,-99.6596,-4.8207006,197.9041,0.92948943,14.489612,-186.4886,-12.83343,-17.827381,-2.1278994,634.11334,-306.2583,376.48083,397.62686,-141.45447,-702.5485,400.87628,57.820766,-601.27527,178.70813,-2677.72,168.4374,-378.4924,-573.3094,129.48164,-98.73708,8.814171,-8.869594,-9.287036,-27.03378,0.63743913,-27.573986,-26.810204,-5.644926,-1.4004134,-0.97057134
-28.533503,385.33954,-1750.291,5014.3516,385.6976,1.6959708,759.0679,-183.63188,-4.6488247,-4.692498,135.70749,-4.9214244,203.36131,-0.6798924,31.792866,63.717365,-23.932789,-22.05266,-15.316081,1104.4976,-86.61816,200.74214,1167.4822,-200.58774,6057.7456,888.0812,320.09525,1077.7167,144.63626,5284.6533,212.66219,91.82171,1705.9601,849.6648,-196.63765,3.3817213,4.9931087,-22.6951,46.964764,-0.6969666,43.4433,2.1997461,66.7547,-3.221558,1.4168137
17.985266,-34.42897,481.94272,5111.334,367.64447,15.18799,-99.739716,-32.026207,-6.560557,-2.8146849,37.853813,-7.013287,114.3064,0.28317392,-20.130152,78.3692,-15.298828,7.845869,-22.436308,773.34625,-296.96213,306.83475,55.38218,8.10297,-698.92694,365.92276,59.64598,-349.05283,-35.324844,-2644.1099,79.451866,-178.53902,-422.4173,713.6724,-34.407238,9.388991,11.332497,-13.354983,-11.494996,1.5550094,-28.577269,-1.5189595,-14.6470785,-2.5101578,-1.1257519
-5.5456367,457.258,720.97327,-5547.284,-840.3048,-12.767353,-114.85957,-122.59892,-5.8173566,-3.3520603,50.166042,-1.4932927,-35.95098,0.72007054,10.255889,10.879414,9.544495,-23.877165,57.078465,39.386898,21.783916,-378.13162,9.492137,-12.934136,-1892.7284,22.796837,-78.446106,57.61601,-5.581532,45.0993,120.8223,208.85992,-324.6662,-670.28156,-82.65753,4.353433,2.1637287,-4.053965,-70.88821,-0.8092018,-55.55365,-16.31833,-10.672692,-2.9673243,0.28916457
-2.1942751,311.1265,-1461.724,-4623.133,283.66962,-1.2134483,-51.544445,-126.12151,-6.0982146,-13.684735,-32.54515,-0.16675562,17.5002,0.15234408,-44.036816,4.7262006,-11.745639,-17.983917,-2.7229757,-162.6911,-133.02742,-784.63007,-103.23677,21.536175,-2898.2502,-1136.2073,131.44429,-1096.3364,128.29237,-5231.1553,359.84094,-1485.0024,-2131.7544,-454.012,-131.89293,3.2793972,4.001093,-5.3210454,-54.15736,-2.3343537,-36.825554,-0.7320015,13.501641,-23.484327,0.2911339
-2.9081297,-294.47235,350.2739,4575.3086,294.36902,8.672768,-132.37234,-30.512323,-7.36001,-2.8884404,-53.890488,-4.3197165,86.16414,0.20134972,-48.586407,46.360764,21.826965,70.05393,12.371914,422.21283,-300.7763,203.26448,69.05831,29.381073,-2197.3374,-1304.4431,4.8134913,-837.86646,-98.51722,-3972.1797,-67.84876,-608.89813,-1045.4111,514.7772,51.96491,10.613686,1.474035,21.423225,-2.4742303,0.8540876,-30.241982,-2.754453,-19.255037,29.056726,1.4168137
-6.212053,210.50694,613.436,-4807.584,254.85526,-5.604818,-125.93542,-65.097305,-6.840521,-2.9894812,31.835835,-5.284173,55.39552,0.18868765,16.79772,24.556854,-12.908791,10.128742,-29.15363,-87.44429,-0.30817333,-269.7352,26.757347,-14.462551,-1607.3202,130.9082,301.04916,186.04373,77.522865,729.6132,399.62646,296.23764,151.48412,-615.14435,55.514458,4.4357934,9.089049,29.358427,30.74319,-4.3318725,46.900658,2.4958766,-8.484432,-3.0832403,-0.38091052
-45.35004,-399.88745,-1275.509,7732.365,425.84738,-3811.601,-239.23384,974.4221,-8.976375,-6.603322,33.183525,-32.12792,92.36139,-0.44271764,71.11262,112.75481,48.54397,60.15955,31.760307,602.772,266.75885,-675.2821,1256.5046,-112.13352,7010.7114,1999.5333,521.5176,1489.616,123.25792,6859.6646,226.65488,1903.9121,2919.9204,550.7222,219.3712,4.3697023,16.646317,48.084743,34.768898,0.034078375,25.835882,-12.753394,39.8923,-2.594253,1.2411437
-12.437635,-580.9809,-1085.68,-5622.0366,170.6084,8.328666,-102.999115,-140.62798,-4.9642,-3.7224848,-76.31168,-0.83292884,12.296212,0.44299066,-21.112637,-9.92268,8.628565,-14.629173,32.499237,-198.7812,45.50776,148.81868,130.34622,-25.266144,-1766.2402,572.6254,265.36115,270.50946,67.47431,1323.5162,88.94138,480.35236,343.02017,-858.3307,180.83664,1.290914,-6.0798445,16.559122,36.89481,-5.420843,30.516254,6.2564983,5.7420073,-9.585881,0.4557062
28.73643,181.09694,614.0697,-5363.9717,219.72157,-1.4185343,-106.777824,-63.897854,-5.9105773,-4.673631,45.054646,-0.8832973,5.1249957,0.48581234,-25.981562,44.02854,28.753035,-24.387894,-0.27000794,-45.02526,-127.09362,-577.54755,-113.69594,-14.639517,-2669.7876,-882.43524,-150.78433,-835.88794,-8.87655,-3880.8162,19.184364,-303.08563,-1093.2703,-465.34305,78.86855,3.302016,12.920483,10.836965,-55.96696,-1.1686083,-39.998665,5.2165637,63.26578,-2.0862532,0.4557062
15.129069,60.665012,644.4279,-5664.966,155.58046,-3.508714,-95.11864,-58.378693,-4.445583,-3.2151911,89.56778,-0.90843225,90.49726,0.66063875,2.2026145,32.43995,-20.243435,-29.84784,-6.6415052,-121.663864,40.334538,-801.0991,-272.6396,-18.05232,-2533.806,-530.8218,-78.15986,-135.12105,-1.2847214,-1155.5656,-427.08685,239.99098,-887.3616,-695.1875,-43.019043,3.4741395,11.324077,-6.911405,-38.601933,-1.1048791,-42.03947,3.1122441,29.538925,-2.5822346,0.4557062
25.325176,-62.429935,431.33978,5296.246,275.00516,21.331863,-125.14336,-59.783085,-7.9374127,-2.37973,82.81619,-4.7800612,-2.9258492,-0.42657328,14.675594,31.320774,42.812572,-12.424911,3.8543122,503.61145,-290.01245,81.22674,433.7594,-22.422668,-1943.2562,502.22827,-55.095245,206.77782,-187.50711,604.13715,38.37604,-93.968,-510.3939,816.52563,80.40952,10.038681,11.282692,35.18335,-4.441819,1.422227,-29.107018,1.9052122,38.873493,-2.8901718,1.4168137
145.63214,-1400.3362,494.3141,6934.3735,303.68204,27.1263,-227.70627,-136.4604,-12.438181,-3.1180897,-164.8536,-6.6831026,-121.07038,-0.8413807,6.0435066,93.54437,-9.324996,80.22001,54.416313,744.1638,21.683117,45.126476,-319.51877,-119.793274,5015.7397,1806.826,410.88382,1397.0186,148.27861,6610.422,134.24202,1746.0697,2738.3955,1040.7103,-72.54718,4.7062154,8.922786,-23.366236,12.26308,0.8559695,29.220705,2.7876806,30.308422,-12.180884,1.4168137
0.77201205,1160.9188,473.21646,5549.688,372.6009,7.149174,-132.35973,-38.87043,-7.996323,-2.3590946,-108.862175,-2.1336703,-18.376675,0.6761006,22.199154,-205.924,-14.323518,9.682157,-29.366861,155.58629,-48.512184,-362.52475,-439.21875,-34.998844,-164.70717,75.96535,36.84253,183.31134,-48.380547,91.71452,-35.89289,0.11882812,-466.68777,-555.0473,-51.00079,5.009009,7.3768196,-9.514183,-3.5737207,0.12136851,-20.607927,-8.649465,-9.601727,-2.8240736,-0.38091052
-46.153194,946.54596,502.36557,7625.0283,455.21622,19.54662,1174.2937,-101.66856,-23.259819,-6.2370396,105.813194,-1.2594912,115.37688,3.400886,15.885282,-154.74983,-18.978188,-58.68073,-13.034088,303.70264,344.07047,2181.6653,1200.3978,-91.54764,16861.3,1435.0361,448.32794,2474.4036,246.4632,11472.376,117.0712,2310.9539,6272.811,571.5397,120.82317,5.200944,-262.8758,-72.19528,23.015585,12.026221,42.021046,-0.22721873,-30.48994,-3.769349,-1.1257519
-4.9639907,458.34833,760.9495,-5940.5566,-733.2495,-7.2305818,-156.95923,-69.813255,-6.1827736,-3.3218107,87.21098,-3.5374894,-20.901752,0.26568514,1.0051093,26.984133,1.3457003,4.887694,-17.518917,122.793396,570.1296,-377.6809,38.965263,21.929565,-1574.4591,693.6911,-114.414505,293.57144,48.863834,1430.8542,82.187416,680.0941,551.0555,-746.3396,-100.25596,6.2793536,-3.7548335,-0.50800294,56.38251,-2.7983427,61.072086,4.885773,56.98174,-0.068440594,0.4557062
-9.121346,564.6038,715.3159,-6704.687,288.14755,-6.9340415,-166.57832,-111.47193,-5.932574,-3.6664894,4.6935782,-2.2029982,-57.60359,-0.25930035,-31.015417,106.91411,-23.96047,21.671015,-27.31421,77.28611,574.9682,-159.76982,98.02171,-81.126816,-127.05267,835.873,-121.09334,1205.1564,-34.43161,6631.9214,50.985733,947.0073,2578.6365,-799.224,74.84626,-0.34443358,1.2180663,8.345915,-22.123325,-2.5196133,-43.452522,5.2914195,-15.837487,-0.8948823,-0.38091052
-10.787079,102.66491,457.12097,4185.6997,294.63086,4.4807873,695.4316,381.96127,-5.6755137,-14.243887,-3.5312252,-0.934272,20.469212,0.2741859,-43.925697,-8.077913,19.64423,61.93712,-47.673656,195.44087,-326.2487,-88.95876,-472.57568,24.987743,-2560.3752,-2428.008,-312.29965,-1220.2844,-207.2314,-5272.199,-18.249561,-1034.4628,-2092.6772,191.60707,-81.32476,9.289889,8.596204,-9.817079,-9.103721,-0.015154604,-29.294636,131.09811,-43.10388,-3.3984854,1.1685233
-15.653339,-384.58917,413.56992,3694.7468,-771.7593,-1.6475815,-123.18387,-16.572134,-7.777882,-15.566888,-5.0888844,0.79241663,283.18326,1.0650767,-135.17863,-108.90808,-4.793209,6.5362206,-12.631275,60.707264,33.97691,-887.35956,-616.65454,90.66652,-3844.9697,-4428.992,-372.49725,-2249.3794,-274.59543,-7294.4214,2.0240345,-1811.8274,-3498.1597,464.85013,-60.888496,11.927298,-6.4155555,-10.653636,-22.01957,0.5750404,-57.36851,-14.975882,-12.205886,-4.4370985,-0.9803748
-15.127258,-522.1273,431.227,4501.2944,-725.0589,3.0498197,-121.74511,-54.032032,-6.8267746,-14.989953,-114.69465,-3.3461533,-93.517105,0.7823149,12.2543125,105.22312,-9.7012825,-2.0166178,-18.532501,379.75092,-426.4963,-33.92963,-314.8207,-20.416077,-2165.2349,-1898.3163,49.8002,-1248.2887,-50.88187,-4407.3813,-73.35084,-707.6323,-1387.271,496.7091,-53.56296,12.825157,0.30295533,-21.795208,-15.518616,1.2816328,-36.268578,-2.299097,-6.0795584,-5.3149433,-1.1257519
-21.82467,160.45497,661.0609,-5975.3184,309.89328,-1.2443833,-154.9719,-62.722893,-5.604937,-3.5870013,48.918125,-2.2828858,71.082115,-0.15886226,-16.912605,-33.182175,11.441853,-5.24668,11.776329,219.36302,514.74817,-170.04527,129.258,-16.70885,-1119.592,631.2045,54.356773,1156.9464,221.17137,5896.9355,334.45496,641.65955,2229.2112,-760.6498,87.69457,4.952803,-8.810333,31.64983,36.47267,-2.575509,42.272522,2.9058177,17.152506,-3.138688,0.4557062
-17.04662,302.68204,599.39764,-4644.2153,235.19269,-7.3493047,-97.2791,-73.46524,-6.640486,-4.7408147,52.067513,-2.1851404,18.387259,-0.27058804,20.927315,25.379402,30.437223,-26.416395,9.933577,-26.497076,-329.66367,-535.0901,-128.96532,-91.35672,-2604.7605,-1016.29596,89.41896,-1047.5499,-15.450301,-4252.301,362.60385,-480.0081,-1426.2689,-373.1359,78.835304,3.3494163,-82.82532,-7.0349646,83.56402,-2.0738168,42.312542,5.3753085,25.08819,1.0126799,0.4557062
-7.64572,206.92133,613.6203,-4279.6523,256.65506,-6.130293,-97.507034,-97.16885,-5.6831484,-13.379854,17.101128,-0.6868668,-31.450657,-0.3197035,-32.40601,-26.313356,5.600563,-11.107598,-65.26799,-270.21097,-270.44122,-600.404,-206.08142,-14.020752,-2834.2708,-1246.3237,224.76164,-1149.0546,114.62391,-5053.1177,424.69617,-843.8381,-2056.7463,-336.50552,-75.612915,3.6516497,10.392167,-4.078237,-44.94144,-2.3149931,-38.45415,-41.83752,-28.48064,-2.4165778,0.28916457
-0.42032,112.57784,566.10175,-5216.936,263.6948,-6.774358,-126.40624,-49.862312,-7.628289,-3.029748,49.249466,-3.373938,92.69108,0.22066198,35.21887,18.96858,-7.0619116,15.045896,-27.642834,-47.621765,93.46768,-443.20508,12.144601,1.5193194,-1572.2891,123.395836,-98.395226,208.11606,-26.369825,631.74475,399.24994,467.01422,75.83799,-584.0459,41.86626,4.48906,1.2621522,12.960923,42.045208,-0.72555244,49.200756,1.882417,-3.645242,-2.7365289,-0.38091052
-8.527654,975.0101,462.06445,4100.829,289.43768,6.1958323,-101.14464,-46.679615,-7.471948,-5.6649966,-81.75881,-4.9617333,-32.437912,0.2662707,13.493387,58.153133,-27.97059,12.539507,-20.840706,25.88359,-325.59137,-531.08936,-383.32843,-17.370007,-2332.2078,-2117.6638,-327.58536,-1248.9548,-247.61314,-4773.5137,81.250496,-743.0845,-1694.6442,-211.50473,-47.21581,4.9481244,5.6498523,-9.931376,-3.956891,0.6053032,-26.610353,-7.417317,-8.013805,-5.147848,-0.38091052
120.414696,-510.76382,-1324.0636,-5991.6284,240.77403,-3.212608,-102.45464,-169.11627,-8.673324,-3.9714773,-89.781715,-2.7102594,8.432144,0.35760018,-6.7485437,35.35435,4.8595514,22.795074,-27.33231,-367.08975,124.50074,150.03468,292.07632,-41.59795,-1831.9894,681.1591,130.47476,454.33386,65.50294,2265.712,172.81589,529.27527,460.93124,-836.1144,-138.43176,-0.59230316,1.7818052,-6.1714487,27.541977,-5.651931,35.170376,2.1030607,3.872207,-7.97956,-0.38091052
-4.4573464,-572.06366,-1300.0157,-6424.5884,169.72523,-1.0964508,-116.75556,-124.491806,-6.3597813,-3.8054836,-68.99035,-2.7564185,165.87196,0.5334767,17.891773,38.291153,30.7041,15.927989,-11.532147,-242.46796,110.910965,148.4864,334.20053,-55.231552,-1617.2494,734.0684,-9.692678,444.69104,2.834525,2291.044,-24.199091,528.28973,436.1938,-866.6633,-152.08092,2.149952,-4.9095902,-3.4136715,-30.985527,-2.919601,-36.62068,0.5027174,-0.9587338,-6.1607823,-0.38091052
24.228107,434.61755,-1554.4445,-5081.1685,212.2419,1.0965011,-42.732018,-128.97342,-6.36674,-5.466721,-68.82408,2.064611,23.970352,-0.09131195,-35.546787,92.44477,7.666898,15.5055485,-16.42002,-180.40683,-162.31198,-827.9796,50.31246,-6.8045187,-2534.427,-756.10693,71.06247,-917.94556,-1.7910768,-4080.5552,378.79187,-484.02597,-1371.5166,-486.94846,-139.75621,3.0789657,1.0727128,-3.4600294,-51.64658,-2.1857288,-35.299263,1.4373751,-0.5364399,-22.332802,-0.23553342
-3.1478624,-481.87503,-1212.3164,-4675.23,114.186386,0.34706974,-63.808754,-146.69273,-6.180387,-5.5271077,-28.956083,1.2662069,-123.6799,1.188628,-15.574582,98.82753,-4.409865,7.8072443,-14.581589,-83.29071,-230.56442,-52.644333,-18.740156,39.101593,-2061.3362,-533.06635,583.31366,-705.96405,189.17645,-3173.6853,515.704,-56.307434,-983.7728,-657.76953,-129.47577,4.3868403,-2.1495342,-4.492555,-30.200457,-2.4067698,-36.03291,-0.9117775,5.177194,-6.4721546,-0.38091052
21.402773,307.2498,460.91327,5420.4688,382.79007,18.96695,735.6573,281.76285,-5.9644537,-3.6837907,59.19872,-6.109695,33.82923,-0.902418,24.11424,44.55736,36.95659,-8.950277,-52.17624,549.2257,-271.0877,168.29189,135.91577,-36.344246,-978.4222,512.4302,-23.794374,158.45226,-65.301994,423.4327,2.1762283,-108.0542,-379.5991,535.8976,74.058235,8.333255,9.508563,19.276424,-5.918312,1.2109175,-39.299843,-16.88538,107.79043,-4.1658244,1.2411437
-5.819771,-539.18933,-1106.5332,-5164.05,269.39078,8.926008,-71.436485,-130.3331,-6.2169027,-4.6401505,-12.0752325,-1.9286368,140.63396,0.5647669,0.9163696,-140.2566,-9.206777,-10.445619,76.36495,-212.71555,-192.4315,72.30203,13.366641,6.0687227,-1687.7174,-223.7013,362.1476,-680.80286,41.88652,-2816.8364,413.894,360.0116,-914.4628,-658.6181,125.88401,3.4973931,2.5483236,9.114754,-31.530218,-2.410367,-33.072678,0.50022894,-5.1250715,106.67473,-0.43034887
71.257355,-1074.207,676.0881,8125.958,-1722.156,25.487574,-212.29735,-185.99504,-12.049396,-9.322917,102.459785,-3.8618617,42.485203,-26.262678,42.286617,62.86759,-38.37811,166.72878,114.838974,519.1242,2595.2732,3805.7446,660.19434,-75.34626,23464.723,4765.35,225.67725,3878.9062,332.48178,13148.19,-33.69114,2911.0317,7816.4966,631.11725,-56.9401,10.480714,-13.266377,-72.41814,57.928825,58.329906,95.46659,-1.3377638,105.45778,-17.076862,1.4168137
25.358208,396.47577,-1459.6644,-4457.03,257.3514,-5.1856565,-49.234306,-126.975784,-8.118775,-13.784354,6.9921436,-1.4936756,-156.85571,-0.019220585,19.160976,-224.3545,-4.0280995,-7.810619,0.039433856,-242.82718,-163.9208,-858.51917,-147.48077,31.787191,-3097.984,-1325.6063,213.29913,-1149.3292,126.85878,-5324.964,368.96866,-1507.2489,-2168.54,-459.11282,-144.69928,4.137674,6.3495836,-7.263508,89.36509,-1.9823326,46.415794,1.5537014,-3.4019907,146.25275,0.2911339
12.371582,-431.66455,548.4675,7463.593,433.6044,22.273424,-203.9293,-129.64345,-17.16209,-9.571713,60.431896,0.6688709,-52.037376,4.3194413,-19.24046,-9.1466,-16.232393,-55.952225,-0.013632633,-112.429504,350.58667,1608.1003,245.96265,12.419127,17480.268,2624.9976,275.2341,2339.5698,219.85675,11670.0205,88.61008,2435.2915,6235.9355,714.3124,-112.98292,3.446765,24.374537,-116.94216,17.267216,9.915532,34.229,0.59467983,-33.398323,-2.4601886,-1.1257519
-30.368847,-352.40753,-1232.9857,6451.9683,-1272.623,-3316.5754,-205.7382,363.69455,-7.9260697,-6.6704454,-26.37811,-13.298366,68.41787,-0.45013225,-84.88105,-187.9976,-37.4214,-19.50653,-3.2322152,1177.547,285.55353,172.73114,1071.197,-106.76711,3834.7473,1507.4095,-132.86108,1228.8479,55.68034,5098.901,115.9695,297.73315,1915.1771,377.19812,197.02336,7.6009974,-18.221987,25.390337,-46.919285,-0.41917574,-39.50873,-31.674753,-6.384569,-7.973895,-0.97057134
-13.222133,288.21198,-1717.3434,4535.6133,-815.2046,4.0819736,719.1942,-53.450077,-6.3225813,-4.6053996,125.007225,-6.6960106,135.09842,0.94410455,-40.553223,89.34322,4.6171923,2.8839343,-14.431295,1053.8328,-50.411686,211.88821,455.62173,-136.38252,4143.4014,917.86426,97.1034,1192.7489,140.14273,4732.5044,141.60776,-195.70993,53.526608,910.5726,225.2037,6.791926,-13.788037,34.013462,40.216564,-0.752593,60.273098,-5.897605,-24.324276,-3.0009818,-1.1257519
-1.4917958,218.29875,677.09314,-5402.8735,280.61377,-4.9606934,-135.65813,-63.137028,-5.445955,-3.034397,65.22621,-4.3628783,77.45727,0.3707278,14.263988,55.07855,-6.286028,24.125906,-20.225504,-225.41759,58.270893,-325.4103,8.339415,-22.76598,-1715.9767,531.4158,-2.859551,454.65848,5.5066237,1981.7155,151.29604,499.36987,300.56998,-728.4129,-50.312576,2.5272894,4.8734336,-8.052641,29.314066,-3.0422354,38.251484,2.5402594,-24.832218,-2.3874357,-0.38091052
-18.454206,98.12188,509.18332,5924.161,415.0055,16.198318,780.77545,260.31393,-4.0431414,-3.7393315,52.461327,-12.036296,-5.034672,0.9407845,28.642347,82.88813,-9.428485,-14.47831,-55.334026,468.12247,-333.6701,-187.46355,494.97806,-76.990265,5069.9287,690.37085,445.00693,158.25099,278.53418,435.8649,205.89273,-792.9903,-366.91956,647.17926,-9.812248,6.606201,5.8972983,-7.674521,2.7143757,0.20986934,-36.019688,-19.995907,-49.45533,-2.3701248,-0.97057134
-7.6697073,316.72275,-1509.1382,-4993.076,274.3091,0.026051618,-54.25735,-119.23205,-4.9096045,-5.3442373,-104.817726,1.9692696,14.216136,-0.03179106,-26.15104,-11.826788,-18.334915,-15.69829,2.0075839,-160.06956,-260.2717,-873.1617,-78.67338,-11.869283,-2685.557,-892.2902,37.901794,-850.83777,-8.939651,-4268.8784,329.44156,-610.80005,-1582.7308,-475.5936,-133.05515,3.672665,6.0796404,-6.791556,74.01606,-2.5795066,45.1571,2.3601155,10.500028,-21.851044,0.2911339
-2.6300454,374.1195,-1587.3667,-4674.291,154.64926,1.8133403,-49.88563,-142.10463,-6.2075305,-5.5271077,-29.920643,1.24408,-135.32878,1.1835908,-19.870893,98.52697,-2.078798,8.207691,-14.69772,-173.95364,-148.79596,-629.7633,-62.320004,33.059864,-2335.9097,-529.88855,434.55737,-810.9711,140.99944,-3319.265,505.62503,-110.94843,-983.86237,-469.22394,-130.27783,4.5382876,-0.088634655,-4.6365676,-43.493835,-2.411003,-36.56901,-0.93309224,1.628875,-19.936787,-0.38091052
-14.742896,-357.72723,375.56238,4101.171,291.32697,9.048632,-134.46356,-74.40907,-5.359486,-2.8970058,-72.74126,-4.5519733,11.230657,-0.029849324,20.423521,41.464943,47.23456,140.71371,71.858925,378.09702,-235.65346,197.97319,95.180885,-2.4334207,-2177.6394,-1302.0012,-236.55794,-840.6309,-161.91881,-3868.2666,-1.8228298,-644.5408,-1042.9785,476.66946,79.48614,11.6149435,0.58740085,29.809628,14.77795,1.0283244,34.282906,1.3947295,-21.549427,30.948761,1.4168137
-5.7287674,182.86807,-1269.2096,3359.474,-691.3544,4.3544135,421.1744,-60.774136,-7.356606,-3.999867,-21.674425,-2.7071698,135.35602,0.43478283,16.902895,-150.5681,5.4270897,-17.972153,21.600218,401.80768,-367.87494,112.09908,-242.78052,-160.57155,-1592.5153,-1520.3917,-6.3730536,-1140.5396,-82.155594,-4220.0996,56.508617,-626.88715,-1109.8079,356.80682,228.13832,11.5512,-2.1335275,39.02823,32.145435,-0.66914034,68.810234,-4.034689,-19.263035,57.02105,1.4168137
37.44996,764.8984,791.89966,-7483.77,224.98659,8.249594,-231.31596,-134.54184,-10.317074,-5.658995,15.270587,-5.8483915,0.3597595,-33.767334,11.332388,75.962524,40.47085,39.624355,-27.094952,-338.99985,1689.4043,-447.4372,782.31006,1.51113,6761.0547,1443.0798,-106.3545,1281.6578,-13.742236,8124.426,287.58795,2672.9053,6761.06,-614.12476,82.73598,-33.54072,8.794201,11.880347,53.628716,-28.923563,43.838696,0.47326264,-24.69285,-3.215253,-0.38091052
-13.377802,-589.99005,-982.46655,-4421.9204,194.59128,5.383308,-63.03628,-101.89023,-5.454499,-13.75028,-35.743015,-2.432435,120.0703,0.0077469456,-28.419523,31.62538,19.683146,-18.760347,26.235243,-72.45241,-234.38495,-241.05986,-150.07184,-7.8095427,-3133.6218,-1067.5524,294.2448,-984.12585,40.7856,-4397.2295,358.30432,-787.3092,-1828.9073,-486.9163,133.25185,2.959675,4.2863855,16.546415,76.428696,-2.2158184,53.321316,-0.46791822,-10.347423,60.614365,0.4557062
-17.206945,1130.0786,530.12494,5832.7783,290.31763,7.301464,-132.40462,-73.75475,-3.4907117,-3.1701636,-129.5149,-3.1939769,-76.30715,0.032635182,17.889528,53.312958,14.222656,-0.7913265,35.95048,136.02733,287.3855,-397.63852,-132.54199,-53.111256,-1692.5596,1193.2611,30.94201,590.0806,54.950127,2527.5225,-2.790475,314.5035,564.92755,-659.7576,-76.798584,5.018075,1.641445,-12.326732,-1.0614241,0.6090111,-30.083675,-9.202004,22.697115,-3.1507626,0.4557062
-8.891254,-593.7989,-1188.4143,-4728.3936,238.85841,-2.6156712,-56.83999,-122.45787,-5.228395,-5.4016047,-76.811,0.0732007,102.75742,-0.059239298,14.7979355,-6.154179,4.6136074,6.136931,37.419907,-131.80954,-270.73892,-392.62598,-24.123394,-0.3344713,-2703.6067,-1005.7643,163.36617,-905.8512,35.937237,-4463.508,355.49728,-572.51654,-1773.762,-504.4861,-117.24762,3.019391,3.4591093,-4.6639366,-47.572586,-1.8923357,-36.23597,0.13266098,14.2929,-5.7363553,0.4557062
27.911,1146.2278,527.3884,6071.8145,354.825,7.0692825,-139.32166,-76.15049,-9.656101,-2.383006,-88.01438,-5.9437504,-70.92842,-0.29233962,24.656605,78.63765,-16.858536,8.7415,-20.919346,214.35925,343.01932,-305.38873,-239.97078,-26.033812,-450.61548,1210.8975,238.43439,538.9672,246.82744,1292.179,57.384945,241.21036,64.517204,-721.0128,-61.785732,5.4612308,-0.09951648,-15.189235,-9.488797,0.48270816,25.910835,-10.005446,-14.656739,-1.4960375,-0.38091052
-7.670714,313.47287,619.6657,-4754.3213,245.4876,-6.4502516,-104.11913,-75.355156,-6.578857,-4.6836896,60.74358,-2.282413,8.661647,0.001574415,18.908497,31.481535,32.610794,-22.42822,46.99524,-35.954826,-231.69646,-447.55502,-195.21808,-41.894146,-2647.7559,-618.1887,233.38564,-754.6879,21.777573,-3776.5723,396.50406,-210.10963,-1095.4279,-400.5675,75.586945,4.0354114,13.552133,16.09235,75.92586,-2.287675,48.115177,1.8680673,34.289165,1.2215348,0.4557062
-1.7646832,31.307312,476.81268,5731.4336,356.063,12.289463,866.3151,383.21548,-4.780487,-4.302751,35.445847,-10.748198,-25.064838,0.8523648,16.410341,100.29113,-29.286139,-13.005297,-70.75928,656.51074,-167.09889,-111.903694,422.462,-45.102837,4727.6484,850.95184,-64.54733,311.35284,69.86101,1927.2478,92.619125,-543.5951,72.136536,607.5131,63.421856,6.9168787,-51.945423,-13.185757,-25.767982,0.74189967,-25.238266,-21.88428,-49.469723,-4.190389,-0.97057134
-19.866169,88.052055,489.29053,4326.761,312.68118,5.4262047,655.4639,251.9128,-4.4582686,-14.406076,17.05934,-3.152317,-4.726585,0.39343482,-39.176834,59.97321,19.6118,-12.253747,102.005775,217.65898,-311.50226,-497.6236,-418.4533,23.714203,-2580.7175,-3056.2114,-109.37652,-1474.0963,-215.7307,-5872.7695,19.941105,-1386.8267,-2468.3682,305.10364,-59.37962,8.790248,9.486686,-9.074481,-16.072344,0.39050412,-31.70749,-14.883823,92.158264,-3.9556406,1.2411437
0.6161138,-389.4656,-1402.4393,7199.8145,-1361.1399,-3531.686,-198.35379,351.6594,-7.180877,-7.599624,-0.687068,-12.944978,79.92965,-0.055559095,-82.645096,-190.86197,-21.31363,-26.055897,15.451567,1236.656,-3.4353962,316.7295,964.749,-105.52788,4842.6655,1509.3359,412.60886,1209.3988,238.02835,5189.659,185.22513,492.46613,1654.324,320.3635,171.56212,6.567103,83.70372,-16.19641,39.264496,-0.5228117,39.133038,-29.996252,-7.398854,-3.5031679,-0.97057134
10.720171,348.47134,816.89966,-7377.594,198.00096,-2.2713304,-193.946,-104.04841,-6.3597183,-3.6853528,26.903011,-5.3488927,-57.57573,-0.34220484,13.492858,44.55179,-79.38187,-28.5006,-52.969475,292.9013,1047.4988,139.13786,39.346844,-29.719744,115.64416,1045.5032,-155.56184,1586.147,-105.78338,7576.294,-414.5526,1811.1344,4145.3022,-711.1686,66.02329,-1.5750123,5.5698,18.096556,25.819122,-4.6913075,35.906143,-46.947247,-41.96971,-2.2177246,0.28916457
10.401516,688.10535,490.63794,4690.9873,301.57306,8.250957,743.70953,-55.163445,-4.6910667,-3.2581522,35.904316,-3.2008293,29.690205,0.5682289,-30.230392,-24.031431,-42.90336,1.4929937,-28.637323,266.60526,-220.54544,44.28526,51.66728,-24.025263,-1074.327,-1105.9362,-43.009476,-793.32007,-15.996994,-3942.3274,69.00611,-700.9521,-899.5576,364.23083,73.96144,11.441679,12.837091,28.360968,17.216753,0.080646664,43.95495,1.8562729,-16.820744,-5.350976,-1.1257519
-9.837737,-224.9581,522.9747,6998.276,-1660.9639,-2.4978423,1076.6904,335.8336,-6.356179,-7.2604437,118.713,-8.501324,146.59683,0.16602315,63.73299,66.68607,23.943035,132.16878,-63.456486,568.4017,262.13507,409.47455,264.49774,-65.6964,11459.007,848.23627,313.66293,1468.5393,245.59453,7470.1333,129.60776,1223.455,3129.0562,549.13934,-47.246876,5.6154957,-10.129485,-15.380592,59.005573,1.6879023,57.35354,-25.644457,126.27324,-2.9538388,1.2411437
-16.92327,132.0972,566.64624,-4342.2354,214.27853,-4.5849843,-110.13004,-73.85443,-6.4493194,-80.38514,15.294324,-3.567102,21.32752,0.41381472,18.245932,32.563023,24.827614,-21.710184,32.166664,-99.53832,-382.38937,-799.9788,-325.28317,38.466183,-3507.3306,-1480.1199,88.95361,-1303.6917,132.72627,-5570.7573,353.44037,-1862.0598,-2230.9585,-371.41583,79.76262,3.2934978,12.322769,32.689716,110.448944,-1.8033893,57.375847,3.95177,-12.76179,20.528162,0.2911339
29.12572,784.83234,511.22,6015.2217,368.23267,6.621922,-160.4003,-101.751434,-6.1537113,-2.101341,-135.1607,-5.03372,-89.56163,-0.22268943,24.1848,64.10688,-12.137413,-45.702564,-24.992033,-135.16939,364.3842,-635.2675,-352.3803,-35.751156,5926.263,548.53674,-136.33423,265.33072,-96.4087,1178.3419,21.595003,-163.8562,-341.68137,-635.0916,-27.316957,10.397837,16.797585,-9.454537,-25.516294,0.60296094,-33.4937,6.7888403,-14.303293,-3.605219,-0.5968905
-3.4948354,162.54747,471.32642,5031.772,334.60162,17.348196,852.86066,456.81232,-4.6635165,-4.224533,52.4387,-3.2880435,49.951366,0.7716384,24.729364,5.728756,55.224525,-2.720159,112.23748,734.2782,-274.39014,457.67227,-7.753439,-23.341494,-1664.38,67.501854,135.82413,-489.56677,7.6013613,-2040.6409,204.12059,-235.26378,-547.40314,405.16565,89.9447,8.245013,-62.38519,-12.135829,13.961912,0.80307776,42.426083,-17.45759,100.134796,-3.2398906,1.2411437
99.96827,-1434.7368,523.6395,7625.4585,347.46756,23.859087,-194.60808,-122.66947,-13.134954,-5.7949815,-86.15089,-6.4583473,5.0415235,2.4725244,-63.55947,102.874626,6.287816,-38.279263,3.9020443,407.44708,94.49617,1961.4128,81.67758,-9.724782,12547.683,1454.1669,341.25928,1369.828,38.21943,10402.257,117.75538,2122.1072,5414.1523,829.46686,-80.08257,1.7323657,17.704865,-18.220818,13.490676,5.0407724,37.155125,-4.674122,-9.452662,-13.207362,-1.1257519
0.39722654,43.4602,616.52936,-4231.638,-859.1646,-11.059287,-104.372925,-49.65054,-7.5998006,-13.740906,14.411358,-2.254063,-73.938446,0.50199974,17.829845,48.248383,-11.2853155,15.046612,-23.874609,-12.573799,-307.8675,-574.9566,-35.101593,-36.94263,-2678.2332,-1195.9633,241.51012,-1071.0872,115.741165,-4588.4736,383.14944,-798.04956,-1637.1158,-360.94528,-83.22008,4.874337,-1.5018578,-5.2536397,-65.32278,-1.7968067,-72.70825,2.412443,-4.003941,-5.286526,-0.38091052
-13.424514,-612.0769,-1231.9172,-6640.632,243.98235,7.3659515,-155.48273,-143.86436,-4.9311466,-4.2548623,-128.48772,-1.7055616,127.56902,-0.102333635,-14.772166,-20.880733,-36.2994,1.514254,-9.157516,-275.21652,674.92755,140.04573,389.0706,-71.445114,1189.1794,592.93463,106.07779,1149.3765,237.39828,4971.7505,325.15387,460.23788,2025.9053,-890.19476,153.35939,3.4997528,1.2864785,21.409658,38.42566,-3.2773578,38.049202,-1.3930036,2.9914134,-7.821477,-0.43034887
21.908905,99.059395,-824.9032,4697.5293,317.94385,806.49243,862.1799,485.78058,-71.913826,-4.5900416,-29.372522,-7.3579693,-123.02148,-4.4127293,-86.18998,-39.66016,-41.180267,-19.229702,-72.22044,886.7986,194.30841,-182.8421,386.37347,-57.58899,4931.7607,888.4534,-304.16693,1114.3999,-194.36644,4936.7124,-158.21887,4.390208,1451.833,516.75464,71.19072,-646.1098,7.19634,-17.10639,-25.690845,-1.1461667,-33.550823,-21.80094,-49.451317,-4.8523397,-0.97057134
2.746456,299.55902,-2409.2546,-7251.6646,-903.29974,-13.813845,-136.2917,-200.52002,-6.8882904,-5.7350698,-67.62588,-3.9372845,18.561804,1.0473987,-5.933749,73.62036,-36.533463,-59.686176,-27.25711,28.030296,716.0557,-450.8684,280.56482,4.113688,4950.3413,757.9679,232.65482,1056.2587,253.36014,4984.745,283.94043,1091.474,2015.1128,-943.8185,267.24472,-1.198384,-19.106594,20.825274,76.03525,-2.6760595,40.388367,16.36582,18.59318,-20.079115,-0.43034887
1.3312157,-679.83734,-1082.2255,-6133.576,192.84724,4.947356,-95.28923,-160.20354,-3.7889624,-3.7039392,-49.27921,-3.8212495,3.9112544,0.6448134,-19.727547,45.225513,0.9740575,1.4075036,27.677244,-118.84759,-2.296598,194.3029,135.90297,-44.992817,-1955.1038,338.52194,-96.250885,155.99825,-36.50496,426.6112,27.783302,318.1114,25.03667,-831.5636,144.50037,3.6469774,26.192526,-5.684985,57.8335,-1.0588351,41.87137,-12.9703045,-5.2875447,-8.51452,0.28916457
10.751946,-322.4894,414.48343,6419.0723,329.1479,24.315258,-182.36263,-87.546875,-6.333736,-2.7025154,2.706238,-11.01104,-61.122997,1.2476761,9.895639,95.72716,-44.575085,-0.23414886,-23.48123,932.31726,139.70688,-203.03194,463.42514,-76.20946,4937.753,1574.7222,11.752452,1289.8018,17.381193,5397.0864,166.58469,715.049,1852.5103,1016.01447,82.69819,7.662305,10.604891,-13.887677,28.516973,1.4757824,33.75461,-0.40532243,-13.155335,-2.6884203,-1.1257519
-4.6885066,-610.6678,-1031.3142,-4984.9736,217.53242,7.218493,-82.360725,-108.16492,-6.314958,-5.1634727,-64.78274,-4.67073,63.34821,-0.43962342,26.337229,16.095419,-9.143175,-29.272276,19.477806,-219.09232,-254.0611,-22.417486,-15.090786,-3.2129319,-2085.9548,-550.1455,340.94836,-684.6254,110.3656,-3563.3877,425.25406,-106.91531,-1166.5148,-688.25916,117.13554,4.306996,4.9549594,13.893065,65.22748,-2.28514,40.13001,-3.751556,11.279609,-9.206013,-0.43034887
-128.29366,-300.58005,-1959.8981,-6963.451,135.83702,1.7914945,-217.73975,-224.8014,-14.124998,-8.60428,-18.599829,-0.11876194,-68.933304,-35.04383,-46.56872,-175.8012,28.667458,23.00152,-19.304255,-524.6301,1723.6111,326.908,552.02515,64.35531,7628.1606,1327.371,238.82542,1037.7883,366.11304,7963.922,419.34778,2127.256,6842.7495,-639.95026,-197.57315,-34.543823,-12.926562,-12.771627,43.807995,-25.204243,39.470615,2.8549523,2.829503,-13.277672,-0.38091052
-5.7858315,-578.2061,-1088.2249,-4863.772,225.22264,4.603198,-60.86163,-157.42897,-6.3963423,-5.33511,-59.505035,-2.3194208,-12.986555,0.13501418,17.385487,27.026514,8.525843,-14.734076,-33.07138,-127.50035,-167.88965,59.838417,12.302193,-10.533204,-2713.6858,-741.8228,308.19516,-675.46716,31.36134,-3805.4937,410.74158,-346.73624,-1327.3909,-731.17865,174.70901,3.1582541,-40.70771,-4.634028,-31.383678,-1.8082428,-38.10473,-35.13109,0.45059648,-11.024573,0.28916457
117.26072,673.858,881.38226,-7429.0405,267.8003,39.39715,-262.69394,-138.58316,-18.513853,-10.237605,24.725626,-6.2579703,-29.257362,-54.536724,125.91693,208.42104,83.542755,72.67017,35.14694,-574.4167,2786.8057,1574.5631,634.4254,29.480833,12236.758,2952.4414,9.833559,2219.283,207.20047,11760.918,461.62985,2924.9531,8546.193,-631.3567,-58.912193,-12.970965,13.384618,-10.277908,91.23024,-46.476727,58.761425,7.82225,-26.722017,-2.460235,-0.38091052
-4.2032223,186.73878,683.2155,-5017.528,282.53598,-4.7830114,-135.78766,-78.324295,-6.589294,-2.7263625,16.995932,-2.2437766,-75.04811,0.3480544,-33.149746,29.527601,-10.404039,15.983174,-36.398373,-215.79895,19.808159,-320.89154,4.0933566,-31.369652,-1459.2362,134.38579,195.13203,222.52803,-11.173114,1060.879,312.2283,413.1087,143.23521,-601.7283,-65.77192,3.8670104,6.8733044,-6.439037,-20.847855,-2.3872297,-36.104576,3.5703883,-7.990584,-2.9711885,-0.38091052
-20.417702,73.1657,629.831,-6053.1274,253.59192,-3.753554,-129.35596,-156.7714,-2.8791773,-3.4052327,86.57601,1.5324824,-40.41563,1.3614748,-35.66424,13.120663,8.191829,-35.715725,58.83586,-190.88068,91.47574,-569.3748,-220.70206,-44.003296,-2292.996,165.23744,-87.590324,390.48624,27.767754,759.13983,-191.69424,412.2615,153.59393,-707.45624,-74.517105,4.398219,7.5644383,-36.895283,-37.812645,-3.0076275,-37.64419,-36.01608,-26.1911,-2.2083073,0.28916457
-9.355093,272.3738,706.62964,-6044.7183,278.03455,-0.31268278,-156.06978,-78.76748,-4.846686,-4.0956964,-4.7589726,-4.2277017,89.86839,-0.23770313,16.87873,68.02959,0.29325402,17.938347,-16.086056,97.19795,549.4202,-226.32597,13.405025,-64.37242,-1422.8524,598.4994,51.24756,1105.0068,204.89166,5842.0957,186.96327,604.93225,2224.376,-788.01465,-51.69674,4.1279125,-1.2986398,-52.67328,30.196854,-2.3398354,31.85034,1.330563,-9.718679,-2.7130668,-0.38091052
2.0249822,406.7896,-1893.2968,-5441.231,-959.2055,-12.681906,-99.52668,-171.18903,-5.9368043,-4.8271556,-15.142608,-4.98536,-58.47307,0.33031508,16.636131,63.77139,-10.068245,50.40202,85.85874,160.85313,168.14842,-557.4958,-54.66671,-60.81905,1243.9615,3.4714127,280.2857,47.75037,100.07679,419.00308,568.829,-226.5349,-105.37356,-805.06415,-200.0611,4.79001,-10.079425,-5.071844,-60.284855,-3.1520407,-45.83403,6.052251,11.5363655,-22.527822,-0.43034887
-8.309642,1303.4441,605.2474,7912.3276,403.82443,7.564501,-129.3126,-85.58592,-6.04071,-3.0698256,-115.19006,-2.4407387,148.28429,1.3945338,18.172361,-183.14113,-3.2478414,13.927595,0.81654483,1051.2089,879.7771,-437.14142,-329.92593,-30.103756,5802.0356,1032.6498,527.9164,1102.8091,218.2983,5420.234,106.4874,1257.7921,2582.334,-843.59814,-70.88377,3.1943386,5.1305494,-14.549098,-27.222628,2.2242885,29.7564,-8.645552,19.784437,-5.624661,0.4557062
58.89144,138.00299,460.0114,5214.8257,347.3699,13.985662,791.9951,187.31573,-9.770256,-3.8000367,58.78695,-3.991869,-15.550268,0.95414954,-26.978695,111.87983,-18.533186,-13.319889,-67.39022,570.2959,-57.53718,63.69233,60.17556,-30.979252,-191.62303,1216.5609,-179.55396,535.3824,-85.79117,1294.5585,135.06386,167.71388,-8.980824,596.97125,39.65516,7.632564,8.057189,48.85195,7.9542174,-0.9676815,37.355198,-12.971946,-39.392338,-2.5645247,-0.97057134
-3.1754174,-392.45346,-1434.4277,5253.7554,1427.9833,-3614.088,-115.928024,599.71265,-10.726149,-3.8406694,-37.137047,-14.766298,23.203943,0.7959838,-17.94091,50.313335,19.468998,-10.351195,-33.914696,430.7782,130.25783,-350.31924,48.589775,-104.92049,4354.1553,995.18176,-229.3399,271.0884,-157.28632,534.81555,-92.82096,-432.43192,-134.00037,-38.1805,128.41293,11.157936,81.27743,-18.910559,-86.1373,-0.7447288,-58.25608,-9.779992,23.783272,-4.1953073,1.2411437
-12.8303995,-214.29059,405.08932,4321.59,251.0934,9.421227,-138.05429,-63.359695,-6.6306877,-4.8961234,18.180513,-2.7442942,18.524197,0.49496844,-13.163701,61.755707,46.276356,0.20742297,38.189373,441.55127,-279.62057,201.32011,-64.65913,-14.696499,-2200.693,-1313.9231,-93.44035,-829.7668,-98.008026,-3953.892,66.3756,-660.3441,-1105.2263,587.3649,84.119194,10.033419,-89.92859,-15.683077,18.443754,0.8132094,29.46815,0.8719533,37.815884,-3.3137105,1.4168137
5.912624,91.25335,-1501.6775,3260.8015,279.67343,-2.8644269,412.4493,-109.129555,-5.8629413,-16.603281,64.08277,-2.8425205,-34.556583,0.23932616,17.91111,90.79412,-1.1829787,-12.988183,-0.34865385,167.29207,-269.99094,50.851456,-9.983716,-82.862366,-2020.3732,-2469.1494,33.19832,-1214.4031,8.185135,-5282.901,56.11723,-1189.2595,-1804.3373,462.39423,-138.08008,7.321847,9.142311,-9.462253,-36.466747,0.2971567,-43.462376,-1.8879157,71.02952,-4.3141294,1.4168137
11.889443,-825.12213,338.8658,4145.09,169.57776,8.831269,-121.41321,-71.38595,-7.8714604,-14.78839,-109.51662,-3.1672668,-9.08998,-0.3754354,13.155524,36.618065,-37.300194,-0.084876545,-24.867542,261.35007,-313.96335,39.54246,-413.99295,-11.70704,-2576.1162,-2004.3381,-214.05183,-1221.4692,-156.19785,-4411.7207,47.740208,-765.3557,-1344.149,491.42892,28.686789,10.536771,-59.04859,-10.648892,-9.377266,0.99636,-26.284119,-0.35840878,-9.0888195,-6.3080854,-1.1257519
-9.637061,-814.7915,336.48068,4036.2175,199.94473,8.7087,-116.28301,-50.36022,-5.493431,-14.587831,-100.04565,-4.9810724,74.663,0.28352547,-22.543583,27.007181,33.849567,-15.323221,10.032817,376.5875,-351.3671,-35.197598,-398.94882,22.470085,-2319.7495,-1985.9418,-270.87634,-1207.1902,-112.18243,-4585.0967,70.47783,-763.72455,-1511.3268,493.09558,42.403877,11.542445,4.6781545,23.56984,-10.3058605,0.7369412,-28.715012,-3.7109,25.869179,-6.449889,1.4168137
-2.7619705,-608.26514,415.58264,5484.3794,-1184.8971,-0.05969602,-154.98267,-43.81226,-6.3233113,-4.9916415,36.82679,-10.062433,-35.231796,0.2776688,14.237471,40.807423,-21.5586,2.2190418,-25.32802,659.27277,145.79147,481.408,561.588,-157.08827,-1341.4874,934.5959,-71.97155,1380.6512,-214.18607,5172.211,-24.46801,132.23851,448.75455,918.8965,103.09659,11.531787,-23.151033,50.74756,28.74736,1.509427,58.853634,-2.4372122,-10.130698,-7.1936936,-1.1257519
-16.948668,615.52496,-1489.0513,-6090.643,223.79845,10.341092,-82.683304,-157.23505,-3.6103725,-3.4798057,-22.227806,-1.28058,-99.03882,0.8294907,27.351322,81.362206,7.3024745,-19.736452,35.70914,-49.07724,16.763512,-683.34186,316.2701,-57.762093,-1094.7223,557.1724,-15.088941,368.59375,59.491657,1434.8463,-160.15034,396.22852,244.17326,-854.24506,230.76678,1.594252,15.305003,-7.8913784,40.94758,-2.1050487,25.325087,1.5127481,-5.351227,192.04677,0.4557062
-1.580012,144.69774,486.23764,5973.1157,424.02325,23.11039,896.263,394.07178,-5.9447665,-3.4958584,109.33548,-4.3695993,55.62938,0.933601,-45.70647,-266.1082,58.81077,-20.421345,148.13629,525.4494,-102.42336,-77.8542,546.7317,-32.425396,4527.928,1184.9591,223.3116,344.8102,184.94638,829.1172,135.6361,-338.66815,-88.357666,650.5671,100.87737,8.237519,6.833268,28.434381,26.978779,-0.36439097,46.209362,-18.186045,133.71892,-3.26069,1.2411437
7.7016873,323.74988,634.6367,-6162.551,198.88647,-0.906652,-175.31349,-81.22653,-7.970725,-3.3044639,-5.2776327,-1.0674927,41.727184,-0.27472356,14.45596,-118.543564,-15.723038,24.795732,-32.724747,-152.94846,614.669,-350.4685,-1.0227448,-95.87425,-2243.1406,468.98886,84.57135,1177.6511,29.646357,4467.4717,-142.83318,418.00266,454.4052,-796.25885,83.54191,4.851278,5.5876856,147.39035,24.851696,-2.3131175,29.363438,6.3486776,-8.696162,-2.0242362,-0.38091052
-68.79934,-480.76645,-1523.4109,6916.978,-1358.1146,-3264.1665,-151.69554,675.8671,-4.983703,-7.2570477,13.413556,-19.380148,235.08607,2.2781768,51.28957,47.317493,12.791579,40.00172,-0.18236265,1076.2865,109.38265,273.8022,629.13,-212.20525,4926.8345,1036.0521,277.88666,1192.2711,267.6591,4065.6155,64.549034,116.11782,210.8939,303.6854,-139.22836,7.125407,-16.990072,-16.467812,-38.65676,-0.32631868,-44.4789,-38.693413,21.498337,-1.874742,1.2411437
-8.724281,-300.81982,738.05,-8573.25,412.00244,-15.191466,-344.0691,-113.54242,-14.637973,-3.0362952,-24.416296,-4.7779703,231.85396,-0.25711918,9.315021,104.24819,8.175938,6.8450975,-29.797445,398.15372,391.8425,-1703.7345,-343.1486,11.052279,12587.675,-1057.2422,8.125369,262.6441,266.93088,5827.7793,19.005795,-449.2096,1389.6757,-691.10406,7.6377254,-3.718899,-2.2912765,157.70844,64.595375,-1.7551111,34.22881,13.1262865,-9.521812,-2.9080842,-0.38091052
1.8926005,-699.77155,372.98563,3969.266,197.0783,5.628604,-115.42384,-66.37288,-7.911855,-14.819251,-97.72037,-0.54310316,-13.274667,0.28541958,18.110294,-132.51218,-25.38515,3.7135417,-27.469757,30.454071,-511.28757,-450.70456,-550.0078,-2.577967,-3081.2578,-2958.624,-324.2978,-1492.2826,-158.89444,-5830.793,32.914352,-1385.3888,-2255.3647,482.2489,-32.010468,11.721276,9.622605,-8.130223,-4.135026,0.27105176,-18.889214,0.6844439,-9.901987,-5.9960856,-1.1257519
-11.058993,402.56024,645.64923,-5843.823,260.1101,-6.190974,-131.78554,-59.864574,-5.960989,-3.0538898,62.2112,-3.6892133,144.29935,0.38761577,27.67286,29.576199,3.773751,20.140997,-13.258853,-54.33887,189.18947,-496.5192,31.07088,8.979782,-1566.7435,355.9494,-101.82822,256.6148,19.484896,1012.4107,-99.995514,516.72156,285.46967,-756.9734,-12.529695,2.9781644,3.1268313,-3.417277,-9.737348,-2.6506734,-43.507927,2.4075928,-18.318571,-2.0676901,-0.38091052
-38.130383,528.56506,832.19794,-7332.1836,206.76779,-1.2483598,-173.38179,-123.60276,-3.7263653,-3.4779902,1.0145079,-3.4457345,-155.96754,1.1225039,-7.446788,126.28654,-12.588568,10.194434,-25.670612,461.49945,1281.9298,-293.62164,-8.950164,-81.97071,3081.5378,839.27954,-137.5453,1281.9508,-118.7731,5255.3345,-46.5821,1515.5013,1819.5876,-788.0592,72.965965,2.1303728,8.455181,-7.2782173,-35.063198,-2.1139872,-40.583755,4.8674555,-15.815898,-2.9646356,-0.38091052
12.435627,449.00937,642.24133,-5549.858,-651.2877,-11.193313,-117.12532,-48.27057,-7.907602,-3.543085,72.329735,-1.267879,-12.131323,0.46489477,19.47967,26.547054,-12.580008,18.109854,-28.416592,150.86066,140.3049,-384.79257,-3.1258922,22.108803,-2017.6306,136.21704,-96.92278,114.72613,-10.505213,-1.8842173,179.70818,234.62321,-219.89388,-639.2248,95.57265,5.12272,2.7786741,14.004365,87.53918,-0.60666096,78.68273,2.8912063,-8.373102,-1.3319966,-0.38091052
-13.4433,135.51251,-1640.8617,2921.35,241.86362,-2.6122756,276.48184,-116.92909,-8.235915,-17.309439,18.479717,-2.767387,-48.461437,1.0646093,27.808022,37.056217,-9.767608,3.4673977,-11.775829,-7.5524244,194.0622,-1081.3589,-407.46762,-131.91032,-3118.4927,-3866.6658,-113.897514,-1956.8682,-146.57689,-7087.9336,43.50072,-1667.724,-3244.5857,377.11472,-131.2818,6.0757093,2.0366936,-11.256916,-26.294783,-0.67545795,-44.080814,-2.342492,-26.737116,-4.555072,-0.9803748
5.1214733,24.29468,764.363,-6376.345,-855.35583,-5.9984508,-164.3697,-64.86541,-4.7626576,-4.943447,28.869658,-4.4334917,-26.584547,0.45927182,-28.236,44.46338,2.7942145,-28.84361,-9.378086,272.83905,572.5732,80.92294,86.36089,57.422516,-1397.7655,727.7508,128.29254,1214.5406,-37.14673,5924.957,113.233,804.4104,2313.347,-871.542,-97.68526,6.0996675,-15.976495,-12.708049,-57.22632,-2.150358,-39.25751,2.3604267,19.133013,-3.8546193,0.4557062
-22.420946,-51.747833,530.03076,6414.0537,377.00778,21.495487,-175.64384,-98.09786,-8.493478,-2.9496143,15.701032,-10.786517,-109.98206,-1.172963,-23.095089,90.95275,-33.235764,-4.1716948,-20.910475,947.59686,-60.647514,-209.36028,536.411,-39.957092,4998.6895,1157.4137,209.56027,1138.1366,16.544275,5141.986,31.276052,353.72058,1512.5616,964.74884,-65.87137,12.734298,3.7737455,-23.573288,-30.273052,1.3187835,-32.97415,3.0472825,-15.698489,-2.7208595,-1.1257519
-9.919028,-41.009808,478.27814,4383.7827,-1081.2112,6.063081,770.62085,251.70384,-7.1714,-7.027408,-0.66228735,-2.6222963,-15.333489,1.2907141,20.074337,93.56119,31.180393,-11.913041,111.1308,445.51907,-375.46512,28.617125,-186.08624,5.076498,-1492.7975,-1548.634,-54.423725,-971.52594,-252.42804,-4246.4814,21.207829,-669.84216,-1145.3179,236.82541,136.352,10.754217,-1.9339861,36.02703,25.178534,0.8220295,53.90406,-31.572063,-29.724756,40.063606,1.2411437
73.880516,-367.69077,-1508.4728,6922.0747,-1424.098,-3292.232,-192.75618,640.3885,-7.8489122,-6.710366,-23.079872,-15.204731,217.52641,-0.40624818,1.4116129,74.720436,12.891187,40.85277,6.7400165,1136.2059,90.751045,191.78316,1046.2053,-208.39941,5267.871,1019.6328,468.24014,1102.8353,294.1595,4884.391,23.60257,130.58282,477.05115,382.09198,-159.05083,5.0600486,-17.525108,-20.926323,-35.006264,-0.4264105,-43.542873,-36.47217,-7.768897,5.9252467,1.2411437
0.04546894,407.59793,616.9388,-4179.5747,271.381,-4.18682,-113.252785,-83.16902,-4.7114863,-4.785454,28.671246,0.143677,-178.47804,0.6881369,-20.03333,-13.290972,-5.7600145,10.736231,-27.447916,-266.8505,-250.93504,-235.381,-229.9542,-23.642353,-2324.1792,-930.79736,402.7844,-889.7374,132.32286,-3951.061,478.89886,-330.5194,-1327.1184,-589.8517,-58.566364,5.085676,10.088415,-4.8865256,-44.494644,-2.3660882,-37.70977,1.4190419,-4.8946805,-1.6236867,-0.38091052
-4.6095114,17.651922,628.7362,-5316.5713,-818.09845,-12.858099,-122.96486,-55.836052,-6.133758,-3.473157,77.51418,-3.7612178,52.19638,0.4454185,28.702997,24.32706,-10.168092,-1.9477363,12.53094,137.7614,45.233868,-297.12552,-197.81137,17.855413,-1918.9775,96.04754,159.64636,71.34347,-5.717337,44.681854,172.10179,243.93901,-393.09607,-667.9082,-67.920715,4.3690295,-3.2316957,-6.3837557,86.82968,-1.6601896,69.51245,0.7589066,18.106785,-6.149108,0.4557062
12.937775,118.883064,584.6127,-4308.564,229.38774,-1.8818763,-105.7388,-51.497112,-8.714864,-12.265616,27.462278,-2.011197,18.963936,-0.0064514587,13.567609,-144.1503,12.259758,12.748264,-21.522556,13.395372,-316.43854,-672.3293,-109.37686,25.846064,-2744.0156,-1162.5768,102.53519,-1098.0454,157.78384,-4465.1987,445.74927,-891.14075,-1712.2389,-361.1449,35.19826,5.097042,12.541828,27.334122,62.95061,-1.9630386,54.275585,2.4100668,-5.269784,-2.1605225,-0.23553342
1.0148807,312.78333,713.91895,-5795.7324,-560.33655,-7.2669883,-112.45034,-113.577194,-5.3253694,-4.9592943,55.35298,-1.4341692,-37.60836,-0.47250196,14.579327,39.11396,10.261336,-12.87183,26.731676,-9.203064,-45.88523,-653.7685,-94.84354,-36.356815,-2599.541,-348.74265,-19.416006,-828.85645,9.077479,-2953.0981,-127.14949,300.94952,-806.666,-507.25858,-82.102585,7.0398407,3.3579311,-5.1846533,86.78174,-0.56051445,79.00789,-21.044281,-11.471322,1.2739,0.28916457
-5.160123,465.88925,-2461.941,-7795.8984,265.67203,10.931658,-209.14813,-237.9807,-2.1621687,-8.835102,-152.71863,-3.1969206,-84.00966,-0.40232757,0.19152561,92.261955,-74.21906,-21.896097,-83.975,-350.39944,500.5388,-477.86795,583.93695,112.990425,5149.434,1023.9938,-222.90192,1217.4257,-212.2002,5598.888,-261.4284,1586.3583,3152.6985,-1053.9456,-286.5795,3.01442,1.3168881,-7.0310535,-44.72724,-7.4110575,-20.856962,7.2016373,3.5628328,-17.96628,0.4557062
13.321,207.09407,131.76643,-5465.828,222.8553,1173.8566,-178.73174,-193.73645,-30.364853,-3.9551952,38.634075,-7.445525,0.14238152,-13.75737,29.611166,-95.03116,-5.8883853,34.173786,-37.99117,-102.998726,953.7717,134.66638,93.1733,-46.59174,1416.0109,1039.7705,461.84546,1286.1028,72.98,5583.516,309.9726,942.8717,2794.7363,-498.97903,81.98566,-253.48222,-2.046899,-49.017437,-81.85048,-57.933834,20.443008,5.7474775,-7.498619,-3.9186392,-0.38091052
-0.47400296,-264.1611,-1332.6857,4209.1904,-1072.8655,-1639.9888,-97.62283,406.30066,-5.2013702,-15.209476,-34.161926,-14.632377,-6.3044405,-3.2636523,-14.328327,34.819042,14.830905,4.363333,27.544065,381.95804,178.35686,-457.53152,-310.7404,173.98863,-2059.637,-3090.4473,45.5333,-1413.4915,-83.64357,-5263.606,-5.3322935,-1299.8889,-2518.117,430.73944,-103.530334,10.946128,-3.3053606,-10.927083,-40.73048,0.8917194,-37.20479,-30.955723,24.513943,-4.5850863,1.2411437
3.678388,379.63684,714.8239,-4863.175,-797.15405,-4.6747637,-109.845375,-59.509995,-5.4223356,-5.054704,20.109516,-0.014982104,-102.324486,6.9098577,-30.900497,-25.280777,-9.760334,6.612121,-31.489164,-94.35947,-163.28604,-424.31094,-58.03786,-18.067379,-2188.5222,-486.9591,94.53979,-785.59235,63.91749,-3183.0234,401.40656,139.72052,-762.31903,-452.56705,-83.03439,7.388146,2.9569874,-4.450761,-62.918743,-2.6192384,-66.64301,0.8333909,-8.573771,-2.7252033,-0.38091052
-9.225792,-462.38632,-1407.7373,5928.471,-1277.0977,-3279.3345,-162.65602,690.77155,-5.3001294,-6.3563385,-29.51615,-18.735794,-89.36063,-0.6613755,-5.280003,49.461098,-18.797438,-20.571896,-4.4719715,943.39343,282.16714,-58.60217,520.4042,-115.570145,3165.21,931.19116,3.9047806,1127.3567,-158.47041,4586.3135,-4.617688,-154.91019,79.6984,210.82072,-153.26796,7.1032944,-18.0979,-36.98264,52.404377,0.5508789,52.55539,-44.95831,-4.9624515,-5.042538,-0.97057134
-14.521907,201.44768,588.18335,-5472.4346,206.45338,-2.0013108,-120.18773,-78.076126,-4.5687723,-4.705117,50.350506,-0.79440594,-49.576694,0.03984383,16.087484,38.158005,29.152313,-7.4668517,-10.38581,-30.480474,-84.0957,-774.8357,-259.74863,-16.306437,-2371.6965,-908.88196,-140.17818,-854.60016,-3.0314634,-3541.0657,-165.845,-219.28545,-1045.1001,-497.38892,78.54227,3.5858214,12.8294,8.53011,64.71424,-0.997217,54.78687,6.8494043,71.04652,-1.7310792,0.4557062
-7.967151,-156.68604,587.54126,4791.8403,1297.9672,8.041836,-130.1509,-74.48469,-5.872466,-2.1519196,45.911293,-3.8576717,-149.31439,0.6986703,10.961011,58.420742,-19.261269,-1.0724585,-36.35642,361.8561,43.391666,81.43407,24.157686,-102.39535,-1155.322,952.55505,-315.15363,295.47528,-170.1752,807.5744,35.57565,-5.872209,-231.11069,770.1062,-74.056206,9.850903,-10.31814,-10.525837,-61.72891,1.1327293,-64.95457,5.1976295,-10.443562,-3.2231915,-1.1257519
-36.00132,538.479,772.8834,-6913.445,260.7843,-5.905744,-169.91791,-124.01669,-7.4587035,-3.936327,68.87903,-0.3127799,-123.51588,1.4213135,-0.32123268,-235.59906,16.829857,15.759962,52.246536,368.61154,830.5579,-86.39388,73.01631,-33.122585,-962.6482,659.0775,-107.788666,1215.4119,-77.8798,6460.3135,-96.82437,946.5463,2411.9382,-774.8157,93.19121,0.6952027,-1.8329443,14.870402,29.51778,-2.3223383,44.149918,13.009239,44.183994,-2.297116,0.4557062
26.22477,-795.1243,409.8447,3958.189,266.89136,14.30876,-117.28594,-64.44509,-5.010521,-3.0279548,-119.34161,-5.0083613,61.880886,0.38874388,-19.77292,18.004063,2.6973932,54.79057,64.86504,494.7221,-297.09976,85.438095,-330.7154,42.514202,-2194.8752,-760.8104,-186.97287,-810.22675,-93.43838,-3199.384,-70.27728,-525.89264,-745.99994,493.12384,-2.4962263,11.068688,8.956421,-9.707833,-2.0047686,0.53933835,-24.298182,-2.6419964,30.081593,-10.066203,1.0717654
1.3598142,116.54106,655.4034,-5198.845,291.82172,-7.636084,-138.29051,-86.33821,-7.585275,-2.8314564,17.942085,-0.5764001,-46.98773,0.32085013,-19.091002,-272.5198,-12.519342,18.9227,-39.039665,-317.59967,62.99148,-219.47044,16.275734,0.6840911,-1238.0365,234.2294,-17.97683,262.61798,-11.965977,675.6255,403.75693,440.65942,105.34598,-664.5408,-66.52023,4.4356117,2.5332003,-4.675519,40.850677,-1.3108102,43.972538,5.932217,-3.5577862,-2.5910826,-0.38091052
-7.252272,-395.41785,-1139.1432,-4183.6626,-597.1794,-9.844217,-49.080654,-130.411,-10.81037,-81.435104,-34.110527,-0.94943774,-19.6493,-0.10655202,26.768219,-35.694614,16.585632,6.694652,-20.76661,-182.84344,-601.50055,-837.1335,-327.2841,-130.38843,-3418.5566,-1736.7542,182.89256,-1383.5751,142.47163,-6312.977,365.55084,-2425.3406,-2770.4124,-446.58994,-148.43396,4.407448,-2.326141,-6.647897,-64.07947,-1.8307217,-62.86142,0.2578704,-2.838177,-5.2995663,-0.23553342
-0.08398465,418.91135,889.34247,-6905.9185,266.86716,5.086799,-213.63948,-158.54182,-3.350136,-3.4943876,55.689438,-6.0999327,-57.22138,-1.2822256,1.2303936,104.46644,-51.051243,-48.191273,-83.891235,-157.60889,1014.0735,-206.8208,81.356834,-31.73121,4852.403,942.61566,101.98685,1258.6667,41.703995,6262.9004,-82.71051,1596.3533,3399.3877,-826.5124,-78.414345,5.7351155,2.4648035,-10.100194,-44.365124,-6.481429,-33.908096,7.20374,106.58796,-2.926404,0.4557062
-6.1664987,-612.5372,366.42618,4964.551,286.41922,18.225367,-129.50903,-74.035385,-5.57398,-2.376892,-92.18901,-3.9966862,-95.923416,0.24911943,12.151847,114.98487,-16.33702,0.46600416,-28.976265,580.57477,-262.95688,55.760582,-196.17061,-26.328457,-633.8372,259.4762,-59.12189,12.7882805,-93.53508,513.9094,-35.200153,-13.607851,-390.21558,669.04785,-28.645035,9.976768,-0.34145924,-12.839384,-4.9956603,1.4517671,-27.297253,-0.94571847,-8.883582,-7.30792,-1.1257519
17.670338,207.57417,652.51385,-5400.268,251.81136,-3.2066376,-115.84112,-76.78552,-6.4366775,-3.249149,47.53082,-1.0166487,3.6759372,0.39839637,-23.554247,44.028366,-27.76267,18.003492,-32.46277,-91.90258,-29.464264,-489.11435,-248.88278,-10.048185,-2196.1306,-244.21918,-102.99188,107.75111,-12.271881,-1144.0615,6.0444975,271.51862,-504.2929,-722.84564,63.546844,3.33985,10.015512,8.704928,-68.707596,-1.3278439,-41.842392,3.6367953,-25.639732,-2.3932517,-0.38091052
-3.858874,237.72186,590.8314,-5666.3955,233.77257,-5.538236,-122.12659,-54.535538,-5.9745917,-3.1313932,80.36746,-4.394711,43.009495,0.6216028,12.816182,50.733368,17.460964,-57.180973,-56.07511,-94.24193,102.75796,-407.10358,-239.11789,-5.626655,-1928.5518,142.10773,-125.68191,202.40042,1.1776347,367.31384,74.88536,421.74457,73.29777,-652.44116,58.669647,2.3935807,6.770538,13.391344,39.737083,-1.0906535,53.683777,2.3684244,72.8124,-2.2679393,0.4557062
-29.319944,1030.7606,585.0253,7323.323,420.03067,16.42445,1100.2357,-113.56424,-6.750297,-3.9647613,97.98004,-6.2048254,242.52663,-2.6223485,-2.7292798,139.23502,-1.8419502,-11.20271,36.36065,1010.45447,-189.04797,270.38895,1130.8969,-108.30252,6857.945,793.82947,645.14746,1055.1079,362.39227,5327.289,118.59644,-9.439726,1758.6632,762.64075,-49.066257,6.742613,13.3874655,-19.623627,21.28243,0.41218585,-39.640095,11.670167,-24.095427,-3.7280407,1.250272
-7.229184,-549.3236,-1022.6384,-4795.879,210.42787,7.0801744,-68.63312,-120.57671,-7.4697847,-5.3509045,-81.57066,-0.37406266,2.9903784,-0.09612541,20.18437,-185.97208,-6.6075535,17.554382,-19.875828,-132.59323,-233.09152,-39.72048,-156.99188,27.98979,-2174.717,-954.4951,142.0804,-870.19116,29.009392,-4143.7437,339.37753,-597.82007,-1571.0613,-676.94257,127.303535,3.0899754,5.1924214,2.1799705,-43.053497,-1.9446836,-32.81793,4.8252463,0.33714524,-7.5221343,-0.38091052
10.98157,433.30475,658.8812,-6112.061,259.3438,-13.825033,-138.19695,-85.26376,-4.573281,-2.9331071,73.51887,-2.0789073,-61.75787,0.32566747,8.9915695,95.40243,9.475428,-30.422926,11.523344,194.12439,68.82194,-474.6861,-139.12251,-60.610897,1335.4592,-62.771008,-98.397064,85.08141,12.264116,-268.16364,80.967064,-228.4371,-439.00775,-695.07684,-64.64238,2.7772775,2.0805933,-6.508996,69.97362,-1.7929748,53.97203,3.2943463,23.197147,-1.4201362,0.4557062
0.72105527,415.21494,902.8745,-6986.0366,234.64604,14.353355,-240.99875,-192.98613,-0.90935004,-3.7524233,33.05315,-5.7662616,6.582291,29.743149,19.504436,12.591942,-46.753223,64.88932,98.92498,-164.90337,1552.4509,-170.52107,84.399864,-29.016819,6110.567,1029.6849,-101.55161,1250.4077,10.839293,7330.362,23.693209,2294.701,4681.5273,-588.2897,-82.1039,-17.405092,4.6143107,-10.20823,40.61985,-6.746891,44.836376,4.509789,138.71649,-4.3215766,0.4557062
-21.05808,987.8196,477.89987,4846.2515,306.70132,7.261906,-102.481575,-73.198,-4.9105134,-3.0460222,-118.83865,-2.6481118,1.2350361,0.33264104,14.5859,66.651146,23.366697,-14.688993,38.90422,103.93907,-186.16154,-507.22403,-343.0059,3.4066625,-1961.2631,-1389.9178,194.12524,-890.1305,-125.461174,-3951.952,-0.79183775,-584.3591,-968.9008,-223.38916,-65.90362,6.2745385,5.6728325,-9.716046,-5.7461753,1.2404295,-27.993792,-9.910772,25.847198,-3.8227363,0.4557062
-5.9359436,475.2854,822.94916,-7606.6924,229.90746,9.950049,-222.92816,-121.0445,-2.037072,-3.752676,33.61903,-6.0491557,-13.358978,-0.57852113,-24.033478,98.63661,-62.46363,-59.559097,17.469042,-91.234184,1236.5338,50.322407,74.053535,-21.604301,1526.9067,1139.0149,-137.58699,1744.3274,2.960514,7181.0483,-252.35338,2277.2634,4829.6797,-670.4699,91.92917,-10.029637,4.298916,18.94107,38.219208,-5.664148,39.20805,6.3212895,110.22858,-3.4026124,0.4557062
31.200886,44.2434,593.5402,-4723.474,263.54648,-5.2984934,-102.85922,-72.28616,-6.030805,-4.735769,19.160185,-2.2738867,57.938366,0.39329505,20.450916,34.80722,8.086481,-29.503178,42.991436,-135.48817,-245.81293,-586.30896,-135.70909,-32.4515,-2592.0522,-889.2056,-5.680015,-887.6443,-6.342248,-4073.561,375.35123,-362.90836,-1410.043,-373.39124,-61.60807,4.1414304,9.691286,-6.6946244,75.10359,-1.4915447,42.91899,2.4063423,-8.8647995,23.979652,0.4557062
2.108601,-49.177635,382.92526,4337.1045,273.7743,8.924259,-115.9843,-34.370277,-10.301853,-2.6954806,-7.052436,-1.9472637,123.02907,0.2688987,9.071447,-187.3426,-27.921482,0.8671199,-24.948496,285.4173,-277.77478,185.09682,-99.91285,-10.27839,-1787.5891,-1269.9912,-250.69576,-865.03485,-91.65462,-3901.8083,16.953484,-660.219,-1076.637,533.00604,58.774853,11.0897,12.635442,35.735844,-9.237132,0.13190901,-19.857855,0.38701302,-15.27019,-3.0243285,-1.1257519
-10.476461,892.4527,477.93362,4205.513,275.52512,8.365017,-114.8919,-66.10689,-4.6505527,-3.567561,-106.81869,-2.1380787,-45.546185,1.6904113,7.5356894,54.224113,-4.8163347,43.855076,63.764275,-450.7434,-86.225525,-433.49365,-317.23666,9.230447,-2396.0596,-1080.3159,-162.70464,-876.75055,-194.65245,-3066.45,141.76828,-398.8607,-568.35284,-289.0068,-25.846987,6.261192,13.183297,-9.438825,0.7923915,0.53525025,-25.41412,-6.288194,30.724545,-5.474601,-0.43034887
24.574263,286.41092,628.7573,-5414.778,225.96333,-4.624114,-96.89615,-50.284992,-5.5804706,-4.734742,52.840645,-1.3606123,57.89461,0.48250967,11.829117,46.35637,-1.5588083,-45.37136,-53.69602,-121.135025,-118.62167,-671.9448,-135.89119,-31.101315,-2687.2285,-778.2199,-190.63548,-827.13086,-13.361472,-3493.7205,61.846542,-238.15857,-1091.3572,-456.76712,-47.380608,3.5459173,10.753256,-4.476343,-62.844727,-0.9528545,-43.484825,3.2273037,13.418489,-1.4820532,0.4557062
-9.351723,833.3783,444.15866,3895.353,284.27203,5.2478943,-104.97399,-35.60164,-8.89504,-14.87126,-60.14919,-0.37051556,-101.54768,0.2767217,-33.749798,-219.91104,-26.810484,9.035876,-25.851551,-144.53137,-450.18234,-650.2918,-541.02997,8.188339,-3018.3333,-3321.5334,-339.58182,-1559.6179,-291.0331,-6079.5796,69.49981,-1457.9734,-2561.4912,-228.04822,-60.858044,6.132279,6.226912,-8.197234,1.7533607,-0.5193295,-17.940525,-7.655736,-9.469917,-3.8107886,-0.23553342
-10.527776,377.8637,617.36066,-4972.887,256.15363,-5.6534414,-100.64812,-64.52426,-6.0094075,-4.7086487,48.339554,0.9405483,4.992191,0.3889439,-14.093274,4.5478716,9.853453,-24.48869,13.415813,-176.15787,-207.26201,-738.3181,-129.54646,-85.3126,-2597.656,-981.9086,-100.163734,-1043.587,-35.377235,-4190.904,353.41956,-489.44586,-1450.5509,-380.13095,-66.14411,3.9927297,11.130489,-6.725304,82.73525,-2.0573387,42.08586,4.6266813,23.758566,1.4553661,0.2911339
-14.833878,345.51675,-2316.752,-6332.2036,-968.10333,-19.392939,-124.04121,-204.14438,-9.997987,-5.9952283,-89.394554,-1.7689722,-80.17056,-0.5302559,23.428896,-91.35429,-24.876461,9.757058,105.94932,234.7936,548.8051,-404.02872,165.7188,-47.43786,4032.4316,483.46347,254.75894,784.7261,88.17738,4228.655,595.14996,-124.607216,-264.77274,-894.8714,-246.65964,-1.2059499,-16.800987,-8.230339,-82.85984,-15.678194,-37.870556,7.808781,9.076557,-25.057611,-0.43034887
-7.122674,67.7579,461.24042,5603.135,376.7702,20.485395,781.868,354.04254,-6.2399144,-3.4430013,-27.257202,-3.1858313,29.070208,1.0632808,-13.0451765,-277.19348,-38.97957,-2.0029004,-53.925343,509.18198,-217.51817,-260.90173,476.79132,-19.459902,3318.9978,575.71063,51.374588,200.59639,126.08946,334.75253,140.40013,-738.9647,-342.7697,571.1591,70.95363,7.2080426,-36.55247,-8.330914,-25.32532,0.005339097,-33.61127,-13.738105,-39.444218,-3.4203706,-0.97057134
-17.671814,841.41455,353.5415,-5854.636,217.13629,1415.0781,-159.2659,-54.012444,-6.9566917,-3.7597413,44.60065,-4.441147,142.74713,-13.776173,-17.367115,-64.108406,11.303934,14.995979,-21.066463,-16.647898,1062.5057,-27.515488,227.40073,58.91179,1329.3839,569.7476,2.855437,1139.261,190.55174,5064.9355,399.48984,711.5758,1970.1887,-604.7683,-34.69805,17.639723,-9.116125,-10.785323,70.33706,-30.599628,-4.909614,1.5315623,-12.448799,-1.899543,-0.38091052
8.142791,-100.79872,625.1197,-7244.3906,354.1997,-19.125177,-172.32169,-68.32208,-10.634766,-3.042324,24.247866,-4.2769656,104.76332,1.5820525,27.623367,22.28172,12.53967,17.697687,-30.954023,142.41603,-38.121933,-741.5077,-303.1768,-40.574345,6480.269,-645.03064,-43.569157,923.7094,102.22565,3497.7664,241.47813,-702.10785,-739.18677,-709.13214,24.68021,-1.0592029,4.310365,-0.27627483,-64.19517,-2.6062756,-45.190193,12.513327,-6.978116,-2.9969652,0.34165534
